payment_id,customer_id,amount_inr,payment_method,failure_type,hour_of_day,minutes_since_failure,retry_count,previous_payments,previous_successes,previous_success_rate,recovered
PAY_00001,CUST_2329,417.77,upi,checkout_abandoned,13,1031,2,5,2,0.4,0
PAY_00002,CUST_1521,1312.63,upi,insufficient_funds,16,1527,2,4,1,0.25,0
PAY_00003,CUST_1394,444.44,card,checkout_abandoned,17,1557,1,2,1,0.5,0
PAY_00004,CUST_1558,9216.71,card,checkout_abandoned,9,1021,2,4,2,0.5,0
PAY_00005,CUST_1934,2133.53,card,card_declined,4,793,0,2,1,0.5,0
PAY_00006,CUST_0581,1990.63,card,checkout_abandoned,13,977,0,7,3,0.429,0
PAY_00007,CUST_1111,2167.22,card,checkout_abandoned,21,1530,2,9,8,0.889,1
PAY_00008,CUST_2025,2919.47,wallet,checkout_abandoned,16,470,2,12,10,0.833,0
PAY_00009,CUST_1921,3936.57,card,card_declined,16,3,0,4,1,0.25,0
PAY_00010,CUST_1924,515.27,card,network_timeout,20,1538,2,1,0,0.0,0
PAY_00011,CUST_0999,5134.22,upi,insufficient_funds,16,1371,0,12,9,0.75,1
PAY_00012,CUST_1077,4876.59,upi,checkout_abandoned,11,247,2,10,8,0.8,1
PAY_00013,CUST_1488,1706.95,card,network_timeout,16,1298,2,4,4,1.0,0
PAY_00014,CUST_2143,1636.9,card,checkout_abandoned,16,806,1,14,13,0.929,0
PAY_00015,CUST_1673,150.41,wallet,insufficient_funds,10,1965,0,9,8,0.889,1
PAY_00016,CUST_0613,665.37,card,card_declined,6,1560,0,11,10,0.909,0
PAY_00017,CUST_0133,2726.08,upi,network_timeout,9,1038,1,5,2,0.4,0
PAY_00018,CUST_2120,4703.38,netbanking,card_declined,11,2118,2,6,4,0.667,0
PAY_00019,CUST_0252,3224.75,card,checkout_abandoned,16,1513,1,5,3,0.6,0
PAY_00020,CUST_1563,1694.21,upi,network_timeout,2,459,1,10,5,0.5,1
PAY_00021,CUST_1722,8402.13,card,checkout_abandoned,16,1340,1,12,11,0.917,0
PAY_00022,CUST_0114,4022.59,card,insufficient_funds,11,1373,2,12,5,0.417,0
PAY_00023,CUST_0986,1313.54,card,checkout_abandoned,2,1732,2,4,2,0.5,0
PAY_00024,CUST_0888,10313.72,wallet,checkout_abandoned,8,139,0,11,10,0.909,0
PAY_00025,CUST_0151,748.9,card,checkout_abandoned,18,1951,0,10,8,0.8,0
PAY_00026,CUST_1717,554.5,card,card_declined,22,577,1,0,0,0.75,1
PAY_00027,CUST_0805,1285.18,wallet,network_timeout,19,1103,0,11,4,0.364,1
PAY_00028,CUST_1811,981.06,card,card_declined,6,209,2,1,1,1.0,0
PAY_00029,CUST_1776,1344.26,netbanking,card_declined,13,355,2,1,1,1.0,0
PAY_00030,CUST_0921,3408.46,upi,checkout_abandoned,23,1794,1,1,0,0.0,0
PAY_00031,CUST_1077,1751.73,upi,checkout_abandoned,11,1609,2,8,5,0.625,0
PAY_00032,CUST_0572,1788.09,netbanking,checkout_abandoned,5,903,1,0,0,0.75,0
PAY_00033,CUST_0015,1886.72,upi,insufficient_funds,12,168,2,7,4,0.571,0
PAY_00034,CUST_0436,283.07,card,insufficient_funds,14,1925,2,10,5,0.5,0
PAY_00035,CUST_0251,535.57,wallet,network_timeout,5,371,0,8,7,0.875,1
PAY_00036,CUST_2445,1322.52,wallet,card_declined,7,87,2,4,4,1.0,0
PAY_00037,CUST_0509,917.08,netbanking,card_declined,23,514,1,5,4,0.8,0
PAY_00038,CUST_0983,1495.34,upi,network_timeout,21,1508,1,10,10,1.0,0
PAY_00039,CUST_1420,5534.99,upi,card_declined,21,639,0,5,5,1.0,1
PAY_00040,CUST_1013,1695.92,upi,checkout_abandoned,11,1111,0,9,6,0.667,1
PAY_00041,CUST_2329,625.03,card,insufficient_funds,20,256,2,10,4,0.4,0
PAY_00042,CUST_0421,954.38,upi,checkout_abandoned,6,1498,1,7,4,0.571,0
PAY_00043,CUST_2047,7072.74,upi,checkout_abandoned,7,2088,0,5,4,0.8,1
PAY_00044,CUST_0940,6133.6,upi,insufficient_funds,4,2088,1,0,0,0.75,0
PAY_00045,CUST_1740,2899.36,card,checkout_abandoned,16,1955,1,11,9,0.818,0
PAY_00046,CUST_2448,515.72,upi,checkout_abandoned,17,2101,2,4,4,1.0,0
PAY_00047,CUST_0287,2300.74,upi,insufficient_funds,15,1819,2,6,6,1.0,1
PAY_00048,CUST_1251,2446.71,card,insufficient_funds,21,1794,1,0,0,0.75,0
PAY_00049,CUST_1199,1837.16,wallet,checkout_abandoned,4,1634,0,11,6,0.545,1
PAY_00050,CUST_1768,1140.85,upi,card_declined,18,455,1,13,9,0.692,0
PAY_00051,CUST_1774,1346.73,card,card_declined,23,394,0,13,4,0.308,0
PAY_00052,CUST_2354,1078.98,card,card_declined,12,1640,0,4,2,0.5,0
PAY_00053,CUST_1213,720.17,upi,checkout_abandoned,12,610,2,1,1,1.0,1
PAY_00054,CUST_2312,5368.65,card,checkout_abandoned,22,2067,0,1,0,0.0,0
PAY_00055,CUST_2308,3646.03,netbanking,checkout_abandoned,3,1449,0,5,4,0.8,0
PAY_00056,CUST_2202,1433.1,card,checkout_abandoned,12,748,1,0,0,0.75,1
PAY_00057,CUST_0844,2385.79,card,network_timeout,12,1135,1,2,2,1.0,0
PAY_00058,CUST_2271,2458.49,card,network_timeout,5,755,1,9,7,0.778,0
PAY_00059,CUST_0320,11729.34,upi,card_declined,2,491,0,0,0,0.75,0
PAY_00060,CUST_1528,3617.71,wallet,card_declined,5,1032,2,9,9,1.0,0
PAY_00061,CUST_0297,3509.95,netbanking,checkout_abandoned,18,1289,0,13,13,1.0,1
PAY_00062,CUST_2169,1855.53,upi,network_timeout,15,1501,2,14,7,0.5,0
PAY_00063,CUST_1037,1271.56,netbanking,network_timeout,19,756,2,14,9,0.643,0
PAY_00064,CUST_1984,5440.96,card,checkout_abandoned,19,535,1,4,3,0.75,1
PAY_00065,CUST_1671,3033.16,upi,network_timeout,19,329,0,9,8,0.889,1
PAY_00066,CUST_2480,926.96,wallet,network_timeout,16,342,2,0,0,0.75,1
PAY_00067,CUST_0465,2587.99,card,network_timeout,1,1252,2,3,2,0.667,1
PAY_00068,CUST_2202,3517.31,wallet,insufficient_funds,2,619,1,11,3,0.273,0
PAY_00069,CUST_0502,336.59,card,card_declined,3,1327,0,3,2,0.667,0
PAY_00070,CUST_1345,860.6,card,insufficient_funds,11,1394,1,4,2,0.5,0
PAY_00071,CUST_0087,2406.08,upi,card_declined,2,1798,1,6,3,0.5,0
PAY_00072,CUST_0007,386.05,wallet,insufficient_funds,1,91,1,4,4,1.0,0
PAY_00073,CUST_1136,438.18,card,checkout_abandoned,15,1939,0,11,6,0.545,0
PAY_00074,CUST_2485,1449.79,netbanking,card_declined,22,2003,1,13,5,0.385,0
PAY_00075,CUST_0951,2667.18,card,card_declined,6,980,2,8,8,1.0,0
PAY_00076,CUST_1336,2767.69,upi,insufficient_funds,2,1204,1,8,5,0.625,0
PAY_00077,CUST_0990,6383.43,upi,insufficient_funds,3,1982,1,10,7,0.7,0
PAY_00078,CUST_2359,1922.44,card,checkout_abandoned,21,230,2,6,4,0.667,1
PAY_00079,CUST_0642,1335.98,upi,network_timeout,23,2077,2,6,5,0.833,0
PAY_00080,CUST_1056,632.48,upi,checkout_abandoned,8,1562,1,14,11,0.786,0
PAY_00081,CUST_0853,1323.24,upi,checkout_abandoned,11,1533,0,5,2,0.4,0
PAY_00082,CUST_1625,3170.25,card,insufficient_funds,14,620,0,3,2,0.667,0
PAY_00083,CUST_1286,3286.96,card,checkout_abandoned,11,2159,2,0,0,0.75,0
PAY_00084,CUST_2198,2224.39,wallet,card_declined,16,1656,1,0,0,0.75,0
PAY_00085,CUST_0180,2788.43,upi,card_declined,13,2034,1,11,6,0.545,0
PAY_00086,CUST_0390,4997.28,netbanking,card_declined,20,1901,2,3,1,0.333,0
PAY_00087,CUST_0857,1911.72,upi,checkout_abandoned,11,1442,1,11,6,0.545,1
PAY_00088,CUST_0913,5374.37,netbanking,network_timeout,17,1088,0,0,0,0.75,1
PAY_00089,CUST_1416,1006.49,card,card_declined,6,825,2,11,11,1.0,1
PAY_00090,CUST_2189,1697.5,upi,network_timeout,12,399,2,6,4,0.667,1
PAY_00091,CUST_2353,1225.22,upi,card_declined,16,88,0,12,6,0.5,0
PAY_00092,CUST_1241,3393.8,card,checkout_abandoned,6,1021,2,12,4,0.333,0
PAY_00093,CUST_1489,799.47,card,insufficient_funds,14,1278,1,8,3,0.375,0
PAY_00094,CUST_1647,1391.49,upi,insufficient_funds,4,1234,1,14,9,0.643,0
PAY_00095,CUST_1468,406.59,netbanking,insufficient_funds,20,1022,2,14,14,1.0,0
PAY_00096,CUST_1359,2895.88,upi,network_timeout,16,777,0,10,8,0.8,1
PAY_00097,CUST_2352,4880.36,card,insufficient_funds,9,881,2,7,6,0.857,0
PAY_00098,CUST_1171,3729.79,wallet,card_declined,9,1661,0,13,10,0.769,0
PAY_00099,CUST_1514,3448.33,card,card_declined,18,2015,2,14,12,0.857,0
PAY_00100,CUST_0897,3522.98,card,checkout_abandoned,17,587,0,6,4,0.667,1
PAY_00101,CUST_1060,3150.44,wallet,checkout_abandoned,23,1403,0,4,3,0.75,1
PAY_00102,CUST_2407,2942.63,netbanking,checkout_abandoned,18,1817,1,4,1,0.25,1
PAY_00103,CUST_0400,3098.5,wallet,insufficient_funds,9,868,1,14,7,0.5,0
PAY_00104,CUST_1812,1065.28,netbanking,checkout_abandoned,6,945,2,2,1,0.5,0
PAY_00105,CUST_0274,1533.62,upi,checkout_abandoned,16,1193,2,0,0,0.75,0
PAY_00106,CUST_2381,1904.05,card,checkout_abandoned,0,1267,2,7,2,0.286,0
PAY_00107,CUST_0146,1376.06,card,insufficient_funds,0,1985,1,14,9,0.643,0
PAY_00108,CUST_2156,514.14,wallet,insufficient_funds,11,121,0,4,2,0.5,0
PAY_00109,CUST_2247,670.17,netbanking,card_declined,21,1775,2,7,2,0.286,0
PAY_00110,CUST_0110,2163.59,card,checkout_abandoned,7,454,1,1,1,1.0,1
PAY_00111,CUST_2383,3715.11,card,network_timeout,17,791,1,12,11,0.917,1
PAY_00112,CUST_2166,1813.5,card,card_declined,2,947,1,13,9,0.692,0
PAY_00113,CUST_0694,16438.8,card,insufficient_funds,15,1094,2,9,8,0.889,0
PAY_00114,CUST_0223,862.41,netbanking,network_timeout,10,1596,1,1,1,1.0,1
PAY_00115,CUST_0170,2569.57,card,card_declined,2,361,2,1,1,1.0,0
PAY_00116,CUST_2353,5056.88,card,checkout_abandoned,9,2098,1,11,6,0.545,1
PAY_00117,CUST_2356,4222.08,wallet,checkout_abandoned,23,1800,2,1,1,1.0,0
PAY_00118,CUST_1300,3039.95,upi,checkout_abandoned,5,157,2,1,1,1.0,0
PAY_00119,CUST_2094,4237.57,upi,insufficient_funds,21,1214,2,13,6,0.462,0
PAY_00120,CUST_0752,1881.56,card,network_timeout,7,2023,1,7,2,0.286,1
PAY_00121,CUST_0125,6807.96,card,network_timeout,7,79,0,8,7,0.875,1
PAY_00122,CUST_1667,5024.44,card,network_timeout,1,666,0,10,3,0.3,0
PAY_00123,CUST_0660,910.29,card,card_declined,1,992,1,5,2,0.4,0
PAY_00124,CUST_2266,2328.07,card,insufficient_funds,23,2122,1,3,3,1.0,0
PAY_00125,CUST_2127,522.02,card,card_declined,9,1204,2,7,6,0.857,0
PAY_00126,CUST_2478,6081.3,card,network_timeout,17,97,0,1,1,1.0,1
PAY_00127,CUST_1430,2153.67,card,insufficient_funds,0,1372,1,4,2,0.5,0
PAY_00128,CUST_0558,5295.22,wallet,card_declined,4,1099,2,8,8,1.0,1
PAY_00129,CUST_1000,1649.22,card,card_declined,12,1277,2,14,14,1.0,0
PAY_00130,CUST_1855,407.7,card,network_timeout,13,1679,2,9,7,0.778,1
PAY_00131,CUST_2073,14845.26,netbanking,card_declined,17,208,2,11,6,0.545,0
PAY_00132,CUST_0537,1999.02,card,checkout_abandoned,15,757,0,4,3,0.75,1
PAY_00133,CUST_0052,808.66,upi,network_timeout,10,286,2,0,0,0.75,1
PAY_00134,CUST_0102,4501.44,netbanking,insufficient_funds,12,2103,1,5,5,1.0,0
PAY_00135,CUST_1127,9174.91,upi,network_timeout,20,2000,1,10,6,0.6,1
PAY_00136,CUST_0414,1530.87,card,card_declined,14,1997,2,0,0,0.75,0
PAY_00137,CUST_2367,1662.62,upi,checkout_abandoned,21,566,2,12,6,0.5,0
PAY_00138,CUST_1920,2177.6,upi,network_timeout,20,716,1,4,3,0.75,1
PAY_00139,CUST_1875,740.09,card,checkout_abandoned,23,1006,1,10,4,0.4,1
PAY_00140,CUST_0306,1035.88,card,card_declined,21,9,1,13,7,0.538,1
PAY_00141,CUST_0507,7488.19,card,network_timeout,12,1860,1,9,8,0.889,1
PAY_00142,CUST_1823,1619.34,netbanking,network_timeout,0,379,2,2,1,0.5,1
PAY_00143,CUST_2069,921.03,card,checkout_abandoned,13,1478,2,3,3,1.0,0
PAY_00144,CUST_2385,1253.77,card,network_timeout,12,71,0,7,6,0.857,1
PAY_00145,CUST_1228,4246.29,upi,network_timeout,22,290,2,14,11,0.786,1
PAY_00146,CUST_1837,370.49,wallet,insufficient_funds,10,1468,1,10,10,1.0,0
PAY_00147,CUST_0485,2206.72,card,insufficient_funds,18,129,1,9,7,0.778,1
PAY_00148,CUST_0672,12904.31,card,network_timeout,0,305,0,12,2,0.167,0
PAY_00149,CUST_1814,9139.78,card,insufficient_funds,4,443,1,2,1,0.5,1
PAY_00150,CUST_2196,2847.24,upi,card_declined,21,1036,0,1,1,1.0,0
PAY_00151,CUST_0286,5160.02,upi,checkout_abandoned,2,467,0,8,6,0.75,1
PAY_00152,CUST_1992,5120.48,netbanking,checkout_abandoned,23,405,2,8,6,0.75,0
PAY_00153,CUST_1758,1627.6,card,card_declined,13,407,0,3,3,1.0,0
PAY_00154,CUST_1509,3772.06,card,network_timeout,17,1872,2,9,5,0.556,0
PAY_00155,CUST_1974,7528.18,card,card_declined,20,1760,2,2,2,1.0,0
PAY_00156,CUST_2432,654.93,card,checkout_abandoned,6,636,1,2,0,0.0,0
PAY_00157,CUST_0511,2855.1,upi,insufficient_funds,9,1396,2,13,6,0.462,0
PAY_00158,CUST_0445,2403.6,netbanking,checkout_abandoned,1,1507,0,0,0,0.75,1
PAY_00159,CUST_2262,1954.86,card,checkout_abandoned,14,534,0,8,8,1.0,1
PAY_00160,CUST_0021,1821.2,upi,checkout_abandoned,6,1265,2,12,9,0.75,0
PAY_00161,CUST_1726,2166.52,card,card_declined,16,129,0,10,8,0.8,1
PAY_00162,CUST_0655,2316.93,upi,checkout_abandoned,14,811,0,6,2,0.333,0
PAY_00163,CUST_1043,4404.73,card,card_declined,8,1294,2,4,2,0.5,0
PAY_00164,CUST_0730,2635.3,upi,card_declined,6,1641,1,0,0,0.75,0
PAY_00165,CUST_1093,1561.25,card,network_timeout,9,804,0,1,1,1.0,0
PAY_00166,CUST_0430,919.29,wallet,insufficient_funds,17,248,0,8,3,0.375,0
PAY_00167,CUST_1263,1233.47,wallet,checkout_abandoned,0,1532,2,7,5,0.714,1
PAY_00168,CUST_1377,2218.25,netbanking,checkout_abandoned,23,1535,1,5,4,0.8,0
PAY_00169,CUST_0595,1023.19,netbanking,insufficient_funds,10,220,2,4,2,0.5,0
PAY_00170,CUST_0267,3836.22,card,checkout_abandoned,5,388,1,1,0,0.0,0
PAY_00171,CUST_0692,2539.15,upi,insufficient_funds,5,600,1,1,0,0.0,0
PAY_00172,CUST_1554,4493.4,card,network_timeout,23,177,1,4,2,0.5,1
PAY_00173,CUST_0114,1079.75,netbanking,insufficient_funds,13,1694,0,13,7,0.538,0
PAY_00174,CUST_0311,925.83,card,checkout_abandoned,11,2090,1,4,1,0.25,0
PAY_00175,CUST_1529,4466.62,card,card_declined,12,1819,2,1,0,0.0,0
PAY_00176,CUST_0989,1997.21,upi,card_declined,10,372,1,8,2,0.25,0
PAY_00177,CUST_0191,1530.77,card,insufficient_funds,5,583,2,1,0,0.0,0
PAY_00178,CUST_1161,3147.84,upi,checkout_abandoned,4,572,2,6,4,0.667,1
PAY_00179,CUST_2105,3055.51,card,checkout_abandoned,2,996,1,10,8,0.8,0
PAY_00180,CUST_0401,659.14,upi,checkout_abandoned,1,22,1,1,0,0.0,0
PAY_00181,CUST_1847,5449.39,netbanking,checkout_abandoned,15,484,0,13,10,0.769,1
PAY_00182,CUST_2414,1296.23,upi,checkout_abandoned,17,1462,2,9,8,0.889,0
PAY_00183,CUST_1357,7013.25,card,network_timeout,9,1424,0,13,6,0.462,1
PAY_00184,CUST_0243,619.37,card,insufficient_funds,16,1641,0,10,4,0.4,0
PAY_00185,CUST_2438,2320.32,card,checkout_abandoned,8,914,2,14,8,0.571,0
PAY_00186,CUST_0498,1551.6,card,checkout_abandoned,18,45,0,7,4,0.571,1
PAY_00187,CUST_1973,370.69,upi,insufficient_funds,19,2114,1,0,0,0.75,0
PAY_00188,CUST_0962,3047.6,card,card_declined,5,1117,0,0,0,0.75,0
PAY_00189,CUST_2141,386.21,card,checkout_abandoned,15,1969,2,2,1,0.5,0
PAY_00190,CUST_2044,1425.4,card,insufficient_funds,17,1831,0,1,1,1.0,0
PAY_00191,CUST_1070,4354.49,wallet,checkout_abandoned,14,266,0,12,4,0.333,0
PAY_00192,CUST_1363,1177.93,card,card_declined,15,1700,1,14,13,0.929,0
PAY_00193,CUST_0290,873.54,card,card_declined,4,1399,1,9,7,0.778,1
PAY_00194,CUST_0893,3414.64,upi,checkout_abandoned,9,1736,0,2,2,1.0,1
PAY_00195,CUST_2205,1474.28,card,card_declined,1,1520,0,14,9,0.643,0
PAY_00196,CUST_1186,1301.79,wallet,card_declined,4,148,0,4,3,0.75,1
PAY_00197,CUST_0748,4991.72,card,network_timeout,14,226,0,13,13,1.0,1
PAY_00198,CUST_2134,707.49,upi,checkout_abandoned,15,611,0,10,5,0.5,1
PAY_00199,CUST_1683,1246.2,upi,card_declined,9,441,0,6,5,0.833,0
PAY_00200,CUST_1101,3600.04,netbanking,insufficient_funds,21,1126,1,11,11,1.0,0
PAY_00201,CUST_0387,671.82,upi,checkout_abandoned,11,2143,2,9,9,1.0,0
PAY_00202,CUST_0585,7448.89,netbanking,checkout_abandoned,19,1103,2,13,6,0.462,0
PAY_00203,CUST_0977,1513.32,card,network_timeout,9,731,0,9,5,0.556,1
PAY_00204,CUST_0520,3623.38,upi,card_declined,23,1636,1,5,3,0.6,0
PAY_00205,CUST_0674,3617.33,upi,card_declined,21,1050,2,1,1,1.0,1
PAY_00206,CUST_2105,1593.54,upi,card_declined,3,1986,2,14,12,0.857,0
PAY_00207,CUST_1738,1227.01,upi,card_declined,22,935,1,11,5,0.455,0
PAY_00208,CUST_0625,1739.18,card,checkout_abandoned,15,1548,0,1,0,0.0,0
PAY_00209,CUST_1387,3183.35,card,card_declined,18,176,2,9,7,0.778,0
PAY_00210,CUST_1336,817.62,card,network_timeout,8,1040,1,12,11,0.917,0
PAY_00211,CUST_2155,687.41,card,checkout_abandoned,2,930,0,10,7,0.7,1
PAY_00212,CUST_1744,5901.16,card,network_timeout,8,1275,0,4,4,1.0,1
PAY_00213,CUST_1931,999.9,card,card_declined,4,1657,1,2,2,1.0,0
PAY_00214,CUST_0384,2389.43,upi,checkout_abandoned,8,9,2,14,5,0.357,0
PAY_00215,CUST_1063,1531.16,upi,checkout_abandoned,10,659,2,5,2,0.4,0
PAY_00216,CUST_0050,1586.44,upi,checkout_abandoned,15,973,0,13,7,0.538,1
PAY_00217,CUST_1700,5652.5,upi,card_declined,5,1400,2,6,3,0.5,0
PAY_00218,CUST_2474,1681.44,card,card_declined,18,246,2,11,5,0.455,0
PAY_00219,CUST_1716,1353.0,card,checkout_abandoned,3,1517,2,3,3,1.0,0
PAY_00220,CUST_2036,1450.65,upi,insufficient_funds,13,1580,2,9,1,0.111,0
PAY_00221,CUST_0300,1203.24,netbanking,insufficient_funds,20,1162,2,8,6,0.75,0
PAY_00222,CUST_2367,1053.07,upi,network_timeout,16,1687,1,3,2,0.667,1
PAY_00223,CUST_1837,1207.11,upi,checkout_abandoned,11,1111,1,10,5,0.5,0
PAY_00224,CUST_1417,6809.75,upi,checkout_abandoned,8,2159,1,6,5,0.833,0
PAY_00225,CUST_1004,3180.31,upi,insufficient_funds,15,110,2,9,5,0.556,0
PAY_00226,CUST_0561,1365.65,upi,checkout_abandoned,11,1000,1,0,0,0.75,0
PAY_00227,CUST_2175,3947.61,upi,card_declined,20,1561,2,1,1,1.0,0
PAY_00228,CUST_1306,505.62,card,network_timeout,3,188,0,10,6,0.6,1
PAY_00229,CUST_2401,5410.43,card,network_timeout,18,1442,1,14,14,1.0,1
PAY_00230,CUST_1906,5072.89,card,card_declined,1,300,2,1,0,0.0,0
PAY_00231,CUST_2152,10770.96,upi,card_declined,22,1299,0,0,0,0.75,1
PAY_00232,CUST_1495,4043.17,netbanking,insufficient_funds,10,1960,2,3,2,0.667,0
PAY_00233,CUST_1242,2553.78,card,checkout_abandoned,0,525,1,0,0,0.75,1
PAY_00234,CUST_1187,5056.62,card,network_timeout,23,423,0,3,2,0.667,1
PAY_00235,CUST_0162,1091.05,netbanking,checkout_abandoned,4,1322,0,10,10,1.0,1
PAY_00236,CUST_1397,1311.87,card,checkout_abandoned,22,784,0,11,4,0.364,1
PAY_00237,CUST_1078,1709.82,netbanking,network_timeout,17,1711,1,9,8,0.889,1
PAY_00238,CUST_0559,5381.1,card,checkout_abandoned,21,289,0,6,3,0.5,0
PAY_00239,CUST_1682,907.63,card,card_declined,15,1706,2,2,2,1.0,0
PAY_00240,CUST_0971,833.72,card,card_declined,8,1769,2,8,5,0.625,0
PAY_00241,CUST_0182,2174.97,card,checkout_abandoned,11,1618,0,14,11,0.786,0
PAY_00242,CUST_1134,3195.72,card,checkout_abandoned,17,651,1,3,3,1.0,0
PAY_00243,CUST_0631,1025.65,card,card_declined,11,1565,2,8,2,0.25,0
PAY_00244,CUST_1902,3077.51,card,network_timeout,22,804,1,5,5,1.0,1
PAY_00245,CUST_0721,5379.02,card,network_timeout,13,924,0,5,5,1.0,1
PAY_00246,CUST_1334,4702.79,netbanking,checkout_abandoned,1,1603,0,7,5,0.714,0
PAY_00247,CUST_2196,2387.92,card,network_timeout,1,2000,1,2,2,1.0,0
PAY_00248,CUST_1123,1674.15,card,insufficient_funds,10,1290,2,2,2,1.0,0
PAY_00249,CUST_1887,7215.89,card,insufficient_funds,0,2108,0,0,0,0.75,1
PAY_00250,CUST_2382,1822.32,wallet,insufficient_funds,8,1286,0,10,9,0.9,1
PAY_00251,CUST_0097,3819.31,netbanking,checkout_abandoned,6,1806,0,13,9,0.692,1
PAY_00252,CUST_0525,8622.82,wallet,checkout_abandoned,20,110,0,6,5,0.833,0
PAY_00253,CUST_1546,3511.35,wallet,network_timeout,21,427,2,9,9,1.0,1
PAY_00254,CUST_2025,810.68,card,card_declined,13,472,2,14,14,1.0,0
PAY_00255,CUST_0310,668.02,upi,card_declined,19,691,0,11,7,0.636,0
PAY_00256,CUST_0011,1418.62,card,checkout_abandoned,23,595,2,3,0,0.0,0
PAY_00257,CUST_1527,3175.25,netbanking,checkout_abandoned,22,1509,0,11,5,0.455,0
PAY_00258,CUST_0980,2569.25,card,card_declined,1,2149,1,5,4,0.8,1
PAY_00259,CUST_0138,10521.83,card,card_declined,10,375,1,14,7,0.5,0
PAY_00260,CUST_0484,2549.33,wallet,network_timeout,7,486,2,13,11,0.846,0
PAY_00261,CUST_2088,1385.18,netbanking,card_declined,6,2001,2,0,0,0.75,0
PAY_00262,CUST_1202,726.96,wallet,checkout_abandoned,13,806,0,13,6,0.462,1
PAY_00263,CUST_0965,4628.05,card,insufficient_funds,1,1509,1,3,2,0.667,0
PAY_00264,CUST_1232,1791.29,card,card_declined,5,416,0,7,4,0.571,0
PAY_00265,CUST_1666,539.49,card,checkout_abandoned,4,1943,0,11,9,0.818,1
PAY_00266,CUST_0977,1832.34,card,card_declined,23,1024,0,1,0,0.0,0
PAY_00267,CUST_0616,811.55,upi,insufficient_funds,22,1885,2,0,0,0.75,0
PAY_00268,CUST_0137,1280.53,card,card_declined,16,1,0,6,3,0.5,0
PAY_00269,CUST_2429,1808.94,netbanking,card_declined,10,1176,2,8,8,1.0,0
PAY_00270,CUST_0578,872.53,card,card_declined,14,1735,2,8,5,0.625,0
PAY_00271,CUST_2205,1218.58,upi,card_declined,15,308,2,14,10,0.714,1
PAY_00272,CUST_0653,992.52,netbanking,card_declined,3,1906,1,3,1,0.333,0
PAY_00273,CUST_1858,1014.05,upi,card_declined,4,1691,2,10,5,0.5,0
PAY_00274,CUST_1162,803.62,card,network_timeout,18,1059,1,2,1,0.5,1
PAY_00275,CUST_0659,1223.33,card,checkout_abandoned,22,1971,2,6,5,0.833,0
PAY_00276,CUST_1059,879.88,card,insufficient_funds,23,1825,2,7,5,0.714,0
PAY_00277,CUST_1684,2877.88,upi,insufficient_funds,6,389,1,6,4,0.667,0
PAY_00278,CUST_0505,2113.67,upi,network_timeout,19,11,0,2,1,0.5,1
PAY_00279,CUST_2220,4681.22,card,checkout_abandoned,16,520,0,2,1,0.5,1
PAY_00280,CUST_1521,8142.92,wallet,checkout_abandoned,13,945,0,13,12,0.923,1
PAY_00281,CUST_0651,3094.56,upi,card_declined,3,1476,1,14,12,0.857,0
PAY_00282,CUST_1174,2579.14,netbanking,card_declined,16,368,1,1,0,0.0,0
PAY_00283,CUST_1829,3254.56,card,card_declined,2,642,0,3,3,1.0,1
PAY_00284,CUST_0553,2614.46,wallet,card_declined,12,843,2,14,12,0.857,1
PAY_00285,CUST_1992,1873.76,card,network_timeout,8,1135,0,1,1,1.0,0
PAY_00286,CUST_0194,1758.26,card,insufficient_funds,0,912,1,8,8,1.0,0
PAY_00287,CUST_1912,794.89,netbanking,card_declined,8,928,1,4,3,0.75,1
PAY_00288,CUST_0307,3521.62,netbanking,insufficient_funds,20,1466,2,14,9,0.643,0
PAY_00289,CUST_1975,1755.49,upi,network_timeout,18,1440,0,11,9,0.818,0
PAY_00290,CUST_0176,5739.67,card,card_declined,5,1732,2,11,8,0.727,0
PAY_00291,CUST_1970,3743.03,card,checkout_abandoned,17,2058,2,0,0,0.75,0
PAY_00292,CUST_0108,1090.92,netbanking,card_declined,7,2034,2,2,1,0.5,0
PAY_00293,CUST_1265,4879.97,netbanking,checkout_abandoned,9,1852,2,11,8,0.727,0
PAY_00294,CUST_0242,232.05,card,card_declined,21,648,2,3,2,0.667,0
PAY_00295,CUST_0395,8431.44,card,checkout_abandoned,12,1462,1,6,3,0.5,0
PAY_00296,CUST_0850,616.95,upi,checkout_abandoned,17,1488,1,1,0,0.0,0
PAY_00297,CUST_2277,2674.8,upi,checkout_abandoned,23,1466,1,0,0,0.75,1
PAY_00298,CUST_1330,2533.8,card,checkout_abandoned,13,1809,2,10,9,0.9,1
PAY_00299,CUST_0540,4422.74,upi,checkout_abandoned,11,1684,0,2,1,0.5,1
PAY_00300,CUST_1181,1383.79,wallet,network_timeout,6,864,1,2,1,0.5,0
PAY_00301,CUST_0157,323.48,card,checkout_abandoned,14,479,0,12,4,0.333,0
PAY_00302,CUST_2254,1385.35,upi,card_declined,19,1211,1,10,3,0.3,1
PAY_00303,CUST_2076,1510.52,upi,network_timeout,22,1278,2,3,1,0.333,1
PAY_00304,CUST_2263,349.39,upi,network_timeout,12,1483,0,12,9,0.75,1
PAY_00305,CUST_0457,1866.54,netbanking,checkout_abandoned,6,119,2,14,1,0.071,1
PAY_00306,CUST_0460,761.17,upi,network_timeout,13,171,2,6,5,0.833,1
PAY_00307,CUST_0272,3025.43,upi,insufficient_funds,23,1572,1,6,4,0.667,0
PAY_00308,CUST_2168,1478.34,card,network_timeout,4,1342,1,9,9,1.0,0
PAY_00309,CUST_1499,8642.25,upi,insufficient_funds,14,1571,0,2,2,1.0,0
PAY_00310,CUST_1410,1466.45,card,card_declined,10,1172,2,13,6,0.462,0
PAY_00311,CUST_1415,2539.84,card,network_timeout,17,1778,1,1,0,0.0,0
PAY_00312,CUST_1845,1517.9,upi,insufficient_funds,8,667,2,11,10,0.909,1
PAY_00313,CUST_2301,491.24,upi,card_declined,11,1139,0,8,3,0.375,0
PAY_00314,CUST_1978,1528.09,wallet,insufficient_funds,7,2149,1,1,1,1.0,0
PAY_00315,CUST_0635,3288.78,upi,insufficient_funds,23,2106,2,6,4,0.667,0
PAY_00316,CUST_1006,2913.57,netbanking,insufficient_funds,11,177,1,4,3,0.75,0
PAY_00317,CUST_2459,1423.58,card,insufficient_funds,21,273,0,14,6,0.429,0
PAY_00318,CUST_1062,561.23,upi,checkout_abandoned,20,2053,0,8,6,0.75,1
PAY_00319,CUST_1945,3014.26,wallet,insufficient_funds,12,1247,2,5,3,0.6,0
PAY_00320,CUST_1888,2517.78,card,checkout_abandoned,7,1377,1,3,2,0.667,0
PAY_00321,CUST_2436,3534.3,netbanking,checkout_abandoned,13,28,2,2,1,0.5,1
PAY_00322,CUST_2058,1445.56,upi,network_timeout,5,129,1,7,7,1.0,1
PAY_00323,CUST_1519,467.8,card,insufficient_funds,11,1503,1,7,5,0.714,0
PAY_00324,CUST_1098,2758.8,upi,network_timeout,21,391,0,14,10,0.714,1
PAY_00325,CUST_0059,1786.88,card,checkout_abandoned,16,1685,0,9,2,0.222,0
PAY_00326,CUST_0617,5480.16,card,checkout_abandoned,18,1689,1,6,5,0.833,1
PAY_00327,CUST_1138,1841.85,card,checkout_abandoned,13,2064,0,5,2,0.4,0
PAY_00328,CUST_1674,1735.7,card,network_timeout,13,424,1,3,3,1.0,0
PAY_00329,CUST_2403,2513.28,card,network_timeout,14,818,0,9,3,0.333,1
PAY_00330,CUST_1949,1116.55,netbanking,insufficient_funds,16,101,0,2,2,1.0,0
PAY_00331,CUST_0422,1074.31,card,checkout_abandoned,6,1159,1,0,0,0.75,0
PAY_00332,CUST_1913,1664.41,netbanking,card_declined,2,1182,0,13,8,0.615,0
PAY_00333,CUST_2280,861.97,upi,checkout_abandoned,5,220,0,0,0,0.75,1
PAY_00334,CUST_0977,1498.57,card,checkout_abandoned,17,2156,0,3,1,0.333,0
PAY_00335,CUST_0608,8494.64,card,card_declined,23,1252,2,8,6,0.75,0
PAY_00336,CUST_0456,4144.96,wallet,network_timeout,21,819,2,2,2,1.0,0
PAY_00337,CUST_0318,2303.01,upi,card_declined,22,1716,0,10,8,0.8,0
PAY_00338,CUST_1251,6228.46,wallet,checkout_abandoned,11,955,0,8,6,0.75,0
PAY_00339,CUST_2360,930.41,card,card_declined,7,1567,0,1,1,1.0,0
PAY_00340,CUST_0708,13198.97,upi,checkout_abandoned,20,1671,0,6,6,1.0,0
PAY_00341,CUST_0135,1245.31,netbanking,card_declined,9,1776,2,12,3,0.25,0
PAY_00342,CUST_0788,8942.64,wallet,checkout_abandoned,13,1293,1,5,4,0.8,0
PAY_00343,CUST_0118,8911.2,card,checkout_abandoned,22,640,2,10,8,0.8,0
PAY_00344,CUST_1713,442.73,wallet,network_timeout,0,584,2,8,7,0.875,0
PAY_00345,CUST_0248,5820.93,card,checkout_abandoned,18,2132,1,6,4,0.667,0
PAY_00346,CUST_0808,1434.27,netbanking,checkout_abandoned,0,1183,2,8,8,1.0,0
PAY_00347,CUST_1865,1142.72,upi,checkout_abandoned,14,1198,0,7,3,0.429,0
PAY_00348,CUST_2008,2738.74,upi,insufficient_funds,3,994,1,1,0,0.0,0
PAY_00349,CUST_0034,803.69,card,network_timeout,18,1224,1,6,3,0.5,1
PAY_00350,CUST_0983,2689.58,netbanking,card_declined,23,36,1,6,2,0.333,0
PAY_00351,CUST_0802,848.02,card,network_timeout,13,1319,0,11,4,0.364,1
PAY_00352,CUST_0426,2073.94,upi,card_declined,22,233,2,10,9,0.9,1
PAY_00353,CUST_0607,5238.72,upi,network_timeout,16,1196,2,8,7,0.875,0
PAY_00354,CUST_1131,2452.24,upi,network_timeout,0,1306,2,5,4,0.8,0
PAY_00355,CUST_2000,1349.8,upi,network_timeout,8,2042,2,9,8,0.889,1
PAY_00356,CUST_0876,2775.73,upi,network_timeout,8,322,1,14,10,0.714,0
PAY_00357,CUST_0789,584.27,upi,checkout_abandoned,22,1894,2,12,8,0.667,0
PAY_00358,CUST_0801,920.07,upi,checkout_abandoned,22,1661,2,3,2,0.667,0
PAY_00359,CUST_2240,1275.8,upi,network_timeout,18,1652,2,4,4,1.0,0
PAY_00360,CUST_0499,3377.94,upi,network_timeout,13,1061,0,7,5,0.714,1
PAY_00361,CUST_1895,2490.36,netbanking,checkout_abandoned,1,1818,0,9,3,0.333,0
PAY_00362,CUST_0600,2761.9,upi,card_declined,19,186,1,10,3,0.3,0
PAY_00363,CUST_2000,1761.0,card,card_declined,9,1049,1,11,8,0.727,0
PAY_00364,CUST_1886,958.21,upi,card_declined,4,2055,2,8,7,0.875,0
PAY_00365,CUST_0607,5919.67,card,checkout_abandoned,20,1278,0,12,12,1.0,1
PAY_00366,CUST_1912,1029.99,card,insufficient_funds,2,1810,0,0,0,0.75,1
PAY_00367,CUST_0458,2516.87,netbanking,checkout_abandoned,15,1228,2,3,3,1.0,0
PAY_00368,CUST_1058,1645.6,card,checkout_abandoned,7,1380,0,7,0,0.0,1
PAY_00369,CUST_0884,2824.08,upi,insufficient_funds,19,1539,0,7,7,1.0,1
PAY_00370,CUST_0723,1108.93,wallet,checkout_abandoned,16,1610,2,14,10,0.714,0
PAY_00371,CUST_1458,4178.4,card,checkout_abandoned,4,938,2,9,7,0.778,0
PAY_00372,CUST_1561,5421.7,card,insufficient_funds,22,1437,2,6,6,1.0,0
PAY_00373,CUST_2172,3978.26,card,insufficient_funds,1,737,2,8,4,0.5,0
PAY_00374,CUST_1651,2041.91,card,insufficient_funds,18,28,0,1,0,0.0,0
PAY_00375,CUST_0866,1270.85,upi,card_declined,12,222,0,5,5,1.0,1
PAY_00376,CUST_1377,17209.75,netbanking,card_declined,9,1341,2,0,0,0.75,0
PAY_00377,CUST_1191,814.23,upi,checkout_abandoned,11,1275,2,2,0,0.0,0
PAY_00378,CUST_1886,3642.86,card,insufficient_funds,8,529,0,6,6,1.0,1
PAY_00379,CUST_1665,2349.06,upi,insufficient_funds,18,956,1,0,0,0.75,0
PAY_00380,CUST_1052,1712.16,card,checkout_abandoned,20,2047,2,2,1,0.5,0
PAY_00381,CUST_1278,2087.4,upi,network_timeout,20,1757,2,13,10,0.769,0
PAY_00382,CUST_1624,1196.76,upi,checkout_abandoned,12,884,2,12,9,0.75,1
PAY_00383,CUST_1203,2533.07,card,checkout_abandoned,22,1176,1,8,3,0.375,0
PAY_00384,CUST_1282,2319.26,netbanking,network_timeout,10,1522,2,14,12,0.857,1
PAY_00385,CUST_0846,15331.5,netbanking,insufficient_funds,11,1545,0,0,0,0.75,1
PAY_00386,CUST_0798,4239.5,card,checkout_abandoned,6,322,2,14,11,0.786,1
PAY_00387,CUST_1925,2719.62,upi,checkout_abandoned,19,606,0,7,5,0.714,1
PAY_00388,CUST_0328,2852.61,upi,checkout_abandoned,16,1022,2,5,5,1.0,0
PAY_00389,CUST_0782,7841.4,card,card_declined,13,1950,0,11,3,0.273,0
PAY_00390,CUST_0474,828.16,card,checkout_abandoned,3,226,2,6,4,0.667,1
PAY_00391,CUST_0506,1555.19,upi,network_timeout,8,1562,1,9,6,0.667,0
PAY_00392,CUST_1228,391.44,wallet,card_declined,9,878,1,4,4,1.0,0
PAY_00393,CUST_0432,2814.56,upi,network_timeout,13,869,2,7,6,0.857,1
PAY_00394,CUST_0500,3547.79,upi,checkout_abandoned,18,1210,1,1,1,1.0,1
PAY_00395,CUST_2267,811.64,upi,card_declined,4,428,2,3,3,1.0,0
PAY_00396,CUST_2407,5673.75,card,network_timeout,16,1366,0,8,8,1.0,1
PAY_00397,CUST_1143,1012.76,card,checkout_abandoned,13,1064,1,14,12,0.857,0
PAY_00398,CUST_0904,1368.63,card,insufficient_funds,3,854,0,2,0,0.0,0
PAY_00399,CUST_1419,1980.68,wallet,network_timeout,5,317,0,8,6,0.75,1
PAY_00400,CUST_0388,6443.96,netbanking,insufficient_funds,8,344,1,0,0,0.75,1
PAY_00401,CUST_0690,905.95,wallet,insufficient_funds,13,440,2,7,5,0.714,0
PAY_00402,CUST_2333,2272.28,card,checkout_abandoned,9,1425,0,12,8,0.667,0
PAY_00403,CUST_0137,3345.64,upi,checkout_abandoned,17,846,2,5,4,0.8,1
PAY_00404,CUST_2098,2836.48,upi,card_declined,5,26,2,11,9,0.818,1
PAY_00405,CUST_2246,2921.53,card,checkout_abandoned,10,1887,2,5,5,1.0,0
PAY_00406,CUST_0629,3310.13,card,checkout_abandoned,4,1746,0,13,9,0.692,1
PAY_00407,CUST_1253,1154.89,netbanking,insufficient_funds,5,1513,0,9,4,0.444,0
PAY_00408,CUST_1671,6944.92,upi,checkout_abandoned,12,1458,0,4,2,0.5,0
PAY_00409,CUST_0483,1646.85,upi,card_declined,4,1412,1,3,2,0.667,0
PAY_00410,CUST_1806,1480.99,card,checkout_abandoned,8,1672,0,13,10,0.769,1
PAY_00411,CUST_2295,5290.36,upi,checkout_abandoned,15,2001,1,7,3,0.429,0
PAY_00412,CUST_1236,1086.9,card,checkout_abandoned,14,2103,0,5,4,0.8,0
PAY_00413,CUST_2155,2325.67,card,card_declined,17,624,1,8,5,0.625,0
PAY_00414,CUST_1471,1009.56,upi,checkout_abandoned,15,707,0,1,1,1.0,0
PAY_00415,CUST_0062,13506.56,card,card_declined,22,361,1,2,1,0.5,1
PAY_00416,CUST_2108,11412.51,wallet,card_declined,22,1151,1,6,5,0.833,0
PAY_00417,CUST_1234,1648.05,upi,card_declined,9,895,2,4,4,1.0,1
PAY_00418,CUST_1226,2728.28,card,checkout_abandoned,14,1366,0,8,5,0.625,0
PAY_00419,CUST_0609,1807.5,card,card_declined,2,1337,0,5,5,1.0,1
PAY_00420,CUST_1142,1361.94,upi,checkout_abandoned,19,1265,2,6,5,0.833,0
PAY_00421,CUST_1181,1980.78,card,checkout_abandoned,14,35,2,11,10,0.909,1
PAY_00422,CUST_1852,1742.47,card,card_declined,21,1369,1,11,11,1.0,0
PAY_00423,CUST_1446,533.26,card,card_declined,2,314,1,4,1,0.25,0
PAY_00424,CUST_2360,2221.55,card,card_declined,10,2034,2,5,3,0.6,0
PAY_00425,CUST_0662,1740.12,upi,network_timeout,12,80,2,9,6,0.667,0
PAY_00426,CUST_2307,2310.69,upi,checkout_abandoned,4,1045,2,13,13,1.0,0
PAY_00427,CUST_1789,1691.77,card,card_declined,7,853,1,8,7,0.875,1
PAY_00428,CUST_1542,1349.2,netbanking,checkout_abandoned,6,1861,0,1,1,1.0,1
PAY_00429,CUST_1626,3624.49,card,card_declined,15,21,0,8,8,1.0,1
PAY_00430,CUST_1364,2757.42,upi,checkout_abandoned,16,1363,0,10,8,0.8,1
PAY_00431,CUST_0215,5499.32,card,checkout_abandoned,15,1779,1,14,6,0.429,0
PAY_00432,CUST_1567,2673.99,upi,checkout_abandoned,7,1690,2,13,6,0.462,0
PAY_00433,CUST_0634,1536.8,card,checkout_abandoned,3,631,0,10,9,0.9,1
PAY_00434,CUST_0143,2948.22,upi,checkout_abandoned,3,709,2,8,8,1.0,0
PAY_00435,CUST_0969,369.09,card,card_declined,19,458,1,2,2,1.0,0
PAY_00436,CUST_2225,9686.47,wallet,card_declined,3,711,0,13,8,0.615,0
PAY_00437,CUST_0179,2241.83,card,card_declined,20,919,0,7,7,1.0,1
PAY_00438,CUST_0092,10333.09,wallet,network_timeout,8,2020,2,10,5,0.5,0
PAY_00439,CUST_0906,897.91,wallet,checkout_abandoned,14,1926,2,11,7,0.636,0
PAY_00440,CUST_0181,736.14,card,network_timeout,3,1799,0,0,0,0.75,1
PAY_00441,CUST_0123,2411.99,card,checkout_abandoned,19,873,2,5,1,0.2,0
PAY_00442,CUST_0099,2405.64,card,card_declined,22,1094,0,10,4,0.4,0
PAY_00443,CUST_1932,2359.34,wallet,checkout_abandoned,22,1091,1,7,7,1.0,1
PAY_00444,CUST_1823,2088.5,upi,card_declined,0,995,0,9,3,0.333,1
PAY_00445,CUST_0556,1089.04,upi,insufficient_funds,21,428,2,8,6,0.75,1
PAY_00446,CUST_0702,548.54,card,checkout_abandoned,5,543,2,0,0,0.75,0
PAY_00447,CUST_1842,2257.61,netbanking,checkout_abandoned,13,1253,0,4,3,0.75,1
PAY_00448,CUST_1023,645.14,card,network_timeout,22,449,1,6,6,1.0,1
PAY_00449,CUST_0905,598.21,card,card_declined,15,164,2,5,4,0.8,1
PAY_00450,CUST_0621,1327.48,card,network_timeout,19,488,1,0,0,0.75,1
PAY_00451,CUST_1195,2540.38,upi,card_declined,5,1966,1,0,0,0.75,0
PAY_00452,CUST_2306,8828.58,netbanking,checkout_abandoned,22,2034,0,4,2,0.5,0
PAY_00453,CUST_0560,3940.05,netbanking,checkout_abandoned,15,119,1,12,8,0.667,0
PAY_00454,CUST_2489,5665.31,card,card_declined,21,576,0,14,13,0.929,1
PAY_00455,CUST_0567,3036.53,card,card_declined,0,1736,0,12,8,0.667,0
PAY_00456,CUST_1100,2413.96,netbanking,card_declined,10,964,0,14,2,0.143,0
PAY_00457,CUST_1303,13362.05,upi,checkout_abandoned,19,458,1,13,13,1.0,1
PAY_00458,CUST_2042,624.69,card,network_timeout,2,1473,1,10,7,0.7,0
PAY_00459,CUST_1855,1293.31,card,checkout_abandoned,5,1410,1,1,0,0.0,1
PAY_00460,CUST_0632,1376.64,upi,network_timeout,19,1394,2,5,5,1.0,1
PAY_00461,CUST_1861,3678.97,wallet,network_timeout,22,833,1,11,5,0.455,0
PAY_00462,CUST_1622,822.64,upi,card_declined,8,1665,2,5,3,0.6,0
PAY_00463,CUST_0121,3315.24,card,checkout_abandoned,3,522,2,4,2,0.5,0
PAY_00464,CUST_0332,2861.96,upi,insufficient_funds,2,819,0,0,0,0.75,1
PAY_00465,CUST_0978,3450.31,card,network_timeout,19,1945,2,5,3,0.6,0
PAY_00466,CUST_2160,3400.64,netbanking,checkout_abandoned,18,718,0,5,5,1.0,0
PAY_00467,CUST_2021,6162.25,card,network_timeout,15,262,1,12,11,0.917,1
PAY_00468,CUST_1077,1730.52,card,checkout_abandoned,0,1086,0,11,6,0.545,0
PAY_00469,CUST_0852,2750.86,upi,card_declined,8,1459,0,1,1,1.0,1
PAY_00470,CUST_1812,998.55,card,network_timeout,5,1371,2,7,4,0.571,0
PAY_00471,CUST_0135,831.89,card,insufficient_funds,13,557,0,13,8,0.615,1
PAY_00472,CUST_1602,7386.47,upi,network_timeout,15,2148,1,7,7,1.0,0
PAY_00473,CUST_1608,939.97,netbanking,card_declined,20,1598,2,14,13,0.929,0
PAY_00474,CUST_1955,3006.68,netbanking,card_declined,5,1269,2,1,1,1.0,0
PAY_00475,CUST_2418,2752.81,card,insufficient_funds,13,1600,0,4,3,0.75,0
PAY_00476,CUST_0945,4607.9,card,insufficient_funds,1,1658,1,13,7,0.538,0
PAY_00477,CUST_2358,477.7,upi,insufficient_funds,4,1243,1,10,5,0.5,0
PAY_00478,CUST_1507,3672.06,card,network_timeout,16,1997,1,4,2,0.5,0
PAY_00479,CUST_0853,1718.34,card,network_timeout,13,619,0,13,3,0.231,1
PAY_00480,CUST_1529,1113.89,netbanking,insufficient_funds,7,8,1,5,3,0.6,0
PAY_00481,CUST_0343,1472.75,wallet,insufficient_funds,11,1266,0,11,6,0.545,0
PAY_00482,CUST_0498,4125.57,card,card_declined,22,549,1,4,3,0.75,0
PAY_00483,CUST_0778,3230.96,netbanking,network_timeout,7,1779,2,5,4,0.8,1
PAY_00484,CUST_0468,1624.9,upi,insufficient_funds,1,8,1,4,1,0.25,0
PAY_00485,CUST_2055,723.61,card,card_declined,2,1697,0,5,5,1.0,1
PAY_00486,CUST_1775,765.64,upi,insufficient_funds,8,1951,0,8,2,0.25,0
PAY_00487,CUST_2042,3287.77,card,network_timeout,12,2002,2,12,11,0.917,1
PAY_00488,CUST_0583,647.65,card,card_declined,21,837,1,9,8,0.889,0
PAY_00489,CUST_0126,1637.65,wallet,network_timeout,13,1765,2,0,0,0.75,1
PAY_00490,CUST_1567,15373.49,upi,network_timeout,1,1253,2,8,8,1.0,1
PAY_00491,CUST_1031,2599.8,card,checkout_abandoned,4,49,1,6,5,0.833,0
PAY_00492,CUST_2402,3259.54,upi,network_timeout,21,1044,0,1,0,0.0,1
PAY_00493,CUST_0503,770.25,wallet,checkout_abandoned,3,1548,2,4,2,0.5,0
PAY_00494,CUST_0678,674.32,card,insufficient_funds,20,1627,2,14,10,0.714,0
PAY_00495,CUST_0915,3402.27,wallet,checkout_abandoned,18,819,0,5,2,0.4,0
PAY_00496,CUST_2194,1436.06,netbanking,network_timeout,3,795,2,10,4,0.4,1
PAY_00497,CUST_2448,4602.89,card,insufficient_funds,13,1397,0,2,1,0.5,0
PAY_00498,CUST_1313,2018.38,upi,network_timeout,13,27,1,13,12,0.923,1
PAY_00499,CUST_0591,30965.6,upi,insufficient_funds,2,1838,0,12,9,0.75,0
PAY_00500,CUST_1470,1233.59,netbanking,network_timeout,2,775,1,2,1,0.5,1
PAY_00501,CUST_0096,2457.37,card,checkout_abandoned,4,1261,1,10,3,0.3,0
PAY_00502,CUST_0671,953.58,card,checkout_abandoned,22,1016,0,13,12,0.923,1
PAY_00503,CUST_1002,4452.43,card,checkout_abandoned,1,864,0,13,13,1.0,0
PAY_00504,CUST_2315,2773.74,upi,network_timeout,23,876,2,10,4,0.4,1
PAY_00505,CUST_0220,903.78,netbanking,network_timeout,14,1678,2,10,4,0.4,1
PAY_00506,CUST_1779,1512.79,netbanking,checkout_abandoned,8,590,2,7,3,0.429,0
PAY_00507,CUST_0654,5843.06,upi,insufficient_funds,7,2052,2,2,2,1.0,0
PAY_00508,CUST_1774,5307.68,card,checkout_abandoned,23,209,2,0,0,0.75,1
PAY_00509,CUST_1081,628.93,card,network_timeout,10,907,0,4,1,0.25,0
PAY_00510,CUST_2141,1343.14,netbanking,card_declined,6,61,0,3,1,0.333,0
PAY_00511,CUST_0254,8372.09,upi,card_declined,22,852,1,13,4,0.308,0
PAY_00512,CUST_0277,1705.82,netbanking,checkout_abandoned,14,1967,2,12,8,0.667,0
PAY_00513,CUST_1527,2258.1,card,card_declined,17,1211,2,4,0,0.0,0
PAY_00514,CUST_0252,4434.13,card,insufficient_funds,5,143,1,5,0,0.0,0
PAY_00515,CUST_2277,671.7,wallet,insufficient_funds,23,1472,0,11,5,0.455,1
PAY_00516,CUST_0207,919.46,card,card_declined,0,858,1,10,10,1.0,1
PAY_00517,CUST_0786,1505.05,card,insufficient_funds,22,265,0,13,5,0.385,0
PAY_00518,CUST_2205,5111.46,upi,checkout_abandoned,8,170,0,10,7,0.7,1
PAY_00519,CUST_1211,4408.78,upi,card_declined,0,950,0,10,8,0.8,1
PAY_00520,CUST_2256,3468.08,wallet,checkout_abandoned,10,240,0,11,6,0.545,0
PAY_00521,CUST_1854,1744.48,wallet,checkout_abandoned,9,1404,0,13,5,0.385,1
PAY_00522,CUST_1072,4813.59,upi,insufficient_funds,4,1398,1,5,1,0.2,0
PAY_00523,CUST_2168,1725.77,card,card_declined,20,1901,0,3,2,0.667,0
PAY_00524,CUST_1666,3096.16,upi,network_timeout,12,1995,1,13,7,0.538,1
PAY_00525,CUST_1650,4044.74,netbanking,card_declined,0,2015,2,2,1,0.5,0
PAY_00526,CUST_2122,7577.95,card,insufficient_funds,22,752,2,4,1,0.25,0
PAY_00527,CUST_0353,1864.0,wallet,checkout_abandoned,11,550,2,2,1,0.5,1
PAY_00528,CUST_0900,1458.92,upi,checkout_abandoned,19,1610,0,12,12,1.0,1
PAY_00529,CUST_1012,5495.05,card,checkout_abandoned,2,917,0,13,7,0.538,1
PAY_00530,CUST_0659,5843.14,upi,insufficient_funds,9,1686,2,6,2,0.333,0
PAY_00531,CUST_0774,1262.49,upi,checkout_abandoned,16,1787,1,1,0,0.0,0
PAY_00532,CUST_2419,805.54,card,checkout_abandoned,10,1383,1,3,1,0.333,0
PAY_00533,CUST_0003,5170.73,card,insufficient_funds,0,1018,1,8,6,0.75,0
PAY_00534,CUST_0481,524.35,upi,network_timeout,20,1876,0,5,3,0.6,0
PAY_00535,CUST_1365,503.36,card,card_declined,14,1098,2,11,7,0.636,0
PAY_00536,CUST_1254,1573.26,card,card_declined,13,404,0,11,2,0.182,0
PAY_00537,CUST_2247,1953.73,upi,network_timeout,4,239,0,6,6,1.0,1
PAY_00538,CUST_1473,770.92,netbanking,card_declined,10,163,2,9,8,0.889,0
PAY_00539,CUST_2441,2149.59,upi,card_declined,20,228,2,0,0,0.75,0
PAY_00540,CUST_0941,2227.68,wallet,checkout_abandoned,6,985,2,2,2,1.0,0
PAY_00541,CUST_2440,1225.66,wallet,checkout_abandoned,4,1274,2,5,5,1.0,0
PAY_00542,CUST_1230,9157.36,upi,network_timeout,22,1153,0,1,0,0.0,1
PAY_00543,CUST_0274,2538.56,card,checkout_abandoned,8,789,1,0,0,0.75,1
PAY_00544,CUST_2018,4439.66,netbanking,checkout_abandoned,11,804,1,10,6,0.6,1
PAY_00545,CUST_0506,561.48,card,card_declined,0,1130,0,0,0,0.75,0
PAY_00546,CUST_1800,557.61,netbanking,insufficient_funds,7,1991,1,3,3,1.0,0
PAY_00547,CUST_2228,2600.85,upi,insufficient_funds,22,1567,1,10,5,0.5,0
PAY_00548,CUST_1989,7938.09,card,card_declined,21,267,1,3,2,0.667,0
PAY_00549,CUST_0738,802.39,upi,checkout_abandoned,23,595,2,3,2,0.667,1
PAY_00550,CUST_0707,2018.77,upi,insufficient_funds,16,2015,1,11,9,0.818,0
PAY_00551,CUST_0275,670.13,wallet,network_timeout,17,1864,2,0,0,0.75,0
PAY_00552,CUST_0664,1012.97,card,card_declined,21,913,2,4,4,1.0,0
PAY_00553,CUST_1422,2100.71,wallet,card_declined,1,553,2,8,6,0.75,0
PAY_00554,CUST_0626,1213.73,card,checkout_abandoned,7,1800,0,1,1,1.0,0
PAY_00555,CUST_2118,633.41,netbanking,card_declined,2,1794,1,9,6,0.667,0
PAY_00556,CUST_1339,622.17,wallet,card_declined,23,816,0,6,5,0.833,0
PAY_00557,CUST_1444,398.11,card,insufficient_funds,14,198,2,4,3,0.75,0
PAY_00558,CUST_0404,2635.45,card,network_timeout,20,1097,0,8,5,0.625,1
PAY_00559,CUST_2234,2903.31,netbanking,network_timeout,14,1335,0,0,0,0.75,1
PAY_00560,CUST_2414,2891.66,netbanking,network_timeout,15,1486,2,9,7,0.778,0
PAY_00561,CUST_1609,869.75,card,card_declined,16,1959,0,6,3,0.5,0
PAY_00562,CUST_2052,4025.09,upi,card_declined,23,1023,1,0,0,0.75,0
PAY_00563,CUST_1652,3168.35,netbanking,checkout_abandoned,20,1967,1,11,10,0.909,0
PAY_00564,CUST_2460,1810.53,card,network_timeout,10,1888,0,6,6,1.0,0
PAY_00565,CUST_1004,1587.76,upi,network_timeout,15,96,1,1,1,1.0,1
PAY_00566,CUST_0613,1070.89,card,checkout_abandoned,12,1160,2,5,5,1.0,0
PAY_00567,CUST_1323,2099.12,card,checkout_abandoned,4,320,2,11,7,0.636,0
PAY_00568,CUST_1618,6563.9,netbanking,card_declined,14,40,1,6,6,1.0,0
PAY_00569,CUST_2075,4473.06,card,insufficient_funds,8,86,1,5,3,0.6,0
PAY_00570,CUST_2268,1466.41,wallet,network_timeout,18,1725,1,0,0,0.75,1
PAY_00571,CUST_0185,2769.55,upi,insufficient_funds,21,1867,1,0,0,0.75,0
PAY_00572,CUST_1104,745.76,upi,checkout_abandoned,16,1067,0,4,3,0.75,1
PAY_00573,CUST_1644,3227.93,card,network_timeout,4,2125,0,4,2,0.5,1
PAY_00574,CUST_1212,925.98,card,checkout_abandoned,22,1454,2,9,9,1.0,0
PAY_00575,CUST_0241,3126.74,netbanking,checkout_abandoned,7,101,0,7,7,1.0,0
PAY_00576,CUST_0102,19356.81,upi,network_timeout,11,699,2,1,1,1.0,1
PAY_00577,CUST_1831,1140.85,netbanking,checkout_abandoned,15,1428,0,9,8,0.889,0
PAY_00578,CUST_2394,18653.42,card,network_timeout,13,1509,0,14,14,1.0,0
PAY_00579,CUST_1567,2665.24,card,checkout_abandoned,18,1540,2,12,6,0.5,1
PAY_00580,CUST_1855,988.16,card,insufficient_funds,9,1560,0,14,13,0.929,0
PAY_00581,CUST_1323,952.58,netbanking,network_timeout,15,1342,2,7,3,0.429,0
PAY_00582,CUST_2417,11938.29,card,network_timeout,18,2156,0,5,3,0.6,0
PAY_00583,CUST_0849,2670.26,upi,card_declined,12,1290,1,0,0,0.75,0
PAY_00584,CUST_0557,1144.38,upi,insufficient_funds,17,788,2,10,8,0.8,0
PAY_00585,CUST_1824,1529.62,card,checkout_abandoned,20,407,1,6,3,0.5,0
PAY_00586,CUST_1932,2540.62,upi,network_timeout,22,475,0,9,4,0.444,1
PAY_00587,CUST_2147,1787.49,upi,card_declined,12,936,2,4,3,0.75,0
PAY_00588,CUST_0522,2373.83,wallet,insufficient_funds,23,1041,0,2,2,1.0,1
PAY_00589,CUST_0322,7438.55,card,card_declined,11,214,2,10,4,0.4,0
PAY_00590,CUST_0380,730.09,upi,card_declined,13,1494,1,5,4,0.8,1
PAY_00591,CUST_2279,3014.67,card,checkout_abandoned,3,853,2,7,5,0.714,0
PAY_00592,CUST_2292,1698.03,netbanking,insufficient_funds,0,1041,2,14,9,0.643,0
PAY_00593,CUST_1576,1207.5,upi,insufficient_funds,10,1484,2,4,4,1.0,0
PAY_00594,CUST_0321,4244.08,card,network_timeout,14,1861,1,1,1,1.0,1
PAY_00595,CUST_1827,559.14,netbanking,card_declined,11,1222,1,10,5,0.5,0
PAY_00596,CUST_1680,271.07,upi,insufficient_funds,15,2080,1,8,5,0.625,0
PAY_00597,CUST_1961,2154.19,card,checkout_abandoned,6,1529,1,5,4,0.8,0
PAY_00598,CUST_1040,1611.62,upi,network_timeout,1,2116,1,8,3,0.375,1
PAY_00599,CUST_0110,609.88,card,checkout_abandoned,17,896,1,13,5,0.385,0
PAY_00600,CUST_2326,458.11,netbanking,network_timeout,4,272,2,2,0,0.0,1
PAY_00601,CUST_1108,8434.19,upi,network_timeout,7,526,2,11,2,0.182,0
PAY_00602,CUST_1291,2607.0,netbanking,checkout_abandoned,20,526,2,8,4,0.5,0
PAY_00603,CUST_2125,1828.51,netbanking,checkout_abandoned,0,725,1,12,6,0.5,0
PAY_00604,CUST_1602,10422.66,netbanking,checkout_abandoned,10,636,2,13,5,0.385,0
PAY_00605,CUST_0781,4077.31,card,checkout_abandoned,15,1081,2,2,2,1.0,1
PAY_00606,CUST_1905,7412.8,card,checkout_abandoned,22,2005,1,1,1,1.0,1
PAY_00607,CUST_1285,700.35,card,checkout_abandoned,8,241,1,0,0,0.75,1
PAY_00608,CUST_0879,679.68,wallet,card_declined,7,1687,1,2,2,1.0,0
PAY_00609,CUST_1246,2948.94,wallet,checkout_abandoned,4,1226,0,5,3,0.6,0
PAY_00610,CUST_2350,2507.75,netbanking,insufficient_funds,23,263,0,3,2,0.667,1
PAY_00611,CUST_2286,4891.58,card,network_timeout,5,1726,1,12,7,0.583,0
PAY_00612,CUST_0186,488.29,card,checkout_abandoned,16,947,2,11,5,0.455,0
PAY_00613,CUST_0046,3160.29,netbanking,checkout_abandoned,20,1438,0,5,4,0.8,1
PAY_00614,CUST_0323,3971.73,card,checkout_abandoned,17,2007,1,8,6,0.75,0
PAY_00615,CUST_0491,3806.55,upi,insufficient_funds,12,324,0,4,4,1.0,1
PAY_00616,CUST_1668,1300.09,card,checkout_abandoned,14,446,1,7,7,1.0,1
PAY_00617,CUST_1747,2725.57,card,checkout_abandoned,8,397,0,4,0,0.0,0
PAY_00618,CUST_1088,967.79,upi,insufficient_funds,13,1196,1,11,3,0.273,0
PAY_00619,CUST_1694,1423.94,wallet,card_declined,18,2113,0,3,0,0.0,0
PAY_00620,CUST_0856,781.48,netbanking,card_declined,17,1489,0,14,4,0.286,0
PAY_00621,CUST_0658,981.04,upi,checkout_abandoned,3,1264,1,13,10,0.769,0
PAY_00622,CUST_1891,1484.41,card,network_timeout,4,140,2,2,1,0.5,0
PAY_00623,CUST_1385,1215.36,wallet,checkout_abandoned,17,724,1,8,3,0.375,0
PAY_00624,CUST_1919,980.94,upi,network_timeout,11,933,0,12,8,0.667,1
PAY_00625,CUST_0912,636.42,upi,checkout_abandoned,10,1056,2,12,8,0.667,0
PAY_00626,CUST_2175,8642.25,upi,insufficient_funds,22,1983,1,5,5,1.0,0
PAY_00627,CUST_1714,1206.03,card,checkout_abandoned,3,760,0,8,8,1.0,1
PAY_00628,CUST_0434,2343.77,card,card_declined,21,26,0,2,2,1.0,0
PAY_00629,CUST_1781,440.7,netbanking,network_timeout,13,912,1,3,3,1.0,1
PAY_00630,CUST_2028,5332.96,upi,checkout_abandoned,22,1368,0,3,2,0.667,0
PAY_00631,CUST_2183,2057.55,card,checkout_abandoned,11,827,1,4,1,0.25,0
PAY_00632,CUST_1686,1261.99,card,checkout_abandoned,19,1888,0,5,1,0.2,0
PAY_00633,CUST_0429,1270.83,wallet,card_declined,5,1726,0,10,4,0.4,0
PAY_00634,CUST_2133,3608.58,upi,insufficient_funds,18,929,2,13,11,0.846,0
PAY_00635,CUST_1639,169.54,upi,card_declined,5,1961,1,8,3,0.375,1
PAY_00636,CUST_1489,930.93,card,card_declined,22,560,2,7,5,0.714,0
PAY_00637,CUST_2470,1636.43,wallet,checkout_abandoned,13,2000,1,10,6,0.6,0
PAY_00638,CUST_2206,1621.41,netbanking,checkout_abandoned,18,1569,1,9,6,0.667,0
PAY_00639,CUST_0302,13356.94,upi,checkout_abandoned,21,347,1,6,4,0.667,0
PAY_00640,CUST_1939,1373.98,card,checkout_abandoned,2,793,1,0,0,0.75,1
PAY_00641,CUST_2084,3974.78,upi,checkout_abandoned,8,1430,0,8,6,0.75,0
PAY_00642,CUST_2329,7668.43,netbanking,checkout_abandoned,13,723,2,0,0,0.75,0
PAY_00643,CUST_1776,3077.99,netbanking,card_declined,0,1740,1,9,9,1.0,0
PAY_00644,CUST_1621,1049.94,wallet,card_declined,0,563,2,14,7,0.5,0
PAY_00645,CUST_0519,644.16,upi,network_timeout,15,1978,2,11,10,0.909,0
PAY_00646,CUST_1031,3267.82,card,checkout_abandoned,4,2075,1,12,10,0.833,1
PAY_00647,CUST_0579,6711.4,upi,card_declined,11,220,2,6,2,0.333,0
PAY_00648,CUST_0993,2785.86,netbanking,network_timeout,16,1610,1,7,3,0.429,1
PAY_00649,CUST_1603,4828.55,card,checkout_abandoned,18,1442,2,7,7,1.0,0
PAY_00650,CUST_1017,14315.52,card,card_declined,22,300,2,3,3,1.0,1
PAY_00651,CUST_0357,3517.27,upi,insufficient_funds,0,1418,1,14,11,0.786,0
PAY_00652,CUST_1697,746.23,card,checkout_abandoned,0,643,2,0,0,0.75,0
PAY_00653,CUST_0843,1875.05,netbanking,checkout_abandoned,1,1750,2,14,13,0.929,0
PAY_00654,CUST_0838,5386.84,card,card_declined,18,1936,0,14,7,0.5,0
PAY_00655,CUST_1224,1475.15,card,checkout_abandoned,1,2,2,14,12,0.857,1
PAY_00656,CUST_0027,6003.55,card,insufficient_funds,10,1792,1,0,0,0.75,0
PAY_00657,CUST_1868,1706.15,upi,checkout_abandoned,0,2119,0,14,7,0.5,0
PAY_00658,CUST_0247,2352.0,netbanking,insufficient_funds,19,761,0,3,1,0.333,0
PAY_00659,CUST_1975,1359.6,upi,network_timeout,19,2120,2,3,1,0.333,0
PAY_00660,CUST_1990,2045.04,upi,insufficient_funds,15,1532,2,10,9,0.9,0
PAY_00661,CUST_0599,2133.46,card,insufficient_funds,23,1225,1,5,0,0.0,0
PAY_00662,CUST_2308,497.06,upi,checkout_abandoned,14,218,1,14,14,1.0,1
PAY_00663,CUST_1428,1264.29,wallet,card_declined,16,1075,2,7,5,0.714,0
PAY_00664,CUST_0180,671.14,netbanking,card_declined,10,322,2,1,0,0.0,0
PAY_00665,CUST_0470,1299.66,card,insufficient_funds,23,624,2,3,3,1.0,1
PAY_00666,CUST_0814,952.81,upi,checkout_abandoned,8,1945,0,11,10,0.909,0
PAY_00667,CUST_0030,4044.04,card,checkout_abandoned,5,242,2,8,6,0.75,1
PAY_00668,CUST_1318,4081.67,card,checkout_abandoned,12,1174,1,4,4,1.0,1
PAY_00669,CUST_0457,2817.98,card,insufficient_funds,4,2115,2,3,3,1.0,0
PAY_00670,CUST_1919,652.9,card,insufficient_funds,16,295,2,10,5,0.5,0
PAY_00671,CUST_1411,1664.09,card,card_declined,14,410,2,3,1,0.333,0
PAY_00672,CUST_1744,612.65,netbanking,network_timeout,9,1060,2,1,0,0.0,0
PAY_00673,CUST_0418,1599.92,card,checkout_abandoned,0,1074,0,8,4,0.5,1
PAY_00674,CUST_2474,3021.41,netbanking,checkout_abandoned,11,1002,2,12,12,1.0,0
PAY_00675,CUST_1694,3980.75,wallet,network_timeout,12,481,1,4,2,0.5,0
PAY_00676,CUST_1462,2627.58,upi,insufficient_funds,14,2153,0,10,10,1.0,0
PAY_00677,CUST_2321,4926.18,upi,checkout_abandoned,1,232,2,6,3,0.5,1
PAY_00678,CUST_1052,2215.75,netbanking,network_timeout,0,32,2,14,5,0.357,0
PAY_00679,CUST_1125,1493.23,card,card_declined,18,528,0,9,6,0.667,0
PAY_00680,CUST_2274,3620.87,card,insufficient_funds,5,1597,2,7,3,0.429,0
PAY_00681,CUST_2126,3717.19,upi,card_declined,21,278,1,3,3,1.0,0
PAY_00682,CUST_0744,1183.47,netbanking,card_declined,4,1633,2,13,10,0.769,0
PAY_00683,CUST_1710,2437.5,netbanking,card_declined,8,852,0,0,0,0.75,0
PAY_00684,CUST_0527,1422.39,netbanking,network_timeout,20,1674,1,8,6,0.75,1
PAY_00685,CUST_0158,360.92,upi,network_timeout,2,466,1,3,3,1.0,0
PAY_00686,CUST_0678,2559.65,upi,insufficient_funds,21,1679,2,7,7,1.0,0
PAY_00687,CUST_0312,639.01,netbanking,insufficient_funds,0,4,1,14,10,0.714,1
PAY_00688,CUST_0776,2340.5,netbanking,checkout_abandoned,4,1533,0,1,1,1.0,0
PAY_00689,CUST_0711,527.05,upi,checkout_abandoned,7,51,0,0,0,0.75,1
PAY_00690,CUST_1199,1012.13,wallet,network_timeout,16,915,0,12,10,0.833,1
PAY_00691,CUST_2396,1272.4,netbanking,insufficient_funds,14,1524,2,10,8,0.8,0
PAY_00692,CUST_0724,4707.54,upi,checkout_abandoned,9,107,0,6,4,0.667,1
PAY_00693,CUST_0992,1174.66,card,card_declined,13,1994,2,3,3,1.0,0
PAY_00694,CUST_2130,761.71,card,insufficient_funds,13,2090,1,9,2,0.222,0
PAY_00695,CUST_0850,2409.12,netbanking,checkout_abandoned,19,1491,1,3,2,0.667,0
PAY_00696,CUST_2479,1513.17,card,network_timeout,9,523,2,9,4,0.444,1
PAY_00697,CUST_1682,3387.98,upi,checkout_abandoned,22,1537,2,6,3,0.5,0
PAY_00698,CUST_2413,801.14,upi,network_timeout,11,659,1,11,11,1.0,1
PAY_00699,CUST_2006,2130.74,netbanking,checkout_abandoned,20,1432,2,9,6,0.667,0
PAY_00700,CUST_1706,12980.39,netbanking,insufficient_funds,16,330,1,8,1,0.125,0
PAY_00701,CUST_1806,1486.41,netbanking,card_declined,9,1330,2,1,0,0.0,0
PAY_00702,CUST_1752,2090.01,card,insufficient_funds,6,717,2,9,9,1.0,0
PAY_00703,CUST_2116,476.62,card,card_declined,12,1268,2,10,7,0.7,0
PAY_00704,CUST_0130,909.74,upi,checkout_abandoned,0,708,1,7,7,1.0,1
PAY_00705,CUST_0268,2600.13,card,insufficient_funds,8,588,1,8,7,0.875,0
PAY_00706,CUST_1218,1382.47,upi,network_timeout,12,777,1,9,8,0.889,0
PAY_00707,CUST_0971,2942.72,wallet,checkout_abandoned,8,1891,2,3,2,0.667,0
PAY_00708,CUST_1506,2528.78,upi,checkout_abandoned,2,872,1,6,5,0.833,0
PAY_00709,CUST_0638,627.11,upi,insufficient_funds,14,1493,0,1,1,1.0,0
PAY_00710,CUST_2286,4055.33,upi,network_timeout,22,1442,1,11,9,0.818,1
PAY_00711,CUST_0440,666.07,netbanking,checkout_abandoned,10,1300,0,2,0,0.0,1
PAY_00712,CUST_0217,976.14,card,checkout_abandoned,8,2097,1,12,10,0.833,0
PAY_00713,CUST_1909,2162.74,upi,checkout_abandoned,16,96,2,9,6,0.667,0
PAY_00714,CUST_1280,6305.39,card,checkout_abandoned,0,1128,2,7,4,0.571,0
PAY_00715,CUST_2087,806.29,upi,checkout_abandoned,21,2107,0,7,7,1.0,0
PAY_00716,CUST_1081,2025.74,card,card_declined,11,2147,1,2,1,0.5,0
PAY_00717,CUST_2448,2039.29,upi,network_timeout,18,958,1,9,8,0.889,0
PAY_00718,CUST_0378,3045.53,netbanking,card_declined,7,119,1,5,3,0.6,1
PAY_00719,CUST_1142,4641.38,card,checkout_abandoned,4,773,2,11,9,0.818,0
PAY_00720,CUST_2399,1302.81,upi,checkout_abandoned,16,812,1,12,7,0.583,1
PAY_00721,CUST_0264,4044.13,card,network_timeout,6,786,1,13,9,0.692,1
PAY_00722,CUST_2299,5217.63,card,insufficient_funds,16,66,2,13,7,0.538,0
PAY_00723,CUST_2174,7500.38,card,card_declined,16,1995,1,11,10,0.909,0
PAY_00724,CUST_0363,2689.42,card,checkout_abandoned,16,1290,1,4,4,1.0,0
PAY_00725,CUST_1421,2041.6,wallet,card_declined,18,824,1,4,2,0.5,0
PAY_00726,CUST_0616,1231.36,wallet,card_declined,9,2114,2,14,7,0.5,0
PAY_00727,CUST_0487,560.23,upi,card_declined,23,1834,1,14,5,0.357,0
PAY_00728,CUST_1429,1441.12,upi,card_declined,20,459,1,4,2,0.5,0
PAY_00729,CUST_0866,1969.26,netbanking,network_timeout,11,395,0,9,4,0.444,1
PAY_00730,CUST_0640,1649.04,netbanking,network_timeout,1,1550,0,13,6,0.462,0
PAY_00731,CUST_2135,2903.63,upi,insufficient_funds,1,1892,0,12,7,0.583,0
PAY_00732,CUST_1698,562.39,card,card_declined,11,1648,1,14,4,0.286,0
PAY_00733,CUST_0636,1556.14,upi,card_declined,0,1780,2,5,2,0.4,0
PAY_00734,CUST_2001,8878.23,wallet,insufficient_funds,22,224,0,7,2,0.286,1
PAY_00735,CUST_2217,3991.89,card,card_declined,10,367,2,8,7,0.875,0
PAY_00736,CUST_1047,2946.86,upi,checkout_abandoned,10,935,0,14,14,1.0,1
PAY_00737,CUST_1596,2460.42,card,card_declined,12,1276,2,14,13,0.929,0
PAY_00738,CUST_2395,1343.72,card,insufficient_funds,23,302,0,8,6,0.75,1
PAY_00739,CUST_0990,442.43,upi,insufficient_funds,14,132,0,12,6,0.5,1
PAY_00740,CUST_0377,2594.75,card,insufficient_funds,17,761,2,5,3,0.6,0
PAY_00741,CUST_0132,253.86,wallet,card_declined,13,1532,1,9,6,0.667,1
PAY_00742,CUST_0510,1387.28,netbanking,card_declined,9,1742,1,12,12,1.0,0
PAY_00743,CUST_0033,1794.74,card,checkout_abandoned,2,1766,2,13,10,0.769,0
PAY_00744,CUST_1808,1258.64,netbanking,card_declined,16,628,1,1,1,1.0,0
PAY_00745,CUST_2304,10225.59,netbanking,network_timeout,11,631,2,1,1,1.0,1
PAY_00746,CUST_1343,7746.65,upi,network_timeout,22,2016,1,3,1,0.333,0
PAY_00747,CUST_2364,4112.52,upi,insufficient_funds,3,339,1,1,1,1.0,1
PAY_00748,CUST_1559,858.58,netbanking,insufficient_funds,20,1676,1,3,1,0.333,0
PAY_00749,CUST_2472,8372.22,card,checkout_abandoned,16,9,1,14,11,0.786,1
PAY_00750,CUST_1348,2953.41,card,checkout_abandoned,4,569,2,9,9,1.0,0
PAY_00751,CUST_0982,847.22,card,insufficient_funds,12,414,1,1,1,1.0,1
PAY_00752,CUST_2172,1847.73,card,insufficient_funds,19,921,2,10,9,0.9,0
PAY_00753,CUST_1925,3875.39,upi,card_declined,16,237,0,14,4,0.286,0
PAY_00754,CUST_0954,1114.81,card,network_timeout,5,1334,2,12,6,0.5,0
PAY_00755,CUST_1088,2014.18,upi,checkout_abandoned,16,952,0,12,11,0.917,1
PAY_00756,CUST_0152,2318.61,upi,card_declined,2,1310,0,13,9,0.692,0
PAY_00757,CUST_0916,746.1,netbanking,insufficient_funds,3,1570,0,11,9,0.818,0
PAY_00758,CUST_1712,1450.22,upi,checkout_abandoned,9,1216,2,13,10,0.769,0
PAY_00759,CUST_0702,792.48,wallet,card_declined,1,1129,0,11,7,0.636,0
PAY_00760,CUST_1278,3606.44,wallet,network_timeout,14,813,2,10,9,0.9,1
PAY_00761,CUST_2027,870.53,card,checkout_abandoned,4,1421,1,2,0,0.0,0
PAY_00762,CUST_1532,2273.29,upi,card_declined,7,2039,0,13,5,0.385,0
PAY_00763,CUST_0818,591.95,card,card_declined,14,312,1,1,0,0.0,0
PAY_00764,CUST_0588,726.9,netbanking,card_declined,20,190,1,4,3,0.75,0
PAY_00765,CUST_1468,699.27,upi,checkout_abandoned,3,1725,1,10,9,0.9,0
PAY_00766,CUST_1974,1427.79,card,card_declined,7,1367,0,10,3,0.3,0
PAY_00767,CUST_2121,2079.43,card,card_declined,10,1251,2,13,8,0.615,0
PAY_00768,CUST_0158,2409.91,card,card_declined,2,77,2,1,0,0.0,0
PAY_00769,CUST_0765,436.05,netbanking,card_declined,4,942,0,11,9,0.818,0
PAY_00770,CUST_0494,1572.83,netbanking,network_timeout,11,1200,1,1,0,0.0,1
PAY_00771,CUST_1613,987.41,card,card_declined,9,1626,1,9,5,0.556,0
PAY_00772,CUST_0021,2759.72,card,network_timeout,15,398,0,3,1,0.333,1
PAY_00773,CUST_0445,1453.07,card,network_timeout,20,1294,2,8,7,0.875,0
PAY_00774,CUST_1725,1687.29,upi,checkout_abandoned,6,183,0,1,1,1.0,1
PAY_00775,CUST_1856,991.86,card,card_declined,4,1749,2,0,0,0.75,1
PAY_00776,CUST_1916,7152.81,card,checkout_abandoned,21,115,1,14,9,0.643,1
PAY_00777,CUST_0178,644.63,netbanking,network_timeout,8,1228,1,7,6,0.857,0
PAY_00778,CUST_1352,1307.35,upi,card_declined,1,2064,1,6,4,0.667,0
PAY_00779,CUST_1701,1961.81,upi,checkout_abandoned,22,757,1,5,2,0.4,0
PAY_00780,CUST_0448,1472.11,upi,checkout_abandoned,14,278,1,13,4,0.308,1
PAY_00781,CUST_1844,976.91,upi,insufficient_funds,23,1404,2,11,8,0.727,0
PAY_00782,CUST_0121,422.5,upi,checkout_abandoned,20,777,0,7,6,0.857,1
PAY_00783,CUST_2167,1035.18,card,network_timeout,15,1438,2,1,1,1.0,1
PAY_00784,CUST_0732,835.5,card,network_timeout,19,1016,1,10,9,0.9,1
PAY_00785,CUST_2173,6897.55,wallet,checkout_abandoned,3,754,0,3,2,0.667,0
PAY_00786,CUST_0965,11018.14,netbanking,insufficient_funds,15,53,2,4,0,0.0,1
PAY_00787,CUST_2054,1728.33,upi,checkout_abandoned,3,798,2,9,3,0.333,0
PAY_00788,CUST_1186,585.07,card,insufficient_funds,1,1997,0,14,5,0.357,0
PAY_00789,CUST_0497,3248.59,card,checkout_abandoned,19,2138,2,3,2,0.667,1
PAY_00790,CUST_1906,821.13,card,network_timeout,1,34,1,0,0,0.75,0
PAY_00791,CUST_1685,1160.03,wallet,card_declined,0,424,2,6,6,1.0,0
PAY_00792,CUST_2358,1088.4,netbanking,insufficient_funds,11,1968,1,10,3,0.3,0
PAY_00793,CUST_0726,1206.09,upi,insufficient_funds,8,1794,0,9,6,0.667,1
PAY_00794,CUST_2009,1355.28,wallet,card_declined,22,69,0,14,13,0.929,1
PAY_00795,CUST_0950,629.38,card,card_declined,16,920,0,3,3,1.0,1
PAY_00796,CUST_0879,1026.52,upi,insufficient_funds,1,886,2,11,5,0.455,0
PAY_00797,CUST_0566,4070.4,card,card_declined,3,2126,0,11,4,0.364,0
PAY_00798,CUST_0049,1752.32,card,card_declined,20,1691,2,12,9,0.75,0
PAY_00799,CUST_1320,1989.81,wallet,checkout_abandoned,19,1666,0,13,13,1.0,1
PAY_00800,CUST_2437,301.79,netbanking,checkout_abandoned,19,54,1,4,4,1.0,1
PAY_00801,CUST_1507,3842.08,card,checkout_abandoned,6,1496,2,4,0,0.0,0
PAY_00802,CUST_1701,1040.16,card,insufficient_funds,22,1749,1,6,4,0.667,0
PAY_00803,CUST_1722,4423.63,upi,checkout_abandoned,11,893,2,5,4,0.8,0
PAY_00804,CUST_0804,2036.45,card,network_timeout,3,1016,0,2,2,1.0,0
PAY_00805,CUST_2312,1148.14,upi,card_declined,21,548,2,4,3,0.75,0
PAY_00806,CUST_2328,470.27,upi,card_declined,2,1018,1,5,4,0.8,1
PAY_00807,CUST_1909,10253.95,card,checkout_abandoned,2,733,2,11,4,0.364,0
PAY_00808,CUST_0228,3422.55,card,card_declined,9,402,0,0,0,0.75,0
PAY_00809,CUST_0090,3590.34,card,network_timeout,19,2143,2,11,9,0.818,1
PAY_00810,CUST_0859,7712.55,wallet,checkout_abandoned,12,505,1,11,10,0.909,0
PAY_00811,CUST_2469,2153.42,card,card_declined,3,406,0,1,0,0.0,0
PAY_00812,CUST_1248,5310.61,upi,card_declined,20,1725,0,14,10,0.714,1
PAY_00813,CUST_2227,1227.43,card,checkout_abandoned,12,340,0,10,8,0.8,1
PAY_00814,CUST_0701,3247.38,upi,network_timeout,22,23,2,10,6,0.6,0
PAY_00815,CUST_1848,1087.31,card,card_declined,14,1266,0,11,10,0.909,0
PAY_00816,CUST_0288,1202.86,card,checkout_abandoned,7,689,2,12,12,1.0,1
PAY_00817,CUST_1076,1945.24,upi,checkout_abandoned,3,1501,0,6,6,1.0,1
PAY_00818,CUST_0312,653.03,upi,network_timeout,19,692,0,7,5,0.714,1
PAY_00819,CUST_0004,2342.75,card,network_timeout,2,203,2,9,9,1.0,1
PAY_00820,CUST_1658,1402.45,card,insufficient_funds,20,585,2,2,0,0.0,0
PAY_00821,CUST_0573,367.05,wallet,card_declined,18,864,1,0,0,0.75,1
PAY_00822,CUST_2418,1248.14,card,network_timeout,9,671,2,10,8,0.8,1
PAY_00823,CUST_2450,1365.8,card,insufficient_funds,13,1289,2,3,3,1.0,0
PAY_00824,CUST_2463,3561.05,card,checkout_abandoned,10,265,0,4,4,1.0,0
PAY_00825,CUST_1868,2261.31,card,checkout_abandoned,0,1404,1,1,1,1.0,0
PAY_00826,CUST_1186,5730.28,upi,card_declined,21,360,2,6,5,0.833,0
PAY_00827,CUST_0625,2728.83,upi,network_timeout,18,1300,2,8,3,0.375,1
PAY_00828,CUST_1913,1155.6,upi,card_declined,21,1203,1,13,9,0.692,0
PAY_00829,CUST_1770,1717.89,upi,checkout_abandoned,14,352,0,7,4,0.571,0
PAY_00830,CUST_0525,1362.54,card,insufficient_funds,23,1213,1,5,4,0.8,0
PAY_00831,CUST_0583,2659.57,netbanking,network_timeout,1,2092,0,11,9,0.818,1
PAY_00832,CUST_1732,1888.24,card,network_timeout,14,2008,2,4,2,0.5,0
PAY_00833,CUST_1845,1088.65,card,insufficient_funds,21,1632,0,0,0,0.75,0
PAY_00834,CUST_1140,1812.43,upi,checkout_abandoned,11,1150,0,0,0,0.75,1
PAY_00835,CUST_0264,2603.17,card,checkout_abandoned,11,1666,1,12,11,0.917,0
PAY_00836,CUST_1614,804.65,card,network_timeout,19,946,0,10,10,1.0,1
PAY_00837,CUST_0374,2319.6,card,checkout_abandoned,8,669,2,2,1,0.5,1
PAY_00838,CUST_0080,509.08,upi,checkout_abandoned,1,206,1,3,3,1.0,1
PAY_00839,CUST_2329,4359.0,card,insufficient_funds,6,1047,1,12,11,0.917,0
PAY_00840,CUST_1908,2744.31,upi,network_timeout,20,1590,2,9,6,0.667,0
PAY_00841,CUST_1771,6627.4,netbanking,card_declined,7,1856,2,7,7,1.0,0
PAY_00842,CUST_1398,736.76,upi,checkout_abandoned,5,964,2,5,4,0.8,0
PAY_00843,CUST_1809,4457.32,card,network_timeout,10,1494,0,5,4,0.8,1
PAY_00844,CUST_1373,3805.36,netbanking,insufficient_funds,11,1639,1,11,6,0.545,0
PAY_00845,CUST_2392,1555.82,card,card_declined,22,520,0,2,2,1.0,1
PAY_00846,CUST_0557,1331.72,wallet,checkout_abandoned,16,418,0,13,7,0.538,1
PAY_00847,CUST_1088,755.53,upi,insufficient_funds,18,1215,1,3,3,1.0,1
PAY_00848,CUST_0896,613.32,card,checkout_abandoned,0,1329,0,3,2,0.667,0
PAY_00849,CUST_1014,986.89,netbanking,card_declined,20,101,1,5,5,1.0,1
PAY_00850,CUST_0128,659.13,upi,checkout_abandoned,9,1564,2,11,11,1.0,0
PAY_00851,CUST_2263,6451.84,upi,card_declined,2,1040,0,0,0,0.75,0
PAY_00852,CUST_0868,541.26,card,card_declined,7,782,0,2,1,0.5,0
PAY_00853,CUST_1458,2027.7,upi,checkout_abandoned,15,1009,0,5,2,0.4,1
PAY_00854,CUST_0683,2550.66,upi,checkout_abandoned,1,1037,2,2,1,0.5,0
PAY_00855,CUST_0262,2395.96,netbanking,card_declined,18,1556,2,5,0,0.0,0
PAY_00856,CUST_1955,2570.29,card,network_timeout,4,139,0,6,6,1.0,1
PAY_00857,CUST_1123,3837.83,upi,checkout_abandoned,20,1827,2,9,5,0.556,0
PAY_00858,CUST_0338,1259.92,upi,checkout_abandoned,3,584,0,4,3,0.75,1
PAY_00859,CUST_1626,1930.59,upi,insufficient_funds,21,1858,2,8,5,0.625,0
PAY_00860,CUST_0412,1423.24,upi,network_timeout,18,356,0,14,8,0.571,1
PAY_00861,CUST_2214,5102.89,card,checkout_abandoned,4,777,2,6,5,0.833,0
PAY_00862,CUST_2002,9656.96,netbanking,checkout_abandoned,9,809,1,12,5,0.417,0
PAY_00863,CUST_1764,692.56,card,checkout_abandoned,2,381,2,4,3,0.75,0
PAY_00864,CUST_1466,354.48,card,network_timeout,1,193,1,13,7,0.538,0
PAY_00865,CUST_2443,2837.98,upi,card_declined,8,4,1,8,6,0.75,1
PAY_00866,CUST_1620,4237.97,card,checkout_abandoned,5,1789,2,2,2,1.0,0
PAY_00867,CUST_0078,8613.83,card,checkout_abandoned,18,253,2,13,10,0.769,0
PAY_00868,CUST_0323,3248.19,card,checkout_abandoned,17,1584,1,10,4,0.4,0
PAY_00869,CUST_1686,5498.15,upi,card_declined,7,37,2,5,5,1.0,0
PAY_00870,CUST_1629,6792.61,wallet,card_declined,5,1869,0,9,5,0.556,1
PAY_00871,CUST_0918,5810.16,upi,checkout_abandoned,21,539,2,14,7,0.5,0
PAY_00872,CUST_1614,3642.66,card,card_declined,10,2047,1,1,1,1.0,1
PAY_00873,CUST_0897,645.34,netbanking,checkout_abandoned,15,1020,0,0,0,0.75,0
PAY_00874,CUST_1173,1788.0,card,insufficient_funds,15,1219,1,11,3,0.273,0
PAY_00875,CUST_0445,2288.32,wallet,checkout_abandoned,16,1032,1,4,4,1.0,0
PAY_00876,CUST_2398,1661.86,upi,checkout_abandoned,23,1609,2,12,7,0.583,0
PAY_00877,CUST_1563,1745.96,card,insufficient_funds,16,469,1,11,9,0.818,0
PAY_00878,CUST_0680,6306.43,upi,insufficient_funds,1,1059,2,13,12,0.923,0
PAY_00879,CUST_1681,982.48,card,network_timeout,9,534,1,11,11,1.0,1
PAY_00880,CUST_1440,3411.08,netbanking,network_timeout,5,1697,2,14,14,1.0,0
PAY_00881,CUST_0705,2318.55,card,insufficient_funds,5,1852,2,9,7,0.778,0
PAY_00882,CUST_0324,906.43,netbanking,network_timeout,5,1159,1,1,0,0.0,0
PAY_00883,CUST_1698,760.72,netbanking,checkout_abandoned,20,1346,0,3,0,0.0,0
PAY_00884,CUST_0967,461.5,netbanking,network_timeout,21,1590,1,13,13,1.0,0
PAY_00885,CUST_0653,2654.48,netbanking,card_declined,4,878,0,4,4,1.0,0
PAY_00886,CUST_0663,1711.19,card,insufficient_funds,13,594,1,14,8,0.571,0
PAY_00887,CUST_0393,929.75,upi,insufficient_funds,10,2047,2,13,5,0.385,0
PAY_00888,CUST_1740,401.28,netbanking,card_declined,18,1484,1,10,7,0.7,1
PAY_00889,CUST_2350,2544.55,card,card_declined,20,54,2,2,2,1.0,0
PAY_00890,CUST_1907,1566.44,card,checkout_abandoned,11,1250,1,2,2,1.0,1
PAY_00891,CUST_0546,1016.97,card,insufficient_funds,10,969,1,11,3,0.273,0
PAY_00892,CUST_2149,832.4,card,checkout_abandoned,11,540,0,6,2,0.333,1
PAY_00893,CUST_1205,1487.25,netbanking,card_declined,11,1704,2,6,5,0.833,0
PAY_00894,CUST_0621,2621.6,upi,card_declined,23,1481,0,1,1,1.0,1
PAY_00895,CUST_1080,1382.37,upi,checkout_abandoned,3,1001,1,6,3,0.5,1
PAY_00896,CUST_1622,695.56,wallet,checkout_abandoned,3,800,2,0,0,0.75,0
PAY_00897,CUST_1638,1718.22,card,insufficient_funds,9,483,0,2,2,1.0,1
PAY_00898,CUST_1267,4154.64,netbanking,card_declined,9,1359,2,13,10,0.769,0
PAY_00899,CUST_1142,1858.93,card,card_declined,11,1847,2,11,9,0.818,0
PAY_00900,CUST_1339,1901.28,card,network_timeout,23,1422,0,14,11,0.786,1
PAY_00901,CUST_1858,1387.15,card,network_timeout,14,24,1,13,8,0.615,0
PAY_00902,CUST_0563,883.43,card,insufficient_funds,6,1450,2,13,12,0.923,0
PAY_00903,CUST_0712,860.25,card,card_declined,6,946,1,6,3,0.5,0
PAY_00904,CUST_1772,476.31,upi,network_timeout,2,1476,2,3,1,0.333,0
PAY_00905,CUST_1805,4630.97,card,checkout_abandoned,0,820,2,10,7,0.7,0
PAY_00906,CUST_1558,2605.83,card,checkout_abandoned,7,902,0,9,9,1.0,0
PAY_00907,CUST_1923,1922.79,upi,network_timeout,16,974,2,6,6,1.0,1
PAY_00908,CUST_2267,2280.18,card,card_declined,20,1349,2,7,6,0.857,0
PAY_00909,CUST_0952,2361.77,netbanking,insufficient_funds,16,1816,1,3,1,0.333,1
PAY_00910,CUST_1502,1000.15,wallet,insufficient_funds,23,1958,2,7,3,0.429,0
PAY_00911,CUST_2163,1387.6,upi,checkout_abandoned,5,382,2,14,2,0.143,0
PAY_00912,CUST_1736,1231.73,upi,checkout_abandoned,14,148,1,6,5,0.833,1
PAY_00913,CUST_0446,13422.41,upi,checkout_abandoned,18,1799,0,7,5,0.714,0
PAY_00914,CUST_0862,4071.24,upi,checkout_abandoned,23,1691,2,14,10,0.714,0
PAY_00915,CUST_1501,2058.74,wallet,checkout_abandoned,6,601,2,12,3,0.25,0
PAY_00916,CUST_0470,5368.64,wallet,checkout_abandoned,4,279,0,11,11,1.0,1
PAY_00917,CUST_1878,4852.71,card,card_declined,23,272,0,0,0,0.75,1
PAY_00918,CUST_2368,596.53,upi,card_declined,15,1006,1,12,8,0.667,0
PAY_00919,CUST_1441,1506.07,netbanking,insufficient_funds,18,611,2,1,1,1.0,0
PAY_00920,CUST_1509,1776.65,card,network_timeout,14,355,2,0,0,0.75,0
PAY_00921,CUST_1697,2935.89,upi,card_declined,3,1753,2,5,5,1.0,0
PAY_00922,CUST_1197,1504.7,upi,checkout_abandoned,3,1690,1,6,6,1.0,0
PAY_00923,CUST_1751,1663.56,upi,network_timeout,7,1143,1,1,1,1.0,0
PAY_00924,CUST_2497,1244.47,card,network_timeout,14,81,0,8,2,0.25,1
PAY_00925,CUST_0799,4165.91,card,card_declined,22,302,2,13,7,0.538,0
PAY_00926,CUST_0663,567.29,card,insufficient_funds,12,1514,1,9,6,0.667,0
PAY_00927,CUST_1189,1278.78,upi,card_declined,12,810,2,14,5,0.357,0
PAY_00928,CUST_1766,411.83,wallet,checkout_abandoned,18,867,2,13,4,0.308,1
PAY_00929,CUST_1880,789.84,netbanking,network_timeout,16,1759,2,12,9,0.75,0
PAY_00930,CUST_0564,2319.91,card,checkout_abandoned,19,573,2,2,1,0.5,0
PAY_00931,CUST_2371,2355.4,card,insufficient_funds,7,2112,1,9,7,0.778,0
PAY_00932,CUST_1101,1401.07,netbanking,insufficient_funds,5,2074,0,1,1,1.0,0
PAY_00933,CUST_1217,4423.69,upi,insufficient_funds,16,1288,1,11,5,0.455,0
PAY_00934,CUST_0949,5317.59,upi,checkout_abandoned,2,631,1,13,12,0.923,1
PAY_00935,CUST_0092,1703.02,card,checkout_abandoned,18,2135,2,1,0,0.0,0
PAY_00936,CUST_1886,2199.29,card,card_declined,22,458,0,7,5,0.714,0
PAY_00937,CUST_1148,1253.26,netbanking,checkout_abandoned,15,1869,2,1,1,1.0,0
PAY_00938,CUST_1169,2972.18,upi,card_declined,17,932,1,8,3,0.375,0
PAY_00939,CUST_1312,692.49,card,checkout_abandoned,12,1857,0,6,4,0.667,0
PAY_00940,CUST_0866,7571.98,wallet,card_declined,8,653,0,13,13,1.0,1
PAY_00941,CUST_0333,4480.68,upi,insufficient_funds,5,1546,0,4,3,0.75,1
PAY_00942,CUST_0730,689.8,wallet,checkout_abandoned,12,1572,2,11,5,0.455,0
PAY_00943,CUST_1366,957.5,upi,card_declined,21,806,1,9,7,0.778,0
PAY_00944,CUST_2096,2521.33,upi,insufficient_funds,19,66,1,10,6,0.6,0
PAY_00945,CUST_1094,1373.26,wallet,insufficient_funds,8,645,1,14,13,0.929,1
PAY_00946,CUST_0522,2782.82,wallet,card_declined,3,1495,1,2,2,1.0,1
PAY_00947,CUST_0670,1350.22,wallet,checkout_abandoned,23,1710,0,0,0,0.75,1
PAY_00948,CUST_1149,6096.02,netbanking,checkout_abandoned,0,912,2,9,4,0.444,0
PAY_00949,CUST_2286,1812.0,upi,checkout_abandoned,4,1928,0,1,0,0.0,0
PAY_00950,CUST_1059,12481.29,card,insufficient_funds,13,1693,0,6,6,1.0,0
PAY_00951,CUST_0650,2915.17,card,network_timeout,20,220,2,7,7,1.0,1
PAY_00952,CUST_1179,611.56,wallet,card_declined,2,721,0,9,2,0.222,0
PAY_00953,CUST_2291,9554.23,card,card_declined,5,1132,2,0,0,0.75,0
PAY_00954,CUST_1669,4335.04,netbanking,card_declined,23,40,0,8,2,0.25,0
PAY_00955,CUST_1798,2439.77,wallet,checkout_abandoned,1,593,1,11,9,0.818,0
PAY_00956,CUST_2217,3019.51,wallet,checkout_abandoned,4,1648,1,0,0,0.75,0
PAY_00957,CUST_0065,695.27,wallet,checkout_abandoned,0,1844,0,5,2,0.4,1
PAY_00958,CUST_0395,424.98,upi,network_timeout,17,287,2,5,5,1.0,1
PAY_00959,CUST_0571,1740.87,upi,network_timeout,7,1289,2,5,4,0.8,0
PAY_00960,CUST_1792,5423.83,wallet,network_timeout,17,1032,0,6,3,0.5,1
PAY_00961,CUST_0522,2470.33,card,network_timeout,0,1844,0,2,2,1.0,1
PAY_00962,CUST_0358,7064.79,card,insufficient_funds,3,1799,2,7,6,0.857,0
PAY_00963,CUST_1064,5179.78,wallet,card_declined,2,2057,1,1,1,1.0,0
PAY_00964,CUST_0017,1829.92,upi,card_declined,0,1998,0,1,0,0.0,0
PAY_00965,CUST_2199,4640.36,upi,checkout_abandoned,0,1596,2,8,7,0.875,0
PAY_00966,CUST_0020,6085.22,card,network_timeout,5,532,1,13,10,0.769,1
PAY_00967,CUST_0376,1688.16,upi,checkout_abandoned,20,539,1,10,3,0.3,0
PAY_00968,CUST_2241,1517.05,wallet,card_declined,12,1810,1,5,4,0.8,0
PAY_00969,CUST_2470,2014.05,upi,network_timeout,18,1510,1,5,3,0.6,1
PAY_00970,CUST_2116,261.39,card,card_declined,3,1676,2,7,3,0.429,0
PAY_00971,CUST_1233,2252.71,upi,insufficient_funds,21,609,2,0,0,0.75,0
PAY_00972,CUST_0815,3203.16,netbanking,card_declined,22,1994,2,9,3,0.333,0
PAY_00973,CUST_2293,2020.6,wallet,card_declined,14,368,2,2,2,1.0,0
PAY_00974,CUST_1623,2371.51,card,checkout_abandoned,18,1760,1,10,5,0.5,0
PAY_00975,CUST_0100,1738.47,upi,insufficient_funds,9,725,1,5,2,0.4,0
PAY_00976,CUST_0375,364.28,card,network_timeout,5,194,1,5,5,1.0,1
PAY_00977,CUST_2236,6806.39,upi,network_timeout,21,1775,1,6,5,0.833,1
PAY_00978,CUST_1886,1341.14,card,insufficient_funds,2,2039,0,1,1,1.0,1
PAY_00979,CUST_0190,1098.09,upi,network_timeout,9,2096,1,3,1,0.333,0
PAY_00980,CUST_2496,5334.38,upi,card_declined,1,54,0,3,3,1.0,0
PAY_00981,CUST_1421,3938.29,card,checkout_abandoned,7,980,1,12,12,1.0,1
PAY_00982,CUST_2362,2239.47,card,checkout_abandoned,19,742,2,2,1,0.5,0
PAY_00983,CUST_2402,3331.03,card,checkout_abandoned,17,725,1,1,0,0.0,0
PAY_00984,CUST_1585,714.48,card,network_timeout,21,841,1,3,1,0.333,0
PAY_00985,CUST_0139,1687.2,upi,card_declined,19,41,1,6,1,0.167,1
PAY_00986,CUST_1118,5071.38,card,checkout_abandoned,12,1048,1,9,4,0.444,0
PAY_00987,CUST_2237,1047.15,card,insufficient_funds,23,161,2,6,1,0.167,0
PAY_00988,CUST_0917,809.87,wallet,card_declined,13,508,0,8,8,1.0,0
PAY_00989,CUST_0770,1916.82,card,insufficient_funds,15,1554,2,7,6,0.857,0
PAY_00990,CUST_0692,1953.13,netbanking,checkout_abandoned,10,268,0,2,1,0.5,0
PAY_00991,CUST_1669,3021.77,upi,network_timeout,7,1456,0,0,0,0.75,1
PAY_00992,CUST_0214,597.66,upi,checkout_abandoned,19,1808,2,10,4,0.4,1
PAY_00993,CUST_1093,234.17,upi,checkout_abandoned,22,2112,0,14,6,0.429,0
PAY_00994,CUST_0524,3761.33,card,card_declined,20,1386,1,0,0,0.75,0
PAY_00995,CUST_2211,756.84,netbanking,checkout_abandoned,17,1904,1,13,12,0.923,1
PAY_00996,CUST_1397,1104.94,netbanking,insufficient_funds,7,1026,2,13,6,0.462,0
PAY_00997,CUST_0675,313.86,card,network_timeout,19,1950,0,11,10,0.909,0
PAY_00998,CUST_0680,4080.08,netbanking,card_declined,21,1673,1,8,8,1.0,0
PAY_00999,CUST_1846,2382.28,upi,checkout_abandoned,11,1982,1,5,4,0.8,0
PAY_01000,CUST_1814,2306.99,wallet,insufficient_funds,5,1976,2,8,4,0.5,1
PAY_01001,CUST_2209,2294.58,netbanking,card_declined,15,1488,1,0,0,0.75,0
PAY_01002,CUST_1920,346.34,card,network_timeout,5,484,0,4,1,0.25,0
PAY_01003,CUST_0381,818.45,netbanking,card_declined,23,102,2,5,5,1.0,1
PAY_01004,CUST_1192,1254.08,wallet,card_declined,20,698,0,7,6,0.857,1
PAY_01005,CUST_0006,988.86,upi,network_timeout,15,641,2,4,4,1.0,0
PAY_01006,CUST_2264,1448.57,card,insufficient_funds,12,2018,0,6,5,0.833,0
PAY_01007,CUST_1904,2191.85,netbanking,checkout_abandoned,4,82,0,10,8,0.8,1
PAY_01008,CUST_2039,4026.66,upi,insufficient_funds,1,1175,0,14,7,0.5,1
PAY_01009,CUST_1829,550.8,card,checkout_abandoned,0,2133,2,12,9,0.75,1
PAY_01010,CUST_0195,1787.32,netbanking,network_timeout,2,608,2,1,1,1.0,1
PAY_01011,CUST_1677,3180.45,upi,checkout_abandoned,10,1251,1,8,4,0.5,1
PAY_01012,CUST_2007,859.44,netbanking,network_timeout,6,342,2,6,6,1.0,1
PAY_01013,CUST_1592,1542.68,upi,network_timeout,8,909,2,7,3,0.429,0
PAY_01014,CUST_2075,2614.38,card,checkout_abandoned,4,2135,1,11,10,0.909,0
PAY_01015,CUST_1488,1816.21,wallet,insufficient_funds,17,1451,2,4,3,0.75,0
PAY_01016,CUST_0867,3086.83,upi,card_declined,23,1156,1,8,4,0.5,0
PAY_01017,CUST_1004,1941.66,upi,checkout_abandoned,0,2094,0,13,8,0.615,0
PAY_01018,CUST_1233,1402.56,card,checkout_abandoned,17,1862,1,8,5,0.625,0
PAY_01019,CUST_0750,704.42,card,card_declined,21,599,0,8,8,1.0,1
PAY_01020,CUST_0176,2193.55,upi,insufficient_funds,10,1374,1,13,6,0.462,0
PAY_01021,CUST_1229,1949.87,card,checkout_abandoned,13,1403,0,0,0,0.75,0
PAY_01022,CUST_0665,813.44,wallet,checkout_abandoned,19,958,0,5,3,0.6,1
PAY_01023,CUST_1290,2867.47,wallet,checkout_abandoned,15,395,2,7,3,0.429,0
PAY_01024,CUST_2379,4963.57,netbanking,network_timeout,7,1854,1,0,0,0.75,1
PAY_01025,CUST_1691,1061.53,card,checkout_abandoned,7,350,1,7,6,0.857,1
PAY_01026,CUST_2333,1005.7,upi,insufficient_funds,0,770,0,13,7,0.538,1
PAY_01027,CUST_2069,976.74,card,checkout_abandoned,19,536,0,11,5,0.455,1
PAY_01028,CUST_1708,469.94,netbanking,insufficient_funds,8,1660,2,0,0,0.75,0
PAY_01029,CUST_0348,8947.48,upi,checkout_abandoned,20,212,1,13,11,0.846,1
PAY_01030,CUST_0046,1256.94,wallet,insufficient_funds,8,979,1,11,11,1.0,0
PAY_01031,CUST_0393,905.76,card,network_timeout,12,1822,1,13,9,0.692,0
PAY_01032,CUST_0060,730.79,card,checkout_abandoned,3,1938,2,2,2,1.0,1
PAY_01033,CUST_1243,1319.71,wallet,network_timeout,1,448,0,13,4,0.308,1
PAY_01034,CUST_1488,1032.12,upi,checkout_abandoned,15,1087,2,0,0,0.75,0
PAY_01035,CUST_1376,5687.35,netbanking,insufficient_funds,17,1055,1,0,0,0.75,0
PAY_01036,CUST_0576,662.85,wallet,network_timeout,9,704,0,5,4,0.8,1
PAY_01037,CUST_1071,525.69,upi,insufficient_funds,15,1733,0,12,5,0.417,0
PAY_01038,CUST_1630,2798.86,upi,insufficient_funds,7,1567,0,12,10,0.833,0
PAY_01039,CUST_0745,1652.06,upi,insufficient_funds,16,179,0,9,3,0.333,0
PAY_01040,CUST_0240,1505.96,netbanking,card_declined,14,1858,1,0,0,0.75,0
PAY_01041,CUST_0416,2816.5,wallet,card_declined,20,791,0,13,9,0.692,1
PAY_01042,CUST_2469,2008.03,card,checkout_abandoned,17,1838,2,3,0,0.0,0
PAY_01043,CUST_0533,1733.83,upi,checkout_abandoned,21,1652,0,11,2,0.182,0
PAY_01044,CUST_0287,584.66,card,checkout_abandoned,23,1033,1,4,4,1.0,0
PAY_01045,CUST_2091,473.93,upi,card_declined,8,1457,1,8,6,0.75,0
PAY_01046,CUST_0842,1027.82,netbanking,insufficient_funds,21,951,0,1,1,1.0,0
PAY_01047,CUST_2393,756.01,netbanking,card_declined,10,1682,0,14,12,0.857,1
PAY_01048,CUST_0245,2232.57,card,checkout_abandoned,0,323,0,1,1,1.0,1
PAY_01049,CUST_0136,426.91,card,checkout_abandoned,22,1307,2,14,10,0.714,1
PAY_01050,CUST_0961,1258.67,card,card_declined,3,85,2,13,6,0.462,0
PAY_01051,CUST_2252,1567.26,card,checkout_abandoned,2,1559,0,2,2,1.0,0
PAY_01052,CUST_0842,1743.79,card,card_declined,13,2012,2,10,6,0.6,0
PAY_01053,CUST_1807,2476.78,netbanking,insufficient_funds,16,1642,2,5,5,1.0,0
PAY_01054,CUST_1615,1386.18,card,card_declined,11,1566,0,4,4,1.0,0
PAY_01055,CUST_0188,1055.27,card,insufficient_funds,14,1768,0,4,2,0.5,0
PAY_01056,CUST_2149,4871.35,upi,checkout_abandoned,20,1246,2,3,1,0.333,0
PAY_01057,CUST_0296,1393.42,card,checkout_abandoned,13,1326,0,14,8,0.571,0
PAY_01058,CUST_2026,5601.82,card,card_declined,19,1260,1,0,0,0.75,0
PAY_01059,CUST_0292,1387.75,wallet,network_timeout,14,1020,1,5,2,0.4,0
PAY_01060,CUST_1833,1776.72,card,checkout_abandoned,12,51,0,5,4,0.8,1
PAY_01061,CUST_2239,1610.89,card,checkout_abandoned,12,176,1,6,4,0.667,0
PAY_01062,CUST_2495,2165.74,upi,network_timeout,22,980,1,4,1,0.25,0
PAY_01063,CUST_1682,1286.48,card,insufficient_funds,8,590,2,9,6,0.667,0
PAY_01064,CUST_0110,1943.9,card,network_timeout,8,1990,2,13,10,0.769,0
PAY_01065,CUST_0085,6125.36,card,insufficient_funds,18,2128,0,10,7,0.7,0
PAY_01066,CUST_1974,4165.63,card,checkout_abandoned,15,998,1,3,3,1.0,1
PAY_01067,CUST_1166,4188.65,netbanking,insufficient_funds,3,1505,1,14,6,0.429,0
PAY_01068,CUST_0326,615.23,card,checkout_abandoned,16,1254,1,6,2,0.333,0
PAY_01069,CUST_0670,700.26,card,card_declined,0,540,2,4,3,0.75,1
PAY_01070,CUST_1521,2142.53,card,insufficient_funds,12,815,0,10,5,0.5,0
PAY_01071,CUST_0236,3334.68,wallet,checkout_abandoned,7,831,1,14,12,0.857,1
PAY_01072,CUST_2028,1188.25,card,network_timeout,5,227,1,4,3,0.75,0
PAY_01073,CUST_1962,1030.16,netbanking,insufficient_funds,14,40,1,3,3,1.0,1
PAY_01074,CUST_1654,5489.63,card,checkout_abandoned,3,699,1,11,8,0.727,1
PAY_01075,CUST_1377,3115.81,wallet,checkout_abandoned,8,1948,2,7,1,0.143,0
PAY_01076,CUST_0287,4196.19,card,insufficient_funds,3,184,1,10,7,0.7,0
PAY_01077,CUST_1002,1264.44,card,network_timeout,3,1124,0,6,2,0.333,0
PAY_01078,CUST_0460,1187.4,upi,network_timeout,9,1250,1,0,0,0.75,1
PAY_01079,CUST_1422,3845.48,card,network_timeout,14,1438,0,5,4,0.8,0
PAY_01080,CUST_2218,1458.79,netbanking,insufficient_funds,16,2120,1,12,7,0.583,1
PAY_01081,CUST_2209,1104.18,upi,card_declined,22,844,2,14,10,0.714,0
PAY_01082,CUST_2277,866.95,upi,checkout_abandoned,7,784,0,5,2,0.4,1
PAY_01083,CUST_0858,1195.72,card,checkout_abandoned,8,1100,0,10,5,0.5,0
PAY_01084,CUST_1867,3625.0,upi,checkout_abandoned,20,1854,0,1,1,1.0,1
PAY_01085,CUST_1117,537.97,card,checkout_abandoned,4,1267,1,3,1,0.333,0
PAY_01086,CUST_0734,2977.34,wallet,checkout_abandoned,14,93,0,10,8,0.8,0
PAY_01087,CUST_1907,1021.44,upi,checkout_abandoned,17,968,2,0,0,0.75,0
PAY_01088,CUST_0627,1521.27,upi,checkout_abandoned,10,1091,1,11,6,0.545,1
PAY_01089,CUST_1623,1601.26,netbanking,network_timeout,20,1901,2,14,7,0.5,0
PAY_01090,CUST_0181,1508.61,upi,network_timeout,7,1413,1,1,1,1.0,0
PAY_01091,CUST_1498,1430.59,upi,card_declined,2,1467,2,8,8,1.0,0
PAY_01092,CUST_1170,1261.5,card,network_timeout,2,690,2,5,5,1.0,1
PAY_01093,CUST_0186,1139.56,upi,insufficient_funds,12,1570,2,9,4,0.444,0
PAY_01094,CUST_0987,5173.79,card,insufficient_funds,13,213,0,13,8,0.615,0
PAY_01095,CUST_2280,1836.43,card,network_timeout,12,423,2,1,1,1.0,1
PAY_01096,CUST_0613,1627.47,netbanking,insufficient_funds,9,471,1,10,8,0.8,1
PAY_01097,CUST_0981,1074.72,card,card_declined,11,1012,0,2,2,1.0,1
PAY_01098,CUST_1626,1298.79,upi,checkout_abandoned,23,152,0,8,5,0.625,1
PAY_01099,CUST_0318,1077.72,card,checkout_abandoned,11,1120,0,6,2,0.333,0
PAY_01100,CUST_0518,3320.32,card,card_declined,17,1918,0,7,5,0.714,0
PAY_01101,CUST_0782,985.02,netbanking,card_declined,20,858,1,11,5,0.455,0
PAY_01102,CUST_0223,298.43,card,insufficient_funds,3,10,2,9,5,0.556,0
PAY_01103,CUST_1181,1885.95,upi,checkout_abandoned,5,594,1,5,5,1.0,1
PAY_01104,CUST_1081,1439.47,upi,checkout_abandoned,13,150,0,9,3,0.333,1
PAY_01105,CUST_0444,1126.55,netbanking,card_declined,17,1375,2,8,6,0.75,0
PAY_01106,CUST_1818,3732.33,card,checkout_abandoned,20,1718,0,1,0,0.0,0
PAY_01107,CUST_1413,202.09,netbanking,card_declined,17,623,2,9,8,0.889,0
PAY_01108,CUST_0460,6352.08,upi,insufficient_funds,22,648,1,5,4,0.8,1
PAY_01109,CUST_0667,4185.09,card,checkout_abandoned,23,695,0,2,0,0.0,0
PAY_01110,CUST_1470,1089.09,card,card_declined,22,788,0,7,5,0.714,0
PAY_01111,CUST_0731,1255.03,card,card_declined,14,1504,2,7,4,0.571,0
PAY_01112,CUST_0219,2694.73,upi,insufficient_funds,19,663,2,10,1,0.1,0
PAY_01113,CUST_1930,2753.19,card,network_timeout,22,827,1,6,1,0.167,0
PAY_01114,CUST_0672,1084.03,card,checkout_abandoned,6,1924,2,11,11,1.0,0
PAY_01115,CUST_1602,493.8,upi,checkout_abandoned,13,1647,0,4,3,0.75,1
PAY_01116,CUST_2088,9764.38,upi,card_declined,15,2006,1,9,6,0.667,0
PAY_01117,CUST_0165,3867.8,card,card_declined,8,772,1,14,5,0.357,0
PAY_01118,CUST_0368,2040.65,card,checkout_abandoned,17,2006,0,8,4,0.5,0
PAY_01119,CUST_0661,2071.78,card,insufficient_funds,17,645,1,10,8,0.8,0
PAY_01120,CUST_1666,2958.97,upi,checkout_abandoned,20,664,1,5,5,1.0,0
PAY_01121,CUST_0018,3256.45,wallet,checkout_abandoned,5,2058,2,10,8,0.8,0
PAY_01122,CUST_0036,339.15,upi,card_declined,21,433,1,12,5,0.417,0
PAY_01123,CUST_2033,1359.46,upi,checkout_abandoned,23,1768,0,13,3,0.231,0
PAY_01124,CUST_1373,1250.97,card,card_declined,12,1788,1,13,7,0.538,0
PAY_01125,CUST_0325,1581.92,wallet,insufficient_funds,10,2000,2,4,4,1.0,0
PAY_01126,CUST_0607,3334.83,card,network_timeout,7,1833,0,12,7,0.583,0
PAY_01127,CUST_1349,429.87,card,network_timeout,17,1779,2,5,3,0.6,0
PAY_01128,CUST_0557,611.69,card,checkout_abandoned,12,765,0,13,6,0.462,1
PAY_01129,CUST_0324,1043.3,card,checkout_abandoned,15,1201,0,0,0,0.75,0
PAY_01130,CUST_1261,2036.56,netbanking,checkout_abandoned,22,1248,0,13,8,0.615,0
PAY_01131,CUST_0193,3502.54,card,checkout_abandoned,16,632,0,3,1,0.333,0
PAY_01132,CUST_2470,6638.23,card,network_timeout,12,844,1,3,2,0.667,1
PAY_01133,CUST_1857,1431.47,card,card_declined,3,1837,2,8,4,0.5,0
PAY_01134,CUST_0586,3497.93,wallet,checkout_abandoned,3,33,1,7,5,0.714,1
PAY_01135,CUST_2381,3176.93,netbanking,checkout_abandoned,17,168,1,2,2,1.0,1
PAY_01136,CUST_1380,2776.31,wallet,insufficient_funds,10,887,2,8,7,0.875,1
PAY_01137,CUST_0639,1765.37,netbanking,network_timeout,0,1667,0,12,5,0.417,0
PAY_01138,CUST_0948,1307.56,wallet,insufficient_funds,18,1933,0,7,6,0.857,0
PAY_01139,CUST_1933,767.56,upi,card_declined,17,1477,2,8,3,0.375,0
PAY_01140,CUST_1738,727.98,card,checkout_abandoned,23,1853,2,12,12,1.0,0
PAY_01141,CUST_0948,2376.08,card,insufficient_funds,6,321,0,2,2,1.0,0
PAY_01142,CUST_2325,1723.31,card,checkout_abandoned,10,225,0,4,0,0.0,0
PAY_01143,CUST_0176,1290.95,upi,checkout_abandoned,14,1087,1,13,5,0.385,0
PAY_01144,CUST_1056,3063.73,card,checkout_abandoned,19,663,0,2,1,0.5,0
PAY_01145,CUST_0678,1533.26,card,insufficient_funds,5,1899,1,3,2,0.667,0
PAY_01146,CUST_2272,866.97,upi,insufficient_funds,6,160,1,4,3,0.75,0
PAY_01147,CUST_0479,1454.39,card,checkout_abandoned,15,789,1,12,12,1.0,1
PAY_01148,CUST_2293,3470.47,card,checkout_abandoned,8,644,0,2,0,0.0,1
PAY_01149,CUST_1858,793.72,card,network_timeout,23,1281,1,5,4,0.8,1
PAY_01150,CUST_2179,2128.05,upi,checkout_abandoned,7,643,2,6,3,0.5,1
PAY_01151,CUST_0946,1721.93,card,card_declined,0,2032,2,1,1,1.0,0
PAY_01152,CUST_0620,979.35,card,checkout_abandoned,16,115,2,1,1,1.0,0
PAY_01153,CUST_0452,1423.48,card,card_declined,18,157,1,5,2,0.4,0
PAY_01154,CUST_1754,511.93,netbanking,card_declined,22,1933,0,1,0,0.0,1
PAY_01155,CUST_0250,1965.01,card,network_timeout,6,1137,0,14,12,0.857,0
PAY_01156,CUST_0846,604.11,card,card_declined,19,1814,0,6,3,0.5,0
PAY_01157,CUST_1104,4244.98,wallet,card_declined,23,993,1,0,0,0.75,0
PAY_01158,CUST_0474,1672.31,netbanking,card_declined,14,2005,0,9,7,0.778,0
PAY_01159,CUST_1134,1139.21,card,insufficient_funds,6,1024,0,11,10,0.909,0
PAY_01160,CUST_1154,4555.04,card,checkout_abandoned,12,1608,2,9,1,0.111,0
PAY_01161,CUST_0386,788.45,card,card_declined,15,2150,0,8,4,0.5,0
PAY_01162,CUST_1204,989.69,upi,checkout_abandoned,20,1641,0,1,0,0.0,0
PAY_01163,CUST_1403,416.61,card,checkout_abandoned,11,564,1,10,9,0.9,1
PAY_01164,CUST_1616,5131.47,wallet,card_declined,22,1700,2,14,11,0.786,0
PAY_01165,CUST_0635,8053.28,netbanking,card_declined,7,831,2,5,3,0.6,0
PAY_01166,CUST_0803,471.85,upi,checkout_abandoned,18,1458,0,1,1,1.0,1
PAY_01167,CUST_2326,937.23,card,checkout_abandoned,17,1416,0,3,3,1.0,0
PAY_01168,CUST_0201,1903.39,netbanking,network_timeout,15,380,1,9,5,0.556,1
PAY_01169,CUST_0742,1191.52,upi,checkout_abandoned,15,620,2,9,6,0.667,0
PAY_01170,CUST_0725,1755.47,netbanking,card_declined,19,384,0,13,5,0.385,0
PAY_01171,CUST_0600,1638.38,card,insufficient_funds,2,148,2,6,0,0.0,0
PAY_01172,CUST_2047,2493.85,upi,checkout_abandoned,11,1081,2,13,12,0.923,0
PAY_01173,CUST_2240,834.45,netbanking,insufficient_funds,22,433,0,4,4,1.0,1
PAY_01174,CUST_2160,2099.95,wallet,checkout_abandoned,10,1492,2,7,2,0.286,1
PAY_01175,CUST_0483,737.04,upi,network_timeout,3,511,1,9,7,0.778,1
PAY_01176,CUST_0175,1294.73,upi,checkout_abandoned,23,65,0,4,3,0.75,0
PAY_01177,CUST_2197,448.6,card,network_timeout,18,319,1,5,3,0.6,1
PAY_01178,CUST_0508,1302.32,upi,insufficient_funds,13,1180,0,12,7,0.583,0
PAY_01179,CUST_1989,1138.37,wallet,card_declined,22,273,0,8,7,0.875,0
PAY_01180,CUST_0151,3829.18,upi,card_declined,13,1916,1,9,5,0.556,0
PAY_01181,CUST_1513,1716.66,card,checkout_abandoned,20,1614,2,9,6,0.667,0
PAY_01182,CUST_1250,1985.34,card,card_declined,2,273,1,11,4,0.364,0
PAY_01183,CUST_2174,1767.96,upi,card_declined,10,1854,0,14,7,0.5,0
PAY_01184,CUST_0433,327.75,netbanking,card_declined,12,676,2,5,5,1.0,1
PAY_01185,CUST_0195,364.3,card,card_declined,12,1936,0,5,3,0.6,1
PAY_01186,CUST_1946,1394.93,card,checkout_abandoned,9,2131,1,13,13,1.0,0
PAY_01187,CUST_0949,2249.34,wallet,insufficient_funds,0,542,1,7,6,0.857,1
PAY_01188,CUST_2055,1491.67,upi,checkout_abandoned,6,711,2,13,11,0.846,0
PAY_01189,CUST_0709,901.71,card,card_declined,19,309,2,13,12,0.923,0
PAY_01190,CUST_1244,1485.18,card,checkout_abandoned,23,63,0,11,10,0.909,0
PAY_01191,CUST_1362,1385.58,card,insufficient_funds,1,1112,1,10,8,0.8,0
PAY_01192,CUST_1164,3356.8,card,insufficient_funds,22,1476,2,14,13,0.929,0
PAY_01193,CUST_1563,3209.78,upi,checkout_abandoned,23,1194,0,4,2,0.5,1
PAY_01194,CUST_1341,1156.1,upi,checkout_abandoned,23,2122,2,6,4,0.667,1
PAY_01195,CUST_1068,1729.53,upi,checkout_abandoned,6,249,1,8,1,0.125,1
PAY_01196,CUST_0600,2245.09,upi,card_declined,8,498,1,2,0,0.0,0
PAY_01197,CUST_0433,2528.19,card,card_declined,4,1922,1,7,1,0.143,0
PAY_01198,CUST_1732,6752.18,card,checkout_abandoned,15,467,2,9,8,0.889,1
PAY_01199,CUST_2262,1759.92,card,insufficient_funds,3,783,2,7,3,0.429,0
PAY_01200,CUST_1691,4584.97,card,checkout_abandoned,7,933,1,9,7,0.778,0
PAY_01201,CUST_0371,711.57,upi,network_timeout,13,460,1,1,0,0.0,1
PAY_01202,CUST_0358,1080.74,card,network_timeout,10,1158,2,7,3,0.429,0
PAY_01203,CUST_1017,326.0,upi,checkout_abandoned,9,1713,1,13,12,0.923,1
PAY_01204,CUST_0768,2031.62,card,checkout_abandoned,6,1759,0,3,3,1.0,1
PAY_01205,CUST_0551,3021.66,card,card_declined,5,992,2,6,4,0.667,0
PAY_01206,CUST_1194,233.05,card,card_declined,14,2145,0,9,1,0.111,0
PAY_01207,CUST_1228,2092.62,upi,network_timeout,4,677,1,9,9,1.0,1
PAY_01208,CUST_2279,2918.75,upi,network_timeout,6,1756,1,2,2,1.0,1
PAY_01209,CUST_1953,2788.7,netbanking,insufficient_funds,1,1896,0,1,0,0.0,1
PAY_01210,CUST_0407,691.49,card,insufficient_funds,7,629,2,11,4,0.364,0
PAY_01211,CUST_1444,3341.04,upi,checkout_abandoned,6,117,0,7,5,0.714,1
PAY_01212,CUST_0182,1813.45,netbanking,checkout_abandoned,10,1698,2,13,7,0.538,0
PAY_01213,CUST_2486,2888.15,card,network_timeout,6,191,2,14,14,1.0,0
PAY_01214,CUST_0333,1627.59,card,insufficient_funds,0,1363,1,2,0,0.0,0
PAY_01215,CUST_2373,2441.51,card,insufficient_funds,8,1063,2,5,5,1.0,0
PAY_01216,CUST_0587,4371.8,card,network_timeout,21,1060,2,12,10,0.833,0
PAY_01217,CUST_2490,1528.93,netbanking,insufficient_funds,13,1592,2,4,3,0.75,0
PAY_01218,CUST_1526,2259.33,card,network_timeout,5,1371,2,2,2,1.0,0
PAY_01219,CUST_1385,4892.0,upi,checkout_abandoned,22,1306,2,2,2,1.0,0
PAY_01220,CUST_0077,1618.02,netbanking,card_declined,15,950,2,7,3,0.429,1
PAY_01221,CUST_1814,731.59,card,card_declined,16,1505,2,5,2,0.4,1
PAY_01222,CUST_0085,3091.39,upi,card_declined,1,1365,0,13,8,0.615,0
PAY_01223,CUST_1303,5672.83,card,checkout_abandoned,6,1249,1,14,13,0.929,0
PAY_01224,CUST_2224,5047.1,upi,network_timeout,9,1591,1,1,1,1.0,1
PAY_01225,CUST_1877,3189.22,card,card_declined,16,260,2,13,4,0.308,0
PAY_01226,CUST_0298,275.95,card,checkout_abandoned,1,30,1,1,0,0.0,0
PAY_01227,CUST_0415,1082.33,card,network_timeout,5,77,1,10,9,0.9,1
PAY_01228,CUST_0820,1127.62,upi,network_timeout,23,1331,2,14,10,0.714,1
PAY_01229,CUST_1821,1865.78,upi,checkout_abandoned,6,1624,1,5,3,0.6,0
PAY_01230,CUST_0902,6947.62,upi,card_declined,20,331,1,2,2,1.0,0
PAY_01231,CUST_1506,758.32,card,card_declined,4,126,2,0,0,0.75,1
PAY_01232,CUST_1987,10821.65,wallet,network_timeout,20,727,2,5,4,0.8,1
PAY_01233,CUST_1754,1325.68,card,card_declined,9,1705,2,14,9,0.643,0
PAY_01234,CUST_2281,974.59,netbanking,checkout_abandoned,4,958,2,6,3,0.5,0
PAY_01235,CUST_2166,3539.38,upi,card_declined,15,1440,0,6,5,0.833,0
PAY_01236,CUST_1929,3770.58,upi,card_declined,13,2100,1,0,0,0.75,0
PAY_01237,CUST_0617,3027.52,card,card_declined,3,1115,0,9,7,0.778,0
PAY_01238,CUST_1254,972.6,netbanking,insufficient_funds,20,703,2,2,1,0.5,0
PAY_01239,CUST_2000,2689.64,upi,card_declined,18,71,0,10,3,0.3,1
PAY_01240,CUST_1354,787.37,card,card_declined,9,1769,1,12,4,0.333,0
PAY_01241,CUST_2081,951.22,netbanking,checkout_abandoned,21,1619,2,11,5,0.455,0
PAY_01242,CUST_1097,1668.44,card,insufficient_funds,0,728,1,7,5,0.714,0
PAY_01243,CUST_2327,934.09,upi,insufficient_funds,23,1356,0,9,1,0.111,0
PAY_01244,CUST_2451,4178.64,upi,card_declined,10,496,1,5,3,0.6,0
PAY_01245,CUST_0773,1133.43,netbanking,insufficient_funds,19,1444,2,10,9,0.9,0
PAY_01246,CUST_2403,1508.96,upi,insufficient_funds,21,938,2,10,8,0.8,0
PAY_01247,CUST_1014,890.14,card,network_timeout,20,438,2,2,2,1.0,1
PAY_01248,CUST_1903,4128.34,upi,card_declined,2,195,2,4,2,0.5,0
PAY_01249,CUST_1625,1056.42,card,checkout_abandoned,9,44,0,11,8,0.727,0
PAY_01250,CUST_2203,4487.95,upi,checkout_abandoned,2,1769,2,6,3,0.5,0
PAY_01251,CUST_2239,4231.78,upi,card_declined,5,152,0,3,3,1.0,0
PAY_01252,CUST_1388,1259.9,netbanking,card_declined,14,1076,0,14,8,0.571,0
PAY_01253,CUST_0322,1843.23,card,card_declined,16,266,0,13,3,0.231,0
PAY_01254,CUST_1408,1232.22,card,network_timeout,5,1485,1,11,3,0.273,0
PAY_01255,CUST_1540,2785.32,upi,card_declined,1,841,2,6,3,0.5,0
PAY_01256,CUST_1862,1540.66,card,checkout_abandoned,9,1723,2,8,6,0.75,0
PAY_01257,CUST_1737,1288.92,card,checkout_abandoned,14,195,2,14,11,0.786,0
PAY_01258,CUST_0878,1867.74,card,checkout_abandoned,9,883,2,7,5,0.714,0
PAY_01259,CUST_2070,507.64,upi,network_timeout,22,873,0,12,9,0.75,1
PAY_01260,CUST_1654,1694.03,card,checkout_abandoned,16,974,2,12,8,0.667,1
PAY_01261,CUST_1875,3026.71,upi,card_declined,15,620,2,12,12,1.0,0
PAY_01262,CUST_1058,2010.19,netbanking,insufficient_funds,0,548,2,9,7,0.778,1
PAY_01263,CUST_0840,3854.0,upi,insufficient_funds,22,2057,0,5,4,0.8,0
PAY_01264,CUST_2305,1331.02,card,checkout_abandoned,15,1543,2,5,3,0.6,0
PAY_01265,CUST_1691,1246.52,card,network_timeout,23,986,2,12,3,0.25,0
PAY_01266,CUST_0890,736.34,card,checkout_abandoned,11,1797,0,6,4,0.667,0
PAY_01267,CUST_0936,1301.07,upi,card_declined,16,153,0,3,1,0.333,0
PAY_01268,CUST_1591,8675.48,upi,checkout_abandoned,12,1240,2,2,2,1.0,0
PAY_01269,CUST_1163,2243.91,card,network_timeout,20,1469,0,9,2,0.222,0
PAY_01270,CUST_0050,1126.77,card,network_timeout,16,84,1,14,13,0.929,1
PAY_01271,CUST_0223,804.83,card,checkout_abandoned,9,1528,1,5,5,1.0,0
PAY_01272,CUST_1455,501.06,card,insufficient_funds,15,1537,2,9,9,1.0,0
PAY_01273,CUST_0432,926.33,wallet,insufficient_funds,2,1140,0,4,3,0.75,1
PAY_01274,CUST_1939,3304.03,card,network_timeout,16,1440,0,5,1,0.2,1
PAY_01275,CUST_0866,1279.11,card,card_declined,11,2042,2,6,3,0.5,0
PAY_01276,CUST_2083,836.31,card,insufficient_funds,7,740,2,5,5,1.0,0
PAY_01277,CUST_1948,913.24,card,card_declined,20,473,2,12,6,0.5,1
PAY_01278,CUST_2194,3026.39,card,card_declined,20,884,1,13,8,0.615,1
PAY_01279,CUST_1560,1686.7,card,checkout_abandoned,1,2052,2,4,3,0.75,1
PAY_01280,CUST_1263,1089.83,card,network_timeout,14,1070,0,5,5,1.0,1
PAY_01281,CUST_1698,1406.46,card,insufficient_funds,1,2005,1,0,0,0.75,0
PAY_01282,CUST_1467,10511.74,upi,insufficient_funds,11,1708,1,11,4,0.364,0
PAY_01283,CUST_2286,4775.44,upi,insufficient_funds,22,253,1,10,9,0.9,1
PAY_01284,CUST_0796,5828.08,card,network_timeout,12,1470,2,12,4,0.333,0
PAY_01285,CUST_0259,443.13,netbanking,checkout_abandoned,3,1897,2,8,2,0.25,0
PAY_01286,CUST_2384,1595.05,card,checkout_abandoned,5,1117,2,13,7,0.538,0
PAY_01287,CUST_2069,1074.61,wallet,insufficient_funds,0,658,0,2,0,0.0,0
PAY_01288,CUST_1581,2781.13,wallet,insufficient_funds,18,1740,2,5,4,0.8,0
PAY_01289,CUST_0376,4202.3,card,network_timeout,21,124,2,6,1,0.167,0
PAY_01290,CUST_0641,2337.14,card,network_timeout,6,1855,1,11,10,0.909,1
PAY_01291,CUST_0799,895.66,netbanking,network_timeout,6,175,1,3,3,1.0,0
PAY_01292,CUST_2230,1060.75,card,checkout_abandoned,13,112,0,4,3,0.75,1
PAY_01293,CUST_0905,2957.2,card,network_timeout,19,1116,0,1,1,1.0,1
PAY_01294,CUST_1593,3202.22,upi,insufficient_funds,22,151,2,14,9,0.643,0
PAY_01295,CUST_2343,2014.86,upi,insufficient_funds,23,1555,0,6,6,1.0,1
PAY_01296,CUST_1712,1996.95,netbanking,insufficient_funds,13,1027,2,0,0,0.75,0
PAY_01297,CUST_1404,1873.64,upi,card_declined,15,1597,0,3,1,0.333,0
PAY_01298,CUST_0317,2232.37,netbanking,card_declined,0,1688,2,8,6,0.75,0
PAY_01299,CUST_0666,3191.71,upi,checkout_abandoned,1,1705,0,7,4,0.571,1
PAY_01300,CUST_0053,2979.99,upi,insufficient_funds,23,237,0,7,6,0.857,0
PAY_01301,CUST_0408,1834.29,upi,card_declined,5,1833,1,0,0,0.75,0
PAY_01302,CUST_1469,1730.74,wallet,network_timeout,13,1865,2,13,8,0.615,0
PAY_01303,CUST_1686,1678.58,wallet,checkout_abandoned,6,1097,0,12,10,0.833,0
PAY_01304,CUST_0421,964.18,netbanking,insufficient_funds,4,297,0,3,2,0.667,1
PAY_01305,CUST_0827,954.43,netbanking,checkout_abandoned,19,1581,0,5,4,0.8,0
PAY_01306,CUST_1721,2781.39,upi,checkout_abandoned,11,1502,2,1,0,0.0,1
PAY_01307,CUST_0171,1017.65,card,network_timeout,2,289,0,1,1,1.0,1
PAY_01308,CUST_1510,3451.93,netbanking,checkout_abandoned,8,1735,0,12,6,0.5,0
PAY_01309,CUST_1170,1727.56,card,card_declined,10,1473,2,1,0,0.0,0
PAY_01310,CUST_0816,3467.6,card,checkout_abandoned,10,99,0,5,3,0.6,1
PAY_01311,CUST_1167,2996.23,card,insufficient_funds,18,1318,1,14,11,0.786,0
PAY_01312,CUST_1090,3532.94,upi,checkout_abandoned,11,1833,0,4,0,0.0,0
PAY_01313,CUST_2191,1229.61,upi,network_timeout,14,2062,0,10,4,0.4,0
PAY_01314,CUST_2074,2496.54,card,card_declined,19,1817,2,1,0,0.0,0
PAY_01315,CUST_2344,3248.19,card,card_declined,22,1857,0,13,7,0.538,1
PAY_01316,CUST_1700,520.34,card,checkout_abandoned,5,316,1,13,11,0.846,0
PAY_01317,CUST_1199,7022.66,card,network_timeout,15,54,1,13,13,1.0,1
PAY_01318,CUST_0776,11029.23,card,card_declined,15,452,2,9,5,0.556,0
PAY_01319,CUST_1465,3840.56,upi,checkout_abandoned,16,1904,0,14,6,0.429,0
PAY_01320,CUST_1255,3429.76,card,checkout_abandoned,17,1858,1,10,4,0.4,0
PAY_01321,CUST_2143,2882.89,card,network_timeout,2,179,0,5,4,0.8,1
PAY_01322,CUST_1136,1389.63,card,network_timeout,23,2085,2,13,12,0.923,1
PAY_01323,CUST_1726,1648.15,upi,card_declined,17,465,2,4,4,1.0,0
PAY_01324,CUST_0121,3893.51,netbanking,checkout_abandoned,7,1046,1,12,7,0.583,1
PAY_01325,CUST_1092,826.31,card,insufficient_funds,9,1317,1,13,8,0.615,1
PAY_01326,CUST_0897,770.45,card,checkout_abandoned,4,272,0,6,5,0.833,0
PAY_01327,CUST_1607,1309.86,upi,insufficient_funds,14,822,2,3,2,0.667,0
PAY_01328,CUST_0306,3042.83,card,network_timeout,22,604,2,2,0,0.0,0
PAY_01329,CUST_0348,900.36,netbanking,insufficient_funds,9,774,0,8,2,0.25,0
PAY_01330,CUST_0427,1502.99,wallet,card_declined,22,731,1,10,7,0.7,0
PAY_01331,CUST_1411,1652.76,upi,checkout_abandoned,17,976,0,8,5,0.625,0
PAY_01332,CUST_0844,801.15,wallet,network_timeout,18,1363,1,9,7,0.778,1
PAY_01333,CUST_0206,255.63,card,network_timeout,1,254,1,0,0,0.75,0
PAY_01334,CUST_2490,791.82,card,checkout_abandoned,9,1559,1,0,0,0.75,0
PAY_01335,CUST_1564,2217.76,card,checkout_abandoned,11,253,1,3,3,1.0,1
PAY_01336,CUST_1488,2655.68,card,checkout_abandoned,23,1311,2,13,5,0.385,0
PAY_01337,CUST_1614,2673.2,card,card_declined,19,426,0,7,7,1.0,1
PAY_01338,CUST_0775,2931.3,upi,network_timeout,14,1923,0,5,5,1.0,1
PAY_01339,CUST_0082,1090.54,upi,checkout_abandoned,20,698,1,9,4,0.444,0
PAY_01340,CUST_0411,918.79,card,insufficient_funds,5,23,1,6,4,0.667,0
PAY_01341,CUST_2032,2429.86,upi,card_declined,3,217,0,2,2,1.0,1
PAY_01342,CUST_0954,1519.51,card,checkout_abandoned,19,842,1,7,3,0.429,0
PAY_01343,CUST_2451,3718.98,card,network_timeout,18,2073,0,10,8,0.8,1
PAY_01344,CUST_0689,2442.17,card,network_timeout,11,630,2,13,8,0.615,0
PAY_01345,CUST_1171,5027.1,upi,checkout_abandoned,7,1078,2,5,4,0.8,0
PAY_01346,CUST_2184,1240.31,upi,network_timeout,1,1623,0,2,2,1.0,1
PAY_01347,CUST_1825,4228.36,upi,insufficient_funds,3,501,1,12,7,0.583,0
PAY_01348,CUST_1317,9166.24,card,insufficient_funds,18,1471,0,5,5,1.0,0
PAY_01349,CUST_1458,1879.08,card,insufficient_funds,14,895,1,2,1,0.5,0
PAY_01350,CUST_2337,2683.8,wallet,card_declined,19,1924,0,7,6,0.857,0
PAY_01351,CUST_1241,855.02,card,checkout_abandoned,1,1472,2,0,0,0.75,0
PAY_01352,CUST_0814,3680.44,card,checkout_abandoned,20,677,1,14,13,0.929,1
PAY_01353,CUST_1907,4441.68,card,insufficient_funds,13,978,1,11,9,0.818,0
PAY_01354,CUST_0322,1211.94,card,insufficient_funds,3,1848,0,6,3,0.5,0
PAY_01355,CUST_0103,2876.9,upi,checkout_abandoned,22,802,2,8,3,0.375,0
PAY_01356,CUST_2132,2252.78,card,card_declined,8,1163,2,5,3,0.6,0
PAY_01357,CUST_2262,2460.62,upi,network_timeout,8,1848,0,7,4,0.571,1
PAY_01358,CUST_1599,3446.65,wallet,network_timeout,18,332,0,14,11,0.786,1
PAY_01359,CUST_0496,2726.19,card,checkout_abandoned,11,1817,1,10,10,1.0,0
PAY_01360,CUST_1729,1610.58,card,card_declined,18,1790,1,9,7,0.778,1
PAY_01361,CUST_2370,3505.82,netbanking,checkout_abandoned,13,1170,2,14,9,0.643,0
PAY_01362,CUST_0387,4380.98,upi,insufficient_funds,21,505,1,2,2,1.0,1
PAY_01363,CUST_0466,1155.38,netbanking,network_timeout,6,305,1,13,9,0.692,1
PAY_01364,CUST_0785,1797.41,card,card_declined,13,1642,1,2,2,1.0,1
PAY_01365,CUST_0704,437.29,upi,network_timeout,4,812,2,3,2,0.667,0
PAY_01366,CUST_0146,2871.01,wallet,network_timeout,7,1160,2,9,4,0.444,1
PAY_01367,CUST_0214,4788.8,card,card_declined,23,195,2,2,2,1.0,0
PAY_01368,CUST_0683,1465.14,netbanking,card_declined,9,1112,1,7,5,0.714,0
PAY_01369,CUST_0634,2002.78,upi,card_declined,16,149,1,5,2,0.4,0
PAY_01370,CUST_1683,1509.28,netbanking,insufficient_funds,7,1155,2,0,0,0.75,0
PAY_01371,CUST_1928,1324.02,card,card_declined,0,1818,0,2,0,0.0,0
PAY_01372,CUST_2020,2167.39,card,checkout_abandoned,15,2107,1,6,5,0.833,0
PAY_01373,CUST_2215,961.17,card,insufficient_funds,5,1825,0,1,1,1.0,1
PAY_01374,CUST_2340,1491.18,wallet,checkout_abandoned,11,1263,1,14,7,0.5,1
PAY_01375,CUST_1875,872.97,card,checkout_abandoned,18,1604,0,6,4,0.667,1
PAY_01376,CUST_0866,2883.62,card,card_declined,13,96,0,11,4,0.364,1
PAY_01377,CUST_0581,2179.68,netbanking,checkout_abandoned,1,1476,1,3,3,1.0,1
PAY_01378,CUST_0650,1274.81,card,checkout_abandoned,16,2064,1,8,4,0.5,1
PAY_01379,CUST_1795,1854.19,upi,network_timeout,9,328,1,1,1,1.0,1
PAY_01380,CUST_2127,1508.64,card,insufficient_funds,5,609,2,2,0,0.0,1
PAY_01381,CUST_0100,4494.72,upi,insufficient_funds,16,2145,1,10,8,0.8,0
PAY_01382,CUST_0899,1264.88,card,card_declined,21,1016,0,5,1,0.2,0
PAY_01383,CUST_1164,2991.64,upi,network_timeout,5,1563,2,14,4,0.286,0
PAY_01384,CUST_1026,1023.9,upi,checkout_abandoned,1,1778,0,14,9,0.643,0
PAY_01385,CUST_1380,3452.77,card,checkout_abandoned,20,2065,2,1,1,1.0,0
PAY_01386,CUST_0544,4127.33,card,card_declined,5,183,1,9,4,0.444,0
PAY_01387,CUST_0236,4286.16,card,checkout_abandoned,7,774,0,11,9,0.818,0
PAY_01388,CUST_0133,5839.24,upi,insufficient_funds,2,503,1,4,4,1.0,1
PAY_01389,CUST_0009,2274.46,card,checkout_abandoned,1,1758,2,12,11,0.917,0
PAY_01390,CUST_0482,4845.95,card,card_declined,9,1894,2,11,4,0.364,0
PAY_01391,CUST_1914,6600.4,card,checkout_abandoned,14,1877,1,4,4,1.0,1
PAY_01392,CUST_0461,733.55,upi,checkout_abandoned,22,254,0,1,0,0.0,1
PAY_01393,CUST_0966,1110.93,upi,card_declined,11,1449,0,6,3,0.5,0
PAY_01394,CUST_1856,544.02,card,card_declined,19,1116,2,5,1,0.2,0
PAY_01395,CUST_2500,4206.8,netbanking,checkout_abandoned,22,1566,1,7,2,0.286,0
PAY_01396,CUST_1599,538.46,upi,card_declined,11,402,2,3,2,0.667,0
PAY_01397,CUST_0304,433.4,netbanking,network_timeout,13,280,2,4,4,1.0,1
PAY_01398,CUST_0164,748.17,upi,checkout_abandoned,9,765,2,13,12,0.923,0
PAY_01399,CUST_0373,448.04,card,network_timeout,18,763,1,12,7,0.583,1
PAY_01400,CUST_0042,2237.84,wallet,insufficient_funds,0,1707,1,11,6,0.545,0
PAY_01401,CUST_0520,755.9,netbanking,insufficient_funds,22,413,0,5,3,0.6,1
PAY_01402,CUST_1183,465.59,upi,card_declined,11,2071,0,7,6,0.857,0
PAY_01403,CUST_2089,1740.7,card,checkout_abandoned,3,37,2,4,2,0.5,1
PAY_01404,CUST_1419,1824.81,card,insufficient_funds,6,1240,0,6,3,0.5,1
PAY_01405,CUST_2142,403.31,upi,card_declined,13,1145,0,7,7,1.0,0
PAY_01406,CUST_1679,1016.97,card,insufficient_funds,0,782,2,12,5,0.417,0
PAY_01407,CUST_0222,1695.67,upi,checkout_abandoned,18,241,1,11,11,1.0,1
PAY_01408,CUST_0757,1353.01,card,card_declined,20,174,0,2,2,1.0,0
PAY_01409,CUST_1198,1382.92,upi,checkout_abandoned,13,597,0,14,12,0.857,1
PAY_01410,CUST_1405,4623.8,card,checkout_abandoned,17,867,0,1,0,0.0,0
PAY_01411,CUST_1909,10024.4,card,checkout_abandoned,2,412,0,0,0,0.75,0
PAY_01412,CUST_1514,1400.95,card,checkout_abandoned,22,1758,0,12,8,0.667,0
PAY_01413,CUST_1966,625.18,netbanking,checkout_abandoned,9,2102,2,4,4,1.0,1
PAY_01414,CUST_0077,1492.0,upi,checkout_abandoned,11,1634,2,12,11,0.917,1
PAY_01415,CUST_0869,2102.7,wallet,card_declined,6,1786,0,1,1,1.0,0
PAY_01416,CUST_2478,1724.89,upi,checkout_abandoned,11,770,0,3,1,0.333,1
PAY_01417,CUST_0351,2933.92,netbanking,network_timeout,0,1860,2,12,8,0.667,0
PAY_01418,CUST_2363,10562.54,upi,network_timeout,13,367,1,2,1,0.5,1
PAY_01419,CUST_0844,457.17,netbanking,checkout_abandoned,6,1300,0,7,3,0.429,0
PAY_01420,CUST_0941,1199.76,wallet,checkout_abandoned,21,1174,2,10,3,0.3,0
PAY_01421,CUST_0262,6176.19,upi,checkout_abandoned,4,1033,1,5,2,0.4,0
PAY_01422,CUST_1484,1185.48,card,network_timeout,4,1797,2,2,0,0.0,0
PAY_01423,CUST_0614,3385.09,upi,network_timeout,15,729,2,12,3,0.25,0
PAY_01424,CUST_0949,2981.74,card,insufficient_funds,1,1215,2,9,1,0.111,0
PAY_01425,CUST_1842,4841.82,card,insufficient_funds,15,999,2,13,9,0.692,0
PAY_01426,CUST_2098,8318.3,upi,insufficient_funds,15,1170,1,10,6,0.6,0
PAY_01427,CUST_1815,2349.6,netbanking,card_declined,12,742,1,11,9,0.818,1
PAY_01428,CUST_0227,445.36,card,card_declined,12,1526,0,9,5,0.556,0
PAY_01429,CUST_1551,1027.84,card,checkout_abandoned,18,1277,0,10,6,0.6,1
PAY_01430,CUST_0437,10346.3,netbanking,insufficient_funds,14,280,0,6,2,0.333,0
PAY_01431,CUST_2308,580.67,card,checkout_abandoned,19,955,2,13,6,0.462,0
PAY_01432,CUST_1817,2678.43,card,network_timeout,21,1336,0,12,10,0.833,1
PAY_01433,CUST_1434,240.79,upi,card_declined,6,208,1,3,2,0.667,0
PAY_01434,CUST_0613,610.67,netbanking,card_declined,21,169,1,13,13,1.0,1
PAY_01435,CUST_2477,3659.54,upi,card_declined,13,1174,2,3,1,0.333,0
PAY_01436,CUST_2467,1852.54,upi,checkout_abandoned,9,345,1,10,10,1.0,1
PAY_01437,CUST_1503,1331.94,card,card_declined,19,1232,2,13,5,0.385,1
PAY_01438,CUST_2089,938.29,card,network_timeout,16,112,1,6,6,1.0,0
PAY_01439,CUST_1752,364.42,netbanking,checkout_abandoned,17,1845,0,2,1,0.5,1
PAY_01440,CUST_2074,3134.63,netbanking,checkout_abandoned,11,1327,1,14,4,0.286,0
PAY_01441,CUST_0330,1435.15,card,card_declined,1,1369,1,11,5,0.455,1
PAY_01442,CUST_0420,532.75,card,card_declined,13,2082,2,6,4,0.667,0
PAY_01443,CUST_0703,1844.0,card,card_declined,18,1349,0,14,11,0.786,0
PAY_01444,CUST_0500,2865.62,card,card_declined,19,321,0,1,1,1.0,1
PAY_01445,CUST_1792,1533.03,card,card_declined,1,1943,2,7,3,0.429,0
PAY_01446,CUST_2029,1975.02,card,network_timeout,6,1016,2,2,1,0.5,0
PAY_01447,CUST_1748,1855.75,netbanking,checkout_abandoned,17,1449,0,2,1,0.5,0
PAY_01448,CUST_1059,1022.6,card,network_timeout,2,1930,2,5,3,0.6,0
PAY_01449,CUST_1762,1879.85,upi,network_timeout,21,1022,0,8,6,0.75,1
PAY_01450,CUST_1863,3241.25,upi,card_declined,16,1836,1,2,1,0.5,0
PAY_01451,CUST_0209,4118.55,netbanking,checkout_abandoned,18,2056,0,7,6,0.857,1
PAY_01452,CUST_1564,3388.44,wallet,network_timeout,7,914,1,11,7,0.636,0
PAY_01453,CUST_0045,1048.86,card,checkout_abandoned,14,56,1,2,2,1.0,1
PAY_01454,CUST_2176,2994.44,card,checkout_abandoned,7,1608,2,0,0,0.75,0
PAY_01455,CUST_0092,2612.11,upi,insufficient_funds,2,1733,2,11,2,0.182,0
PAY_01456,CUST_1994,1020.22,card,card_declined,3,94,2,6,5,0.833,0
PAY_01457,CUST_0147,1241.52,card,card_declined,4,2059,1,2,2,1.0,0
PAY_01458,CUST_1675,3100.43,card,insufficient_funds,22,1634,1,13,9,0.692,0
PAY_01459,CUST_0189,5415.76,netbanking,checkout_abandoned,2,418,2,6,6,1.0,0
PAY_01460,CUST_1588,422.51,card,insufficient_funds,20,1567,0,1,1,1.0,1
PAY_01461,CUST_0579,6684.8,upi,checkout_abandoned,12,1486,2,4,3,0.75,0
PAY_01462,CUST_1996,4568.18,card,network_timeout,17,1259,2,8,6,0.75,0
PAY_01463,CUST_2451,2110.83,upi,card_declined,15,1231,0,4,3,0.75,1
PAY_01464,CUST_1240,1484.7,card,insufficient_funds,13,247,1,14,13,0.929,0
PAY_01465,CUST_0515,2459.93,netbanking,checkout_abandoned,22,2027,2,9,9,1.0,0
PAY_01466,CUST_1306,1078.24,upi,checkout_abandoned,0,640,2,1,1,1.0,0
PAY_01467,CUST_0310,1561.47,card,insufficient_funds,12,623,2,5,1,0.2,1
PAY_01468,CUST_2353,553.09,card,card_declined,23,371,0,5,1,0.2,0
PAY_01469,CUST_0089,446.89,netbanking,checkout_abandoned,14,433,1,2,0,0.0,0
PAY_01470,CUST_1985,11630.51,netbanking,card_declined,4,128,2,0,0,0.75,0
PAY_01471,CUST_1869,1893.16,card,checkout_abandoned,5,1790,0,1,1,1.0,1
PAY_01472,CUST_2204,2118.56,card,card_declined,17,1942,1,10,6,0.6,0
PAY_01473,CUST_1950,1756.28,card,card_declined,15,115,2,3,3,1.0,0
PAY_01474,CUST_1685,928.27,card,network_timeout,13,393,1,6,4,0.667,1
PAY_01475,CUST_0508,1407.95,card,network_timeout,0,959,2,2,2,1.0,0
PAY_01476,CUST_0939,1936.22,card,network_timeout,6,447,2,14,7,0.5,0
PAY_01477,CUST_1396,1537.99,card,insufficient_funds,10,432,0,14,6,0.429,1
PAY_01478,CUST_2313,986.12,netbanking,checkout_abandoned,10,1513,1,10,6,0.6,0
PAY_01479,CUST_1492,2641.58,netbanking,network_timeout,14,1899,1,4,3,0.75,0
PAY_01480,CUST_0630,2092.75,netbanking,network_timeout,13,696,1,9,4,0.444,1
PAY_01481,CUST_0870,2464.81,upi,insufficient_funds,11,1123,1,5,4,0.8,0
PAY_01482,CUST_0795,3163.95,upi,card_declined,16,875,1,13,10,0.769,1
PAY_01483,CUST_1704,1570.46,card,network_timeout,15,810,1,9,4,0.444,0
PAY_01484,CUST_0567,1572.52,upi,card_declined,17,123,1,1,1,1.0,1
PAY_01485,CUST_2486,5892.9,card,network_timeout,7,1527,1,1,0,0.0,0
PAY_01486,CUST_1787,845.84,upi,card_declined,0,2001,2,11,7,0.636,0
PAY_01487,CUST_0562,402.07,wallet,checkout_abandoned,23,1640,2,10,4,0.4,0
PAY_01488,CUST_1467,2807.28,netbanking,network_timeout,20,2152,1,10,9,0.9,0
PAY_01489,CUST_0674,1087.96,card,checkout_abandoned,6,1771,0,4,3,0.75,0
PAY_01490,CUST_1435,760.26,upi,network_timeout,17,796,0,10,3,0.3,1
PAY_01491,CUST_1243,3654.57,card,card_declined,7,1775,0,4,1,0.25,0
PAY_01492,CUST_1754,1603.15,card,checkout_abandoned,18,466,0,9,4,0.444,1
PAY_01493,CUST_0528,655.04,card,network_timeout,3,864,2,4,3,0.75,0
PAY_01494,CUST_2071,8463.34,card,checkout_abandoned,8,1524,1,1,1,1.0,0
PAY_01495,CUST_1943,496.21,upi,insufficient_funds,13,623,2,12,10,0.833,0
PAY_01496,CUST_0653,1679.41,card,network_timeout,16,1636,0,12,9,0.75,1
PAY_01497,CUST_2067,397.07,card,checkout_abandoned,6,402,2,11,4,0.364,1
PAY_01498,CUST_1907,2235.16,wallet,network_timeout,14,332,1,9,6,0.667,0
PAY_01499,CUST_0806,1077.78,upi,insufficient_funds,9,1627,2,9,8,0.889,0
PAY_01500,CUST_1304,3466.71,card,checkout_abandoned,8,1052,1,11,9,0.818,0
PAY_01501,CUST_0005,1775.14,upi,checkout_abandoned,19,2017,1,8,3,0.375,0
PAY_01502,CUST_2228,5303.0,upi,checkout_abandoned,4,423,1,13,13,1.0,1
PAY_01503,CUST_1717,1276.36,upi,insufficient_funds,17,1544,2,11,9,0.818,0
PAY_01504,CUST_0100,498.65,upi,insufficient_funds,13,505,0,8,5,0.625,0
PAY_01505,CUST_1895,2176.68,netbanking,checkout_abandoned,16,1022,1,8,8,1.0,0
PAY_01506,CUST_0587,1470.7,card,network_timeout,18,1067,1,14,3,0.214,0
PAY_01507,CUST_1270,419.95,upi,checkout_abandoned,19,1833,2,7,5,0.714,0
PAY_01508,CUST_0450,773.74,card,network_timeout,8,863,0,1,0,0.0,0
PAY_01509,CUST_0034,998.08,netbanking,card_declined,9,785,0,12,10,0.833,1
PAY_01510,CUST_0140,6246.95,card,checkout_abandoned,20,1026,1,0,0,0.75,0
PAY_01511,CUST_0060,3170.04,card,card_declined,12,2112,1,3,3,1.0,0
PAY_01512,CUST_1672,1362.88,wallet,card_declined,20,830,0,4,3,0.75,0
PAY_01513,CUST_2335,2623.43,upi,network_timeout,23,1186,2,0,0,0.75,0
PAY_01514,CUST_1976,352.12,card,checkout_abandoned,18,158,2,3,2,0.667,0
PAY_01515,CUST_2380,1145.52,card,checkout_abandoned,19,1303,0,2,2,1.0,1
PAY_01516,CUST_1315,2480.8,card,insufficient_funds,3,165,1,8,5,0.625,0
PAY_01517,CUST_0869,2054.61,wallet,card_declined,17,33,2,13,7,0.538,1
PAY_01518,CUST_2085,1169.18,card,checkout_abandoned,12,566,2,4,2,0.5,0
PAY_01519,CUST_0533,1745.67,card,card_declined,12,412,0,5,5,1.0,1
PAY_01520,CUST_1597,2359.08,upi,card_declined,23,1129,2,10,7,0.7,0
PAY_01521,CUST_0349,1786.58,card,insufficient_funds,6,451,1,10,6,0.6,0
PAY_01522,CUST_1614,3584.4,card,network_timeout,6,460,2,14,13,0.929,1
PAY_01523,CUST_0638,2322.74,netbanking,checkout_abandoned,4,1919,2,7,6,0.857,0
PAY_01524,CUST_0583,2709.54,card,checkout_abandoned,0,1351,2,11,8,0.727,0
PAY_01525,CUST_1898,7089.61,netbanking,checkout_abandoned,4,24,0,12,12,1.0,1
PAY_01526,CUST_2414,3489.62,netbanking,card_declined,12,1645,0,6,2,0.333,0
PAY_01527,CUST_1694,7246.75,card,insufficient_funds,8,1563,1,12,4,0.333,0
PAY_01528,CUST_1236,1051.54,upi,network_timeout,6,1927,0,14,9,0.643,1
PAY_01529,CUST_1806,503.51,netbanking,card_declined,23,1166,0,1,1,1.0,1
PAY_01530,CUST_2408,1608.92,upi,insufficient_funds,17,2038,2,11,7,0.636,0
PAY_01531,CUST_2000,1502.77,upi,insufficient_funds,4,2030,2,9,4,0.444,0
PAY_01532,CUST_1008,5785.29,card,card_declined,22,788,1,12,10,0.833,0
PAY_01533,CUST_1368,728.88,card,network_timeout,15,173,1,8,6,0.75,1
PAY_01534,CUST_1127,1689.92,upi,checkout_abandoned,10,2037,1,3,3,1.0,1
PAY_01535,CUST_1284,2489.12,card,card_declined,8,1414,1,6,4,0.667,0
PAY_01536,CUST_1770,1950.08,card,network_timeout,19,1890,2,10,4,0.4,0
PAY_01537,CUST_0543,1569.2,upi,checkout_abandoned,10,162,2,13,4,0.308,0
PAY_01538,CUST_2009,2398.02,card,checkout_abandoned,17,682,0,1,1,1.0,1
PAY_01539,CUST_1272,4267.66,netbanking,checkout_abandoned,11,2,0,2,2,1.0,0
PAY_01540,CUST_0586,6149.58,netbanking,insufficient_funds,16,799,0,3,3,1.0,0
PAY_01541,CUST_2260,1847.87,netbanking,checkout_abandoned,18,1625,2,8,6,0.75,0
PAY_01542,CUST_2486,937.17,card,card_declined,0,363,1,0,0,0.75,0
PAY_01543,CUST_1338,6143.62,card,insufficient_funds,2,810,2,14,7,0.5,0
PAY_01544,CUST_0098,760.09,netbanking,card_declined,17,1877,1,10,6,0.6,0
PAY_01545,CUST_1463,7540.21,card,network_timeout,6,659,1,13,4,0.308,0
PAY_01546,CUST_0126,5275.61,upi,insufficient_funds,18,1144,2,0,0,0.75,0
PAY_01547,CUST_2165,5925.74,upi,card_declined,9,942,0,4,2,0.5,1
PAY_01548,CUST_0287,3114.6,card,checkout_abandoned,1,445,2,6,4,0.667,0
PAY_01549,CUST_1874,332.14,card,insufficient_funds,10,2006,2,11,7,0.636,0
PAY_01550,CUST_1410,783.87,upi,insufficient_funds,21,1748,0,9,3,0.333,1
PAY_01551,CUST_1771,2300.89,card,card_declined,23,843,2,6,5,0.833,0
PAY_01552,CUST_1592,1048.4,netbanking,insufficient_funds,11,1836,0,4,3,0.75,0
PAY_01553,CUST_0815,1398.73,upi,insufficient_funds,15,1074,0,4,3,0.75,1
PAY_01554,CUST_2250,2938.89,card,insufficient_funds,18,1382,1,5,1,0.2,0
PAY_01555,CUST_1991,1571.15,upi,card_declined,9,634,2,10,10,1.0,1
PAY_01556,CUST_1123,678.8,card,checkout_abandoned,16,852,1,13,6,0.462,0
PAY_01557,CUST_2157,3655.8,card,checkout_abandoned,20,2000,1,7,4,0.571,1
PAY_01558,CUST_1960,2717.49,wallet,network_timeout,19,476,2,13,11,0.846,1
PAY_01559,CUST_0878,1474.9,upi,network_timeout,13,894,2,4,2,0.5,0
PAY_01560,CUST_1533,3179.74,upi,checkout_abandoned,0,1655,2,12,5,0.417,0
PAY_01561,CUST_0472,1942.21,netbanking,checkout_abandoned,17,712,0,0,0,0.75,0
PAY_01562,CUST_1036,5221.97,upi,network_timeout,15,1664,2,11,10,0.909,0
PAY_01563,CUST_0977,2031.46,card,checkout_abandoned,11,847,0,14,11,0.786,1
PAY_01564,CUST_1435,5191.01,card,checkout_abandoned,7,1103,1,4,3,0.75,0
PAY_01565,CUST_0825,402.07,card,checkout_abandoned,11,2141,2,10,10,1.0,0
PAY_01566,CUST_0537,2599.09,card,network_timeout,9,1604,0,1,1,1.0,1
PAY_01567,CUST_0928,1309.31,upi,card_declined,3,1983,2,12,9,0.75,0
PAY_01568,CUST_1909,905.33,upi,card_declined,3,432,1,7,3,0.429,0
PAY_01569,CUST_0089,4547.54,card,network_timeout,7,1803,0,6,0,0.0,1
PAY_01570,CUST_1355,3665.84,upi,network_timeout,13,1144,0,13,8,0.615,0
PAY_01571,CUST_1402,361.54,netbanking,insufficient_funds,0,1654,2,13,12,0.923,0
PAY_01572,CUST_2060,3190.52,wallet,network_timeout,17,703,0,3,0,0.0,1
PAY_01573,CUST_0528,2895.35,card,network_timeout,0,1581,1,14,5,0.357,0
PAY_01574,CUST_0918,1009.37,wallet,checkout_abandoned,5,2141,1,3,3,1.0,0
PAY_01575,CUST_0096,922.7,netbanking,card_declined,21,1074,1,12,7,0.583,1
PAY_01576,CUST_0478,504.25,card,card_declined,3,917,1,11,7,0.636,1
PAY_01577,CUST_1842,1374.05,card,checkout_abandoned,5,1139,2,7,2,0.286,0
PAY_01578,CUST_1211,1561.73,card,checkout_abandoned,22,444,0,8,5,0.625,0
PAY_01579,CUST_1825,3405.47,upi,checkout_abandoned,1,1213,2,5,1,0.2,0
PAY_01580,CUST_1229,2232.88,upi,checkout_abandoned,5,424,2,6,4,0.667,1
PAY_01581,CUST_1804,770.94,upi,checkout_abandoned,13,1494,2,7,5,0.714,1
PAY_01582,CUST_0798,2179.04,netbanking,insufficient_funds,7,2150,1,12,9,0.75,0
PAY_01583,CUST_1461,1468.95,card,insufficient_funds,14,1647,2,7,6,0.857,0
PAY_01584,CUST_1511,852.08,card,insufficient_funds,21,2158,0,8,6,0.75,0
PAY_01585,CUST_1642,504.69,netbanking,network_timeout,10,950,2,10,7,0.7,1
PAY_01586,CUST_0750,2967.23,wallet,checkout_abandoned,10,1727,2,13,11,0.846,0
PAY_01587,CUST_0789,2572.57,netbanking,insufficient_funds,7,1213,2,12,6,0.5,0
PAY_01588,CUST_1482,2810.05,card,network_timeout,7,1038,0,5,4,0.8,0
PAY_01589,CUST_2256,1005.2,card,insufficient_funds,13,1365,1,12,9,0.75,0
PAY_01590,CUST_1332,2064.01,card,card_declined,1,1438,1,6,1,0.167,1
PAY_01591,CUST_1098,598.99,card,card_declined,3,108,0,1,0,0.0,0
PAY_01592,CUST_0055,817.52,card,card_declined,18,1516,1,1,1,1.0,1
PAY_01593,CUST_0221,1849.24,wallet,checkout_abandoned,10,1136,1,3,2,0.667,1
PAY_01594,CUST_1668,2220.36,upi,insufficient_funds,17,282,1,5,3,0.6,1
PAY_01595,CUST_0369,489.06,card,checkout_abandoned,20,388,2,6,5,0.833,1
PAY_01596,CUST_1025,772.4,card,checkout_abandoned,6,311,2,2,2,1.0,0
PAY_01597,CUST_0247,1343.76,card,card_declined,9,1776,1,2,0,0.0,0
PAY_01598,CUST_2006,3875.22,upi,card_declined,14,851,1,0,0,0.75,0
PAY_01599,CUST_0603,939.23,upi,checkout_abandoned,16,932,2,13,5,0.385,0
PAY_01600,CUST_1814,2014.25,card,insufficient_funds,1,810,0,3,0,0.0,0
PAY_01601,CUST_1196,2190.44,netbanking,checkout_abandoned,13,1570,1,9,5,0.556,0
PAY_01602,CUST_1977,1474.08,card,card_declined,5,1011,1,7,3,0.429,0
PAY_01603,CUST_1180,2230.45,card,checkout_abandoned,10,2139,0,5,2,0.4,0
PAY_01604,CUST_0659,613.76,wallet,checkout_abandoned,19,654,1,3,0,0.0,0
PAY_01605,CUST_2409,1065.19,card,card_declined,3,2055,2,0,0,0.75,0
PAY_01606,CUST_1867,5670.48,card,insufficient_funds,22,1335,0,1,1,1.0,1
PAY_01607,CUST_1611,5999.03,upi,checkout_abandoned,8,1382,1,10,9,0.9,1
PAY_01608,CUST_1647,3532.91,card,insufficient_funds,18,1630,1,6,4,0.667,0
PAY_01609,CUST_2183,4340.98,card,insufficient_funds,4,1891,0,14,4,0.286,0
PAY_01610,CUST_2301,417.72,card,insufficient_funds,17,1882,0,2,2,1.0,1
PAY_01611,CUST_0401,842.68,card,insufficient_funds,20,1929,0,13,5,0.385,0
PAY_01612,CUST_1630,1403.41,upi,checkout_abandoned,16,884,1,1,0,0.0,1
PAY_01613,CUST_2288,12432.33,card,checkout_abandoned,22,1684,1,10,5,0.5,0
PAY_01614,CUST_0282,1401.19,netbanking,insufficient_funds,1,631,1,14,9,0.643,0
PAY_01615,CUST_2129,3266.47,netbanking,checkout_abandoned,21,1060,1,2,2,1.0,1
PAY_01616,CUST_1348,2436.31,card,card_declined,13,324,2,7,1,0.143,0
PAY_01617,CUST_0195,2393.33,card,card_declined,5,931,1,13,11,0.846,0
PAY_01618,CUST_1601,1766.43,card,network_timeout,16,1210,2,12,6,0.5,0
PAY_01619,CUST_0793,689.19,card,checkout_abandoned,11,1803,2,3,0,0.0,0
PAY_01620,CUST_2301,207.39,card,card_declined,18,83,2,2,2,1.0,0
PAY_01621,CUST_2251,5019.15,netbanking,card_declined,17,1292,0,5,5,1.0,1
PAY_01622,CUST_0705,1099.21,card,network_timeout,17,1852,2,6,4,0.667,0
PAY_01623,CUST_2074,404.18,upi,checkout_abandoned,20,1676,2,4,2,0.5,1
PAY_01624,CUST_0903,2555.26,upi,card_declined,7,1030,1,1,1,1.0,0
PAY_01625,CUST_0514,2516.37,netbanking,insufficient_funds,5,886,1,7,4,0.571,0
PAY_01626,CUST_2059,3327.1,card,checkout_abandoned,13,1316,2,6,3,0.5,0
PAY_01627,CUST_1184,4394.52,card,insufficient_funds,5,1520,1,4,4,1.0,0
PAY_01628,CUST_1525,862.95,wallet,card_declined,19,864,2,12,4,0.333,0
PAY_01629,CUST_0688,893.87,card,card_declined,21,1177,1,4,4,1.0,0
PAY_01630,CUST_1115,1394.9,upi,insufficient_funds,11,8,2,13,11,0.846,0
PAY_01631,CUST_2064,3473.28,upi,network_timeout,18,686,2,0,0,0.75,0
PAY_01632,CUST_1806,334.77,upi,checkout_abandoned,9,1704,2,7,5,0.714,1
PAY_01633,CUST_2462,1994.42,card,network_timeout,21,896,0,14,14,1.0,1
PAY_01634,CUST_0075,3794.24,card,checkout_abandoned,2,1023,2,4,1,0.25,0
PAY_01635,CUST_2018,3671.03,upi,checkout_abandoned,23,2027,2,9,5,0.556,0
PAY_01636,CUST_0966,3172.87,upi,insufficient_funds,13,878,1,11,7,0.636,0
PAY_01637,CUST_1823,4213.05,netbanking,insufficient_funds,22,943,0,5,3,0.6,0
PAY_01638,CUST_1038,199.9,upi,checkout_abandoned,17,1639,2,9,4,0.444,0
PAY_01639,CUST_0421,6544.09,wallet,card_declined,17,1826,1,9,7,0.778,0
PAY_01640,CUST_0213,2344.59,wallet,checkout_abandoned,8,751,1,7,6,0.857,0
PAY_01641,CUST_2485,5235.74,upi,checkout_abandoned,15,380,1,5,3,0.6,1
PAY_01642,CUST_2413,703.34,card,card_declined,18,1398,0,7,3,0.429,1
PAY_01643,CUST_0818,442.52,card,network_timeout,17,223,2,2,1,0.5,0
PAY_01644,CUST_2447,7514.91,upi,card_declined,23,1567,0,7,4,0.571,0
PAY_01645,CUST_1973,857.76,upi,card_declined,1,1041,0,4,2,0.5,0
PAY_01646,CUST_1497,1403.69,card,network_timeout,4,2122,1,5,5,1.0,0
PAY_01647,CUST_1295,2744.92,upi,insufficient_funds,10,649,1,3,1,0.333,0
PAY_01648,CUST_0836,3340.42,card,checkout_abandoned,14,1659,0,7,7,1.0,1
PAY_01649,CUST_2087,4265.33,card,checkout_abandoned,14,7,1,0,0,0.75,1
PAY_01650,CUST_1624,2152.21,netbanking,checkout_abandoned,8,51,0,0,0,0.75,1
PAY_01651,CUST_2261,774.4,card,insufficient_funds,3,968,2,3,3,1.0,0
PAY_01652,CUST_2318,3167.98,upi,insufficient_funds,5,1350,1,8,8,1.0,0
PAY_01653,CUST_2289,3208.59,upi,insufficient_funds,18,361,1,3,3,1.0,1
PAY_01654,CUST_2185,421.37,upi,card_declined,13,1331,1,7,5,0.714,1
PAY_01655,CUST_1601,5599.82,card,checkout_abandoned,0,1435,0,2,1,0.5,0
PAY_01656,CUST_0808,246.14,upi,insufficient_funds,9,267,0,6,6,1.0,1
PAY_01657,CUST_1119,4117.8,card,card_declined,9,1863,2,6,5,0.833,0
PAY_01658,CUST_1779,1083.83,upi,checkout_abandoned,14,1620,1,4,2,0.5,0
PAY_01659,CUST_1372,3165.13,card,insufficient_funds,19,719,0,0,0,0.75,0
PAY_01660,CUST_0385,2707.27,wallet,card_declined,15,810,1,9,6,0.667,1
PAY_01661,CUST_1864,1747.33,netbanking,card_declined,23,588,2,3,0,0.0,0
PAY_01662,CUST_1683,2582.24,card,network_timeout,9,1347,2,7,4,0.571,1
PAY_01663,CUST_0667,1679.72,card,checkout_abandoned,19,1477,1,10,10,1.0,0
PAY_01664,CUST_0591,3186.58,card,card_declined,0,580,1,1,1,1.0,0
PAY_01665,CUST_1817,10339.84,upi,checkout_abandoned,7,1181,2,10,10,1.0,0
PAY_01666,CUST_2028,615.57,upi,checkout_abandoned,21,383,0,5,5,1.0,1
PAY_01667,CUST_2422,140.47,upi,checkout_abandoned,1,890,2,7,0,0.0,0
PAY_01668,CUST_1744,1290.78,netbanking,card_declined,23,855,2,1,1,1.0,0
PAY_01669,CUST_1844,1222.09,upi,card_declined,12,818,1,7,2,0.286,0
PAY_01670,CUST_0029,1330.74,upi,checkout_abandoned,6,446,2,5,1,0.2,0
PAY_01671,CUST_1241,857.82,card,insufficient_funds,0,51,0,2,1,0.5,1
PAY_01672,CUST_1404,3617.32,upi,network_timeout,20,2131,1,7,5,0.714,1
PAY_01673,CUST_0258,596.14,upi,checkout_abandoned,4,873,0,9,8,0.889,1
PAY_01674,CUST_1132,2581.59,netbanking,card_declined,21,1570,0,5,1,0.2,0
PAY_01675,CUST_0169,2999.84,card,checkout_abandoned,23,1861,1,9,8,0.889,0
PAY_01676,CUST_2347,2318.59,card,checkout_abandoned,5,82,1,5,4,0.8,0
PAY_01677,CUST_0339,2657.81,card,checkout_abandoned,16,861,1,12,8,0.667,0
PAY_01678,CUST_1372,3846.64,wallet,insufficient_funds,11,831,2,4,4,1.0,0
PAY_01679,CUST_1848,1878.81,upi,checkout_abandoned,13,1371,0,11,9,0.818,1
PAY_01680,CUST_0280,1364.23,card,network_timeout,1,1971,2,5,3,0.6,0
PAY_01681,CUST_0924,2656.16,card,checkout_abandoned,10,1462,1,8,7,0.875,0
PAY_01682,CUST_1984,2909.79,upi,checkout_abandoned,10,1287,2,1,1,1.0,1
PAY_01683,CUST_1286,3667.58,netbanking,checkout_abandoned,13,491,0,1,1,1.0,1
PAY_01684,CUST_2195,457.43,wallet,insufficient_funds,7,1047,2,14,14,1.0,1
PAY_01685,CUST_0297,1554.2,netbanking,card_declined,10,1601,0,0,0,0.75,0
PAY_01686,CUST_1387,767.58,netbanking,card_declined,3,1160,2,8,4,0.5,0
PAY_01687,CUST_1605,2819.5,card,network_timeout,7,1315,2,6,2,0.333,0
PAY_01688,CUST_2189,3219.27,card,network_timeout,13,657,0,9,3,0.333,1
PAY_01689,CUST_1284,1445.21,upi,network_timeout,14,1010,0,0,0,0.75,1
PAY_01690,CUST_0778,1004.38,upi,insufficient_funds,3,839,0,2,2,1.0,1
PAY_01691,CUST_0548,2901.88,card,checkout_abandoned,14,1068,0,5,3,0.6,1
PAY_01692,CUST_0731,1618.0,upi,checkout_abandoned,8,426,0,13,7,0.538,0
PAY_01693,CUST_0451,5634.79,card,card_declined,5,1399,2,5,3,0.6,0
PAY_01694,CUST_2214,7434.63,card,checkout_abandoned,20,1534,0,8,6,0.75,1
PAY_01695,CUST_0527,4008.25,card,checkout_abandoned,18,1640,2,8,6,0.75,0
PAY_01696,CUST_1044,2168.23,netbanking,network_timeout,16,511,0,6,4,0.667,1
PAY_01697,CUST_0290,7754.29,upi,card_declined,10,907,1,12,10,0.833,0
PAY_01698,CUST_2486,2182.26,upi,checkout_abandoned,19,918,1,10,5,0.5,0
PAY_01699,CUST_1068,1226.83,netbanking,checkout_abandoned,9,1902,1,6,4,0.667,0
PAY_01700,CUST_2339,1048.66,netbanking,checkout_abandoned,5,2001,2,4,2,0.5,0
PAY_01701,CUST_1285,1025.3,card,checkout_abandoned,11,1034,0,4,3,0.75,1
PAY_01702,CUST_1342,1790.85,netbanking,checkout_abandoned,13,877,0,14,13,0.929,0
PAY_01703,CUST_2035,2607.15,card,insufficient_funds,14,48,0,1,1,1.0,0
PAY_01704,CUST_1962,580.23,upi,network_timeout,7,728,2,2,1,0.5,1
PAY_01705,CUST_2260,1256.9,card,network_timeout,13,152,1,3,2,0.667,0
PAY_01706,CUST_2000,2134.15,card,checkout_abandoned,10,913,2,12,12,1.0,0
PAY_01707,CUST_2246,3012.25,upi,card_declined,5,835,2,10,5,0.5,1
PAY_01708,CUST_0891,1763.06,card,insufficient_funds,14,538,0,14,6,0.429,0
PAY_01709,CUST_0053,2188.89,upi,checkout_abandoned,7,2108,0,10,9,0.9,1
PAY_01710,CUST_1154,668.29,upi,insufficient_funds,9,1582,0,7,6,0.857,1
PAY_01711,CUST_0421,867.93,upi,checkout_abandoned,23,1387,0,0,0,0.75,0
PAY_01712,CUST_2258,1714.46,card,insufficient_funds,12,1466,1,13,6,0.462,0
PAY_01713,CUST_1842,2708.05,card,checkout_abandoned,13,746,0,10,3,0.3,1
PAY_01714,CUST_1271,2165.89,card,checkout_abandoned,14,546,2,1,0,0.0,0
PAY_01715,CUST_1504,912.77,netbanking,insufficient_funds,3,1836,1,14,11,0.786,0
PAY_01716,CUST_0753,1489.64,netbanking,checkout_abandoned,3,908,2,9,5,0.556,0
PAY_01717,CUST_1956,6033.08,card,insufficient_funds,10,1541,2,9,6,0.667,0
PAY_01718,CUST_0320,2782.06,upi,network_timeout,0,1149,0,5,4,0.8,0
PAY_01719,CUST_1901,1580.53,upi,checkout_abandoned,7,46,1,4,0,0.0,0
PAY_01720,CUST_1067,792.25,wallet,checkout_abandoned,2,1873,2,5,5,1.0,0
PAY_01721,CUST_1115,1017.24,card,card_declined,15,44,2,0,0,0.75,1
PAY_01722,CUST_1125,1809.52,upi,card_declined,21,725,2,6,5,0.833,0
PAY_01723,CUST_2396,2244.64,upi,checkout_abandoned,0,1626,0,0,0,0.75,0
PAY_01724,CUST_1234,2829.89,card,network_timeout,23,1249,0,8,6,0.75,1
PAY_01725,CUST_0061,2455.12,card,network_timeout,11,1780,2,3,2,0.667,0
PAY_01726,CUST_1886,1338.56,card,card_declined,3,2030,1,9,4,0.444,0
PAY_01727,CUST_2330,1195.9,upi,insufficient_funds,7,1535,0,5,2,0.4,0
PAY_01728,CUST_2445,9256.98,upi,checkout_abandoned,8,564,1,4,2,0.5,1
PAY_01729,CUST_0684,1153.28,upi,card_declined,8,8,2,2,2,1.0,0
PAY_01730,CUST_0974,640.46,card,insufficient_funds,7,1573,0,5,2,0.4,1
PAY_01731,CUST_0669,485.2,netbanking,checkout_abandoned,23,689,0,1,1,1.0,1
PAY_01732,CUST_2025,1356.94,card,card_declined,14,1415,2,3,3,1.0,1
PAY_01733,CUST_1614,3818.18,wallet,checkout_abandoned,4,1102,2,6,4,0.667,0
PAY_01734,CUST_1575,1135.45,card,insufficient_funds,7,324,0,9,3,0.333,0
PAY_01735,CUST_2466,5869.67,netbanking,checkout_abandoned,8,788,0,6,4,0.667,1
PAY_01736,CUST_2125,1789.55,wallet,checkout_abandoned,22,2127,2,1,1,1.0,0
PAY_01737,CUST_0340,4372.93,netbanking,checkout_abandoned,20,696,0,10,9,0.9,0
PAY_01738,CUST_1065,981.78,netbanking,card_declined,4,1690,2,6,3,0.5,1
PAY_01739,CUST_2307,994.03,card,network_timeout,16,1506,1,9,6,0.667,0
PAY_01740,CUST_1162,1936.0,upi,checkout_abandoned,11,926,0,14,7,0.5,1
PAY_01741,CUST_0892,2648.07,upi,card_declined,5,1640,1,0,0,0.75,0
PAY_01742,CUST_0755,1559.9,card,card_declined,5,1209,2,14,8,0.571,0
PAY_01743,CUST_1737,2274.5,wallet,card_declined,15,1345,2,14,14,1.0,0
PAY_01744,CUST_1751,2882.26,card,checkout_abandoned,9,780,0,7,6,0.857,0
PAY_01745,CUST_1130,577.75,card,checkout_abandoned,0,2034,2,0,0,0.75,0
PAY_01746,CUST_0700,1370.31,wallet,network_timeout,4,566,0,3,3,1.0,1
PAY_01747,CUST_0095,1188.68,card,checkout_abandoned,0,1159,1,3,0,0.0,0
PAY_01748,CUST_1024,1235.76,card,network_timeout,2,1935,0,8,8,1.0,1
PAY_01749,CUST_0888,2492.51,card,network_timeout,4,1533,0,10,9,0.9,0
PAY_01750,CUST_1290,1201.96,netbanking,insufficient_funds,21,1264,2,7,5,0.714,0
PAY_01751,CUST_0014,361.94,netbanking,network_timeout,8,175,2,5,3,0.6,0
PAY_01752,CUST_2053,1489.7,card,card_declined,13,798,2,0,0,0.75,1
PAY_01753,CUST_0637,768.17,upi,checkout_abandoned,21,968,0,14,5,0.357,1
PAY_01754,CUST_1622,2677.42,upi,checkout_abandoned,16,1839,0,14,12,0.857,0
PAY_01755,CUST_1238,3429.26,upi,insufficient_funds,22,1846,0,0,0,0.75,1
PAY_01756,CUST_1343,315.98,upi,network_timeout,9,955,1,4,1,0.25,1
PAY_01757,CUST_2247,968.9,wallet,card_declined,0,768,1,14,8,0.571,0
PAY_01758,CUST_0193,2388.07,card,checkout_abandoned,3,400,2,5,3,0.6,0
PAY_01759,CUST_0847,583.15,card,checkout_abandoned,22,1033,0,9,4,0.444,0
PAY_01760,CUST_0172,3366.64,upi,checkout_abandoned,23,330,1,7,3,0.429,1
PAY_01761,CUST_1962,4167.18,card,insufficient_funds,14,360,2,9,8,0.889,0
PAY_01762,CUST_0895,1581.18,upi,card_declined,8,2032,0,13,6,0.462,1
PAY_01763,CUST_1124,969.14,card,card_declined,3,1162,1,5,5,1.0,0
PAY_01764,CUST_0061,283.46,card,card_declined,17,826,1,11,6,0.545,1
PAY_01765,CUST_1507,3452.18,wallet,card_declined,8,910,0,6,5,0.833,0
PAY_01766,CUST_0563,8933.57,card,card_declined,21,854,1,3,2,0.667,0
PAY_01767,CUST_0154,7570.87,upi,checkout_abandoned,16,1814,0,1,0,0.0,1
PAY_01768,CUST_2378,1540.04,netbanking,card_declined,13,1161,0,10,9,0.9,1
PAY_01769,CUST_1293,751.0,card,card_declined,20,1393,0,9,6,0.667,0
PAY_01770,CUST_0542,3517.98,card,checkout_abandoned,9,1245,1,13,11,0.846,1
PAY_01771,CUST_0872,1626.27,card,network_timeout,15,1218,1,3,1,0.333,0
PAY_01772,CUST_1999,2638.71,upi,checkout_abandoned,6,934,2,10,2,0.2,0
PAY_01773,CUST_1185,2293.29,card,network_timeout,23,1660,1,0,0,0.75,0
PAY_01774,CUST_1648,1939.03,upi,checkout_abandoned,1,2021,2,2,2,1.0,0
PAY_01775,CUST_0737,4098.4,card,network_timeout,5,745,1,8,8,1.0,0
PAY_01776,CUST_0314,4222.05,card,network_timeout,1,715,1,8,6,0.75,1
PAY_01777,CUST_0021,1184.87,card,checkout_abandoned,22,1644,2,8,8,1.0,0
PAY_01778,CUST_0511,860.1,card,insufficient_funds,16,245,2,12,7,0.583,0
PAY_01779,CUST_2309,243.78,card,insufficient_funds,6,981,1,12,7,0.583,0
PAY_01780,CUST_0075,1364.59,wallet,network_timeout,22,2150,1,2,1,0.5,0
PAY_01781,CUST_0041,750.61,card,card_declined,17,1506,2,3,2,0.667,0
PAY_01782,CUST_0076,2517.19,upi,checkout_abandoned,18,475,2,8,5,0.625,0
PAY_01783,CUST_1835,1375.88,upi,insufficient_funds,12,885,2,14,11,0.786,0
PAY_01784,CUST_2219,1500.57,upi,card_declined,7,2040,0,10,3,0.3,0
PAY_01785,CUST_1122,3446.5,upi,card_declined,22,1139,0,2,2,1.0,0
PAY_01786,CUST_2450,2473.39,card,checkout_abandoned,2,1826,1,9,6,0.667,1
PAY_01787,CUST_0892,1639.57,upi,insufficient_funds,5,1754,1,5,5,1.0,1
PAY_01788,CUST_2323,6937.4,card,checkout_abandoned,4,1679,1,1,1,1.0,1
PAY_01789,CUST_1242,3248.87,netbanking,checkout_abandoned,18,1399,2,10,3,0.3,0
PAY_01790,CUST_0888,1290.59,card,card_declined,20,287,1,4,3,0.75,0
PAY_01791,CUST_2205,1337.48,upi,checkout_abandoned,20,634,1,11,11,1.0,0
PAY_01792,CUST_0185,3382.08,upi,insufficient_funds,6,76,2,8,7,0.875,1
PAY_01793,CUST_0285,2117.13,upi,card_declined,12,940,1,6,1,0.167,0
PAY_01794,CUST_1911,734.08,card,checkout_abandoned,13,369,1,3,2,0.667,1
PAY_01795,CUST_2297,3682.37,upi,checkout_abandoned,23,1302,2,4,1,0.25,0
PAY_01796,CUST_0713,4921.3,upi,insufficient_funds,23,868,1,5,5,1.0,0
PAY_01797,CUST_1530,4631.58,upi,network_timeout,7,2031,2,10,8,0.8,1
PAY_01798,CUST_0487,6184.13,card,insufficient_funds,23,1711,1,6,4,0.667,1
PAY_01799,CUST_0413,9422.92,card,network_timeout,21,487,2,0,0,0.75,0
PAY_01800,CUST_1149,7183.26,card,network_timeout,5,848,2,0,0,0.75,0
PAY_01801,CUST_2372,2363.91,netbanking,network_timeout,17,901,2,4,3,0.75,0
PAY_01802,CUST_0202,1523.55,card,network_timeout,23,68,2,7,1,0.143,1
PAY_01803,CUST_2248,416.49,upi,card_declined,6,1569,1,4,3,0.75,0
PAY_01804,CUST_0062,1815.72,upi,checkout_abandoned,7,155,2,14,10,0.714,0
PAY_01805,CUST_2493,2726.71,upi,checkout_abandoned,21,1771,1,3,2,0.667,0
PAY_01806,CUST_1261,1863.82,upi,checkout_abandoned,19,995,2,6,5,0.833,0
PAY_01807,CUST_2020,397.41,upi,card_declined,19,982,1,5,0,0.0,0
PAY_01808,CUST_1573,1431.17,upi,insufficient_funds,5,63,2,4,0,0.0,0
PAY_01809,CUST_2109,3016.36,card,insufficient_funds,6,1356,0,13,4,0.308,0
PAY_01810,CUST_1526,792.2,netbanking,card_declined,0,1632,0,3,0,0.0,0
PAY_01811,CUST_0389,2055.13,wallet,card_declined,17,892,1,0,0,0.75,0
PAY_01812,CUST_0064,2542.35,upi,insufficient_funds,19,529,2,7,7,1.0,1
PAY_01813,CUST_2080,4402.45,wallet,checkout_abandoned,19,2157,2,9,6,0.667,0
PAY_01814,CUST_0218,7084.23,wallet,card_declined,10,1052,0,6,6,1.0,1
PAY_01815,CUST_1811,1330.46,upi,checkout_abandoned,2,1426,2,6,2,0.333,0
PAY_01816,CUST_0465,2085.05,upi,network_timeout,23,1711,1,12,9,0.75,1
PAY_01817,CUST_1652,2137.94,upi,checkout_abandoned,20,1272,1,5,2,0.4,0
PAY_01818,CUST_0835,3026.14,card,network_timeout,8,1193,2,9,4,0.444,0
PAY_01819,CUST_2209,2766.85,card,network_timeout,17,1479,2,12,3,0.25,0
PAY_01820,CUST_1822,5628.21,upi,network_timeout,8,1907,0,5,5,1.0,1
PAY_01821,CUST_1194,278.8,netbanking,checkout_abandoned,20,1479,0,8,4,0.5,0
PAY_01822,CUST_0063,2514.83,card,network_timeout,13,1829,0,5,2,0.4,1
PAY_01823,CUST_0776,2658.38,netbanking,network_timeout,23,607,0,9,5,0.556,0
PAY_01824,CUST_0469,1491.23,upi,network_timeout,19,375,0,8,4,0.5,1
PAY_01825,CUST_1861,294.22,upi,checkout_abandoned,15,219,1,12,9,0.75,1
PAY_01826,CUST_1861,1714.27,card,card_declined,0,49,2,3,3,1.0,1
PAY_01827,CUST_1061,1019.53,upi,network_timeout,10,963,1,2,1,0.5,0
PAY_01828,CUST_0973,6890.55,card,network_timeout,15,1866,1,6,3,0.5,1
PAY_01829,CUST_1437,2430.31,card,checkout_abandoned,12,142,0,9,7,0.778,1
PAY_01830,CUST_1137,952.56,card,network_timeout,5,1416,2,4,3,0.75,0
PAY_01831,CUST_1197,348.43,card,network_timeout,14,1728,1,14,10,0.714,1
PAY_01832,CUST_0258,2887.18,card,checkout_abandoned,5,1984,0,7,5,0.714,0
PAY_01833,CUST_2182,3141.52,upi,network_timeout,22,1750,1,12,6,0.5,0
PAY_01834,CUST_0743,1514.62,card,card_declined,2,180,0,8,8,1.0,0
PAY_01835,CUST_1000,2917.5,card,card_declined,6,327,1,5,5,1.0,1
PAY_01836,CUST_0849,1362.29,netbanking,card_declined,0,2131,0,12,10,0.833,0
PAY_01837,CUST_2394,4227.28,upi,card_declined,5,203,0,2,0,0.0,0
PAY_01838,CUST_2395,3982.6,wallet,insufficient_funds,7,2126,2,3,0,0.0,0
PAY_01839,CUST_2283,485.12,upi,checkout_abandoned,22,2037,0,11,8,0.727,1
PAY_01840,CUST_1390,589.57,card,checkout_abandoned,15,579,0,13,9,0.692,1
PAY_01841,CUST_0828,9141.39,wallet,card_declined,3,1743,0,4,3,0.75,1
PAY_01842,CUST_0333,3794.47,netbanking,network_timeout,10,127,2,8,4,0.5,0
PAY_01843,CUST_1382,655.66,upi,card_declined,3,276,2,7,3,0.429,0
PAY_01844,CUST_1872,512.47,upi,checkout_abandoned,2,804,1,10,8,0.8,1
PAY_01845,CUST_1696,2125.49,upi,card_declined,14,493,2,7,2,0.286,0
PAY_01846,CUST_2323,721.76,upi,network_timeout,11,938,2,9,8,0.889,0
PAY_01847,CUST_2425,1397.13,netbanking,insufficient_funds,4,584,0,10,9,0.9,1
PAY_01848,CUST_0090,1733.19,upi,network_timeout,19,581,1,12,12,1.0,1
PAY_01849,CUST_1034,1674.37,card,insufficient_funds,23,768,0,2,2,1.0,1
PAY_01850,CUST_1307,4432.74,card,checkout_abandoned,20,117,1,9,5,0.556,1
PAY_01851,CUST_1484,7811.46,card,card_declined,21,1496,2,2,1,0.5,0
PAY_01852,CUST_1012,1227.1,card,checkout_abandoned,13,1872,0,0,0,0.75,0
PAY_01853,CUST_1654,728.52,card,network_timeout,5,865,2,10,4,0.4,0
PAY_01854,CUST_1554,2456.81,netbanking,checkout_abandoned,13,457,1,5,4,0.8,1
PAY_01855,CUST_1321,6639.06,card,checkout_abandoned,4,1949,2,10,7,0.7,1
PAY_01856,CUST_0269,1303.71,card,checkout_abandoned,8,1886,1,14,9,0.643,0
PAY_01857,CUST_0697,3554.0,card,card_declined,9,997,1,1,1,1.0,1
PAY_01858,CUST_0380,921.34,upi,insufficient_funds,11,559,0,6,1,0.167,1
PAY_01859,CUST_0873,1830.89,upi,insufficient_funds,19,1616,1,1,1,1.0,0
PAY_01860,CUST_1383,710.51,upi,insufficient_funds,18,1835,2,12,3,0.25,0
PAY_01861,CUST_0937,1815.67,wallet,network_timeout,16,70,0,14,12,0.857,1
PAY_01862,CUST_1218,1639.88,wallet,checkout_abandoned,10,611,0,13,10,0.769,1
PAY_01863,CUST_0722,2927.9,netbanking,checkout_abandoned,0,1863,2,14,5,0.357,0
PAY_01864,CUST_1747,7465.08,netbanking,network_timeout,20,218,0,4,2,0.5,1
PAY_01865,CUST_1267,1318.73,card,network_timeout,4,534,1,4,1,0.25,1
PAY_01866,CUST_1798,363.49,upi,checkout_abandoned,14,1777,1,12,3,0.25,1
PAY_01867,CUST_0155,1531.28,card,checkout_abandoned,3,1759,1,9,9,1.0,0
PAY_01868,CUST_2057,2287.0,netbanking,card_declined,9,600,1,5,5,1.0,0
PAY_01869,CUST_1951,2115.53,card,network_timeout,3,1877,2,3,3,1.0,1
PAY_01870,CUST_1877,1587.0,card,checkout_abandoned,22,667,0,0,0,0.75,0
PAY_01871,CUST_0007,5917.76,card,insufficient_funds,9,448,0,0,0,0.75,0
PAY_01872,CUST_2366,2007.24,upi,insufficient_funds,21,881,2,10,8,0.8,0
PAY_01873,CUST_1611,1655.25,upi,checkout_abandoned,10,1286,0,3,3,1.0,1
PAY_01874,CUST_1496,966.21,card,checkout_abandoned,9,1308,0,12,9,0.75,1
PAY_01875,CUST_0165,445.04,upi,checkout_abandoned,9,563,2,12,5,0.417,1
PAY_01876,CUST_1929,2342.39,card,checkout_abandoned,17,1374,1,6,2,0.333,0
PAY_01877,CUST_2391,2190.48,netbanking,insufficient_funds,18,39,0,4,2,0.5,0
PAY_01878,CUST_2286,771.3,card,insufficient_funds,22,164,0,2,2,1.0,1
PAY_01879,CUST_1463,1737.22,card,network_timeout,1,539,1,3,1,0.333,1
PAY_01880,CUST_1192,1604.33,upi,network_timeout,14,2058,0,9,9,1.0,1
PAY_01881,CUST_1050,1092.19,upi,network_timeout,5,1520,1,11,6,0.545,0
PAY_01882,CUST_0297,954.22,netbanking,network_timeout,22,113,1,11,7,0.636,1
PAY_01883,CUST_0940,2488.93,upi,insufficient_funds,6,151,2,14,10,0.714,1
PAY_01884,CUST_2098,1502.51,wallet,checkout_abandoned,1,1805,2,9,7,0.778,1
PAY_01885,CUST_2341,1121.86,card,insufficient_funds,8,1092,1,7,5,0.714,0
PAY_01886,CUST_0296,903.44,card,insufficient_funds,22,1545,1,5,4,0.8,1
PAY_01887,CUST_0464,1622.22,wallet,card_declined,14,670,2,5,3,0.6,1
PAY_01888,CUST_0835,3771.13,card,card_declined,16,626,0,5,5,1.0,1
PAY_01889,CUST_1165,2123.57,netbanking,checkout_abandoned,14,342,1,13,4,0.308,1
PAY_01890,CUST_1960,1488.98,card,insufficient_funds,3,1290,0,8,7,0.875,1
PAY_01891,CUST_1441,2303.84,upi,card_declined,21,1238,2,3,3,1.0,0
PAY_01892,CUST_0526,5361.77,card,checkout_abandoned,2,1187,2,2,0,0.0,0
PAY_01893,CUST_0336,2664.77,upi,network_timeout,7,2015,2,0,0,0.75,0
PAY_01894,CUST_0534,2216.54,netbanking,card_declined,17,1440,0,12,8,0.667,1
PAY_01895,CUST_0471,2999.99,card,insufficient_funds,22,2014,2,3,3,1.0,0
PAY_01896,CUST_2070,1586.25,card,card_declined,5,1593,1,1,1,1.0,0
PAY_01897,CUST_0274,2085.57,card,checkout_abandoned,23,284,2,4,3,0.75,0
PAY_01898,CUST_0851,1217.28,card,insufficient_funds,0,1112,0,7,6,0.857,0
PAY_01899,CUST_2133,520.66,card,card_declined,12,2099,1,14,13,0.929,0
PAY_01900,CUST_1275,2368.02,wallet,card_declined,4,1547,0,12,10,0.833,0
PAY_01901,CUST_0111,2375.32,card,network_timeout,21,252,2,2,0,0.0,0
PAY_01902,CUST_0656,1429.92,card,card_declined,2,428,0,7,4,0.571,0
PAY_01903,CUST_0481,4122.43,upi,checkout_abandoned,13,167,0,12,7,0.583,0
PAY_01904,CUST_0913,1010.56,card,card_declined,4,1496,0,11,4,0.364,0
PAY_01905,CUST_1266,436.35,card,network_timeout,2,945,2,7,7,1.0,1
PAY_01906,CUST_1957,1030.55,upi,insufficient_funds,12,924,1,3,2,0.667,0
PAY_01907,CUST_2362,524.68,upi,insufficient_funds,6,2108,0,11,7,0.636,0
PAY_01908,CUST_2154,2358.95,netbanking,card_declined,12,2032,1,6,4,0.667,0
PAY_01909,CUST_1252,986.22,card,checkout_abandoned,7,205,1,3,3,1.0,1
PAY_01910,CUST_1174,3957.21,upi,checkout_abandoned,10,1848,2,10,3,0.3,0
PAY_01911,CUST_0954,3891.62,netbanking,card_declined,5,2020,0,13,11,0.846,1
PAY_01912,CUST_1252,858.82,netbanking,card_declined,17,3,0,13,5,0.385,0
PAY_01913,CUST_0340,942.99,wallet,checkout_abandoned,21,1974,2,14,14,1.0,1
PAY_01914,CUST_1704,2760.3,card,network_timeout,0,1643,1,9,8,0.889,0
PAY_01915,CUST_0302,3941.88,wallet,card_declined,10,611,0,11,10,0.909,1
PAY_01916,CUST_0709,359.76,netbanking,card_declined,21,1301,1,3,3,1.0,0
PAY_01917,CUST_2043,2254.94,netbanking,checkout_abandoned,22,91,1,4,3,0.75,0
PAY_01918,CUST_1892,310.28,upi,checkout_abandoned,23,1543,0,2,2,1.0,0
PAY_01919,CUST_0914,1160.64,wallet,network_timeout,1,744,0,1,0,0.0,1
PAY_01920,CUST_2365,4317.65,card,checkout_abandoned,22,558,0,12,9,0.75,1
PAY_01921,CUST_1199,19997.41,upi,network_timeout,1,1714,2,6,4,0.667,1
PAY_01922,CUST_0429,1486.95,upi,insufficient_funds,6,1725,0,8,6,0.75,0
PAY_01923,CUST_2348,663.71,upi,network_timeout,11,767,1,1,0,0.0,0
PAY_01924,CUST_0918,1193.62,netbanking,insufficient_funds,21,304,0,2,1,0.5,0
PAY_01925,CUST_0990,1897.7,card,card_declined,10,1599,2,1,1,1.0,0
PAY_01926,CUST_0332,1052.95,card,card_declined,17,1941,1,7,7,1.0,0
PAY_01927,CUST_0555,858.93,card,insufficient_funds,13,1892,2,8,6,0.75,0
PAY_01928,CUST_0275,1279.29,upi,checkout_abandoned,11,938,0,1,1,1.0,0
PAY_01929,CUST_1232,2470.07,upi,card_declined,2,1121,0,10,10,1.0,1
PAY_01930,CUST_1474,1571.86,netbanking,insufficient_funds,23,230,1,1,0,0.0,0
PAY_01931,CUST_1330,889.14,netbanking,network_timeout,2,706,0,12,9,0.75,1
PAY_01932,CUST_0700,1053.1,upi,network_timeout,5,1513,1,13,9,0.692,1
PAY_01933,CUST_0016,1292.66,card,checkout_abandoned,20,1653,1,9,8,0.889,1
PAY_01934,CUST_0653,809.16,upi,checkout_abandoned,14,836,1,8,5,0.625,0
PAY_01935,CUST_2398,1022.32,netbanking,checkout_abandoned,7,1990,1,10,6,0.6,0
PAY_01936,CUST_0986,3012.27,upi,card_declined,5,550,0,3,3,1.0,1
PAY_01937,CUST_0587,1497.1,netbanking,network_timeout,3,1515,0,13,7,0.538,1
PAY_01938,CUST_1728,442.64,wallet,network_timeout,6,1445,1,13,7,0.538,0
PAY_01939,CUST_1201,4086.73,card,card_declined,19,1285,1,10,8,0.8,0
PAY_01940,CUST_0737,2512.21,upi,card_declined,19,720,1,14,13,0.929,1
PAY_01941,CUST_0720,595.28,upi,card_declined,16,1534,1,4,4,1.0,1
PAY_01942,CUST_1328,1343.78,upi,network_timeout,15,469,2,13,12,0.923,1
PAY_01943,CUST_2487,955.14,card,insufficient_funds,6,1791,1,0,0,0.75,0
PAY_01944,CUST_2017,3093.53,card,card_declined,17,1302,0,11,5,0.455,0
PAY_01945,CUST_1359,1337.05,card,checkout_abandoned,22,887,1,4,3,0.75,0
PAY_01946,CUST_0179,1698.2,upi,checkout_abandoned,8,757,0,14,11,0.786,1
PAY_01947,CUST_1716,1547.18,card,card_declined,13,271,2,8,5,0.625,0
PAY_01948,CUST_0456,550.83,card,checkout_abandoned,22,115,2,2,2,1.0,1
PAY_01949,CUST_2168,5540.6,upi,card_declined,3,677,1,4,2,0.5,0
PAY_01950,CUST_1321,3057.66,card,checkout_abandoned,10,490,0,13,12,0.923,1
PAY_01951,CUST_0352,989.93,netbanking,checkout_abandoned,17,1484,2,12,3,0.25,0
PAY_01952,CUST_0686,2098.61,card,card_declined,7,974,0,5,2,0.4,0
PAY_01953,CUST_1045,3923.88,card,checkout_abandoned,2,332,2,3,1,0.333,1
PAY_01954,CUST_2352,1882.08,wallet,checkout_abandoned,4,1241,2,0,0,0.75,0
PAY_01955,CUST_1586,6253.8,netbanking,checkout_abandoned,21,1372,0,1,0,0.0,1
PAY_01956,CUST_0177,18579.66,upi,checkout_abandoned,6,1051,1,0,0,0.75,1
PAY_01957,CUST_1270,1627.25,netbanking,network_timeout,20,1411,0,4,4,1.0,0
PAY_01958,CUST_0823,1129.49,card,card_declined,18,1984,1,2,1,0.5,0
PAY_01959,CUST_1986,815.67,netbanking,checkout_abandoned,15,1291,2,0,0,0.75,0
PAY_01960,CUST_0014,306.34,card,network_timeout,7,738,0,11,11,1.0,0
PAY_01961,CUST_2242,4885.65,upi,network_timeout,10,1353,2,13,4,0.308,0
PAY_01962,CUST_0014,1356.61,card,insufficient_funds,7,1873,0,13,13,1.0,1
PAY_01963,CUST_1371,3625.79,netbanking,network_timeout,9,1385,1,12,11,0.917,1
PAY_01964,CUST_0170,4258.63,card,card_declined,9,1034,0,1,1,1.0,0
PAY_01965,CUST_0960,758.06,card,checkout_abandoned,9,250,2,2,2,1.0,0
PAY_01966,CUST_1024,854.82,card,card_declined,7,1471,2,12,6,0.5,0
PAY_01967,CUST_1512,7268.4,upi,checkout_abandoned,9,1692,2,0,0,0.75,0
PAY_01968,CUST_0834,1701.88,card,checkout_abandoned,12,1167,1,11,7,0.636,0
PAY_01969,CUST_2276,1061.37,upi,network_timeout,12,1364,1,1,0,0.0,1
PAY_01970,CUST_1058,780.09,card,network_timeout,23,235,1,0,0,0.75,0
PAY_01971,CUST_2229,1607.41,netbanking,insufficient_funds,4,2088,0,11,10,0.909,1
PAY_01972,CUST_0915,6014.07,card,checkout_abandoned,22,913,2,10,9,0.9,0
PAY_01973,CUST_1684,3114.71,wallet,checkout_abandoned,20,1907,2,1,0,0.0,0
PAY_01974,CUST_0188,2081.72,card,insufficient_funds,22,1458,2,0,0,0.75,0
PAY_01975,CUST_0856,6414.77,card,card_declined,19,1556,1,13,10,0.769,1
PAY_01976,CUST_1515,5498.12,card,card_declined,14,596,0,3,2,0.667,0
PAY_01977,CUST_0861,2351.57,card,network_timeout,10,568,0,14,12,0.857,0
PAY_01978,CUST_0821,16588.05,upi,checkout_abandoned,23,713,1,7,7,1.0,1
PAY_01979,CUST_1167,1476.76,card,checkout_abandoned,19,582,2,14,3,0.214,0
PAY_01980,CUST_1341,4332.78,netbanking,card_declined,8,1514,2,13,11,0.846,0
PAY_01981,CUST_1147,1314.41,upi,checkout_abandoned,6,332,2,9,5,0.556,0
PAY_01982,CUST_2003,3706.42,card,insufficient_funds,4,1584,2,1,0,0.0,0
PAY_01983,CUST_1429,1475.62,upi,checkout_abandoned,16,318,2,13,9,0.692,0
PAY_01984,CUST_2277,2603.56,card,card_declined,21,1158,2,5,5,1.0,0
PAY_01985,CUST_0512,12181.22,card,network_timeout,21,632,1,3,3,1.0,1
PAY_01986,CUST_2183,3854.6,card,checkout_abandoned,19,1590,2,8,6,0.75,0
PAY_01987,CUST_0828,2635.99,card,insufficient_funds,20,620,0,5,5,1.0,0
PAY_01988,CUST_0916,968.53,card,checkout_abandoned,9,1818,2,11,3,0.273,1
PAY_01989,CUST_2013,2092.52,wallet,checkout_abandoned,19,1889,0,3,2,0.667,1
PAY_01990,CUST_0442,803.63,upi,card_declined,5,1099,0,13,10,0.769,1
PAY_01991,CUST_2249,3659.65,wallet,card_declined,13,51,0,1,1,1.0,1
PAY_01992,CUST_1399,3586.9,card,checkout_abandoned,8,1502,1,7,2,0.286,0
PAY_01993,CUST_1469,1559.05,netbanking,insufficient_funds,6,1475,2,14,12,0.857,0
PAY_01994,CUST_2181,6811.5,card,card_declined,10,27,1,12,5,0.417,1
PAY_01995,CUST_1398,6086.68,card,network_timeout,18,1216,1,12,11,0.917,1
PAY_01996,CUST_2015,2028.92,netbanking,checkout_abandoned,20,64,2,9,4,0.444,0
PAY_01997,CUST_0664,2829.77,card,insufficient_funds,14,535,2,8,3,0.375,0
PAY_01998,CUST_1142,1124.14,card,insufficient_funds,9,1302,1,3,3,1.0,1
PAY_01999,CUST_0559,1447.8,netbanking,checkout_abandoned,15,1001,2,4,3,0.75,1
PAY_02000,CUST_1938,759.86,upi,network_timeout,11,1373,1,8,2,0.25,1
PAY_02001,CUST_2260,1227.67,upi,checkout_abandoned,8,898,2,4,4,1.0,0
PAY_02002,CUST_0464,1655.79,card,insufficient_funds,4,635,1,4,4,1.0,1
PAY_02003,CUST_2325,476.87,card,checkout_abandoned,10,151,2,10,8,0.8,1
PAY_02004,CUST_0064,2855.47,wallet,checkout_abandoned,17,1334,2,10,7,0.7,0
PAY_02005,CUST_1982,4077.52,card,card_declined,13,1170,2,7,5,0.714,0
PAY_02006,CUST_2284,1788.63,card,checkout_abandoned,15,220,0,4,4,1.0,1
PAY_02007,CUST_1992,208.04,card,network_timeout,18,250,1,2,1,0.5,1
PAY_02008,CUST_2374,1470.19,wallet,card_declined,3,1662,2,3,2,0.667,0
PAY_02009,CUST_2205,590.42,netbanking,card_declined,19,1785,2,4,4,1.0,0
PAY_02010,CUST_1816,1105.27,upi,checkout_abandoned,6,763,1,14,10,0.714,0
PAY_02011,CUST_0463,5750.78,wallet,card_declined,6,2114,2,4,1,0.25,0
PAY_02012,CUST_0844,256.71,card,insufficient_funds,7,1234,1,13,13,1.0,1
PAY_02013,CUST_0485,936.78,netbanking,card_declined,18,1182,2,8,8,1.0,0
PAY_02014,CUST_0210,3495.38,card,insufficient_funds,14,2115,1,6,5,0.833,0
PAY_02015,CUST_1185,1026.59,card,insufficient_funds,1,1327,1,4,2,0.5,1
PAY_02016,CUST_0088,965.65,card,network_timeout,0,1116,1,11,8,0.727,0
PAY_02017,CUST_0441,9149.61,wallet,insufficient_funds,16,268,2,12,10,0.833,0
PAY_02018,CUST_0061,2436.34,wallet,card_declined,14,1138,2,14,6,0.429,0
PAY_02019,CUST_1935,3800.86,upi,network_timeout,8,707,2,12,10,0.833,1
PAY_02020,CUST_0734,2673.86,card,insufficient_funds,6,223,0,1,1,1.0,0
PAY_02021,CUST_2085,2048.58,card,checkout_abandoned,17,1152,0,13,11,0.846,0
PAY_02022,CUST_0674,4948.11,card,card_declined,21,96,2,9,9,1.0,0
PAY_02023,CUST_1476,8265.28,card,card_declined,20,2004,0,7,5,0.714,1
PAY_02024,CUST_0646,468.12,card,card_declined,19,1992,2,3,0,0.0,0
PAY_02025,CUST_1450,1749.85,upi,network_timeout,0,1563,1,7,6,0.857,1
PAY_02026,CUST_2215,1738.86,upi,insufficient_funds,13,1871,1,12,12,1.0,0
PAY_02027,CUST_0954,1276.81,wallet,checkout_abandoned,6,1785,0,8,5,0.625,1
PAY_02028,CUST_0434,3945.73,upi,insufficient_funds,7,1750,0,1,0,0.0,0
PAY_02029,CUST_0653,2210.67,card,network_timeout,21,271,2,11,7,0.636,0
PAY_02030,CUST_0296,8399.44,upi,network_timeout,6,2147,0,11,6,0.545,0
PAY_02031,CUST_1815,4340.54,card,card_declined,16,508,2,10,8,0.8,0
PAY_02032,CUST_1012,5363.13,upi,network_timeout,1,209,0,3,1,0.333,0
PAY_02033,CUST_1200,689.67,netbanking,insufficient_funds,17,1896,1,4,3,0.75,0
PAY_02034,CUST_1950,944.52,card,insufficient_funds,9,1654,0,6,4,0.667,0
PAY_02035,CUST_1413,1008.87,card,card_declined,2,1294,1,13,13,1.0,0
PAY_02036,CUST_1181,5187.65,netbanking,checkout_abandoned,3,242,0,12,10,0.833,1
PAY_02037,CUST_0333,830.31,upi,checkout_abandoned,8,688,1,1,0,0.0,1
PAY_02038,CUST_1665,849.96,upi,card_declined,15,1371,2,1,0,0.0,0
PAY_02039,CUST_0976,733.96,upi,network_timeout,19,1520,2,0,0,0.75,0
PAY_02040,CUST_1632,16284.41,upi,checkout_abandoned,20,1551,1,13,13,1.0,1
PAY_02041,CUST_0086,1606.41,card,insufficient_funds,19,539,2,12,5,0.417,1
PAY_02042,CUST_0382,2750.26,netbanking,checkout_abandoned,1,1498,2,3,1,0.333,0
PAY_02043,CUST_2275,722.74,wallet,network_timeout,19,240,2,13,9,0.692,1
PAY_02044,CUST_1853,3877.51,card,checkout_abandoned,21,572,1,7,1,0.143,1
PAY_02045,CUST_1517,435.55,card,checkout_abandoned,14,38,1,4,3,0.75,1
PAY_02046,CUST_0302,822.49,upi,card_declined,9,1908,1,11,10,0.909,0
PAY_02047,CUST_1429,1002.69,upi,insufficient_funds,20,795,0,1,1,1.0,1
PAY_02048,CUST_1782,2144.45,card,network_timeout,0,1223,2,1,1,1.0,0
PAY_02049,CUST_1963,954.39,upi,card_declined,0,22,2,3,2,0.667,0
PAY_02050,CUST_2309,6092.05,upi,insufficient_funds,2,1973,0,9,9,1.0,0
PAY_02051,CUST_2132,2692.22,upi,checkout_abandoned,16,863,2,12,6,0.5,0
PAY_02052,CUST_0290,1036.76,card,card_declined,0,960,2,7,5,0.714,0
PAY_02053,CUST_0860,3998.34,card,network_timeout,2,774,2,6,4,0.667,0
PAY_02054,CUST_0317,1314.11,card,checkout_abandoned,14,741,2,8,5,0.625,0
PAY_02055,CUST_0386,1122.36,wallet,insufficient_funds,14,663,2,0,0,0.75,0
PAY_02056,CUST_2471,3685.62,upi,network_timeout,6,1941,2,9,4,0.444,1
PAY_02057,CUST_1038,252.97,card,checkout_abandoned,20,172,0,12,9,0.75,1
PAY_02058,CUST_2429,3240.22,wallet,network_timeout,11,1762,1,6,5,0.833,0
PAY_02059,CUST_2442,1017.46,card,card_declined,14,552,0,9,8,0.889,1
PAY_02060,CUST_1218,1016.23,upi,card_declined,17,186,2,4,4,1.0,0
PAY_02061,CUST_1454,8621.82,card,checkout_abandoned,16,1884,0,14,13,0.929,1
PAY_02062,CUST_0376,1176.82,upi,insufficient_funds,10,948,1,2,1,0.5,0
PAY_02063,CUST_0536,3867.15,upi,network_timeout,13,1952,0,2,0,0.0,0
PAY_02064,CUST_1596,2250.57,netbanking,card_declined,4,164,0,14,12,0.857,1
PAY_02065,CUST_2169,2445.33,card,insufficient_funds,15,157,2,7,5,0.714,0
PAY_02066,CUST_1317,1473.08,card,checkout_abandoned,20,1879,0,6,1,0.167,1
PAY_02067,CUST_0508,1412.86,card,network_timeout,16,547,1,12,3,0.25,1
PAY_02068,CUST_0973,6111.53,wallet,checkout_abandoned,4,1033,1,4,1,0.25,1
PAY_02069,CUST_1486,3789.2,card,insufficient_funds,23,355,1,4,2,0.5,0
PAY_02070,CUST_1828,1206.88,upi,network_timeout,17,565,0,0,0,0.75,1
PAY_02071,CUST_0246,779.65,upi,checkout_abandoned,22,1247,1,7,5,0.714,0
PAY_02072,CUST_0598,1127.73,card,insufficient_funds,16,152,0,11,7,0.636,0
PAY_02073,CUST_0464,3947.11,card,insufficient_funds,15,1664,1,14,9,0.643,0
PAY_02074,CUST_1946,4621.6,card,checkout_abandoned,19,633,0,7,4,0.571,0
PAY_02075,CUST_0694,2805.95,upi,insufficient_funds,20,1965,2,1,0,0.0,0
PAY_02076,CUST_1625,493.8,wallet,network_timeout,10,788,2,2,1,0.5,0
PAY_02077,CUST_0322,3289.74,card,checkout_abandoned,15,1559,1,4,3,0.75,0
PAY_02078,CUST_0291,5107.19,wallet,card_declined,22,2096,2,13,11,0.846,1
PAY_02079,CUST_0283,2068.1,card,insufficient_funds,18,1413,1,8,5,0.625,0
PAY_02080,CUST_1069,8772.56,card,card_declined,2,2138,2,14,8,0.571,0
PAY_02081,CUST_0051,625.63,wallet,insufficient_funds,21,1546,1,12,10,0.833,0
PAY_02082,CUST_1295,3113.14,netbanking,card_declined,12,1000,1,13,8,0.615,1
PAY_02083,CUST_0674,795.81,card,checkout_abandoned,4,2124,1,4,2,0.5,0
PAY_02084,CUST_1196,4198.05,upi,card_declined,16,1973,2,8,4,0.5,0
PAY_02085,CUST_1539,2939.02,netbanking,checkout_abandoned,23,2013,2,0,0,0.75,0
PAY_02086,CUST_1172,7605.5,netbanking,insufficient_funds,20,1725,1,5,1,0.2,0
PAY_02087,CUST_1984,2684.66,upi,insufficient_funds,3,211,2,4,1,0.25,0
PAY_02088,CUST_1978,1302.89,card,insufficient_funds,15,1662,1,2,2,1.0,0
PAY_02089,CUST_1529,1215.23,card,checkout_abandoned,3,493,2,0,0,0.75,0
PAY_02090,CUST_1353,1473.51,upi,network_timeout,15,581,1,5,4,0.8,1
PAY_02091,CUST_1429,1196.27,upi,insufficient_funds,11,1683,2,1,1,1.0,0
PAY_02092,CUST_0561,5288.18,card,checkout_abandoned,23,1604,0,9,3,0.333,1
PAY_02093,CUST_1246,4994.3,card,network_timeout,0,162,1,4,2,0.5,1
PAY_02094,CUST_1466,543.64,card,card_declined,9,2140,1,3,3,1.0,0
PAY_02095,CUST_2332,1856.09,upi,checkout_abandoned,18,1487,1,1,0,0.0,0
PAY_02096,CUST_0730,1892.28,card,insufficient_funds,12,1814,1,6,5,0.833,1
PAY_02097,CUST_1754,963.44,card,card_declined,11,1952,0,2,0,0.0,0
PAY_02098,CUST_0489,2555.85,card,network_timeout,16,1171,2,8,6,0.75,1
PAY_02099,CUST_0236,5791.94,netbanking,card_declined,7,719,0,14,7,0.5,0
PAY_02100,CUST_2487,3673.83,upi,card_declined,6,2,0,10,6,0.6,1
PAY_02101,CUST_0639,5288.01,card,checkout_abandoned,8,1555,2,1,1,1.0,0
PAY_02102,CUST_1583,1013.1,card,card_declined,9,814,0,1,1,1.0,0
PAY_02103,CUST_0649,1853.35,card,checkout_abandoned,5,907,2,13,7,0.538,0
PAY_02104,CUST_0828,975.57,upi,checkout_abandoned,16,1413,1,13,10,0.769,1
PAY_02105,CUST_1920,2180.01,upi,network_timeout,8,898,2,5,4,0.8,0
PAY_02106,CUST_0679,2342.8,upi,checkout_abandoned,9,300,0,6,3,0.5,1
PAY_02107,CUST_0164,3879.31,upi,checkout_abandoned,4,1880,2,5,3,0.6,0
PAY_02108,CUST_1036,5147.86,card,checkout_abandoned,21,876,2,8,3,0.375,0
PAY_02109,CUST_1918,3123.54,card,insufficient_funds,3,1555,1,3,1,0.333,0
PAY_02110,CUST_1934,904.52,card,card_declined,13,1534,1,14,8,0.571,1
PAY_02111,CUST_1491,610.21,upi,network_timeout,22,539,1,6,6,1.0,0
PAY_02112,CUST_1908,2728.64,card,network_timeout,16,1925,1,2,1,0.5,0
PAY_02113,CUST_2010,5978.7,upi,card_declined,23,2135,1,4,2,0.5,0
PAY_02114,CUST_1408,1764.65,card,network_timeout,3,1515,1,13,10,0.769,1
PAY_02115,CUST_1141,530.4,upi,card_declined,11,1836,0,4,3,0.75,0
PAY_02116,CUST_2052,9540.93,card,checkout_abandoned,23,1319,1,12,7,0.583,0
PAY_02117,CUST_1709,2662.62,card,insufficient_funds,1,666,1,11,2,0.182,0
PAY_02118,CUST_1321,2064.11,upi,card_declined,23,488,0,14,5,0.357,0
PAY_02119,CUST_0271,707.09,card,card_declined,2,2036,1,2,2,1.0,0
PAY_02120,CUST_1992,1823.5,card,card_declined,16,1449,1,5,5,1.0,0
PAY_02121,CUST_0120,3118.32,card,insufficient_funds,19,1048,1,12,5,0.417,0
PAY_02122,CUST_2005,2691.78,upi,card_declined,5,1811,0,1,1,1.0,1
PAY_02123,CUST_1401,1044.85,card,insufficient_funds,20,1213,2,0,0,0.75,0
PAY_02124,CUST_1407,1719.67,wallet,card_declined,13,946,1,0,0,0.75,0
PAY_02125,CUST_2393,1099.64,wallet,insufficient_funds,15,129,1,1,1,1.0,1
PAY_02126,CUST_0458,6814.93,netbanking,insufficient_funds,2,1920,2,11,5,0.455,0
PAY_02127,CUST_1067,3682.85,card,insufficient_funds,1,154,0,5,5,1.0,0
PAY_02128,CUST_1838,1183.31,upi,insufficient_funds,1,732,0,2,0,0.0,0
PAY_02129,CUST_2261,706.81,card,card_declined,8,1301,0,10,5,0.5,0
PAY_02130,CUST_2085,2248.0,netbanking,card_declined,7,1366,1,4,1,0.25,0
PAY_02131,CUST_1724,1213.53,upi,card_declined,15,1402,1,2,1,0.5,0
PAY_02132,CUST_1329,1288.07,card,checkout_abandoned,5,1817,2,14,14,1.0,0
PAY_02133,CUST_2269,725.87,card,checkout_abandoned,10,1105,2,8,7,0.875,0
PAY_02134,CUST_1771,801.44,netbanking,checkout_abandoned,22,1917,1,6,5,0.833,0
PAY_02135,CUST_1389,2050.17,netbanking,network_timeout,23,1259,0,13,6,0.462,1
PAY_02136,CUST_1223,1453.95,upi,network_timeout,17,1012,1,3,1,0.333,0
PAY_02137,CUST_0825,13263.26,upi,insufficient_funds,13,833,1,8,6,0.75,0
PAY_02138,CUST_0017,2895.59,netbanking,checkout_abandoned,17,995,1,11,4,0.364,1
PAY_02139,CUST_1793,716.36,netbanking,checkout_abandoned,17,1025,1,0,0,0.75,0
PAY_02140,CUST_1953,526.91,netbanking,checkout_abandoned,18,2042,1,4,1,0.25,0
PAY_02141,CUST_0133,2475.21,card,checkout_abandoned,9,359,1,1,1,1.0,0
PAY_02142,CUST_1130,1310.35,upi,insufficient_funds,8,1008,1,7,7,1.0,0
PAY_02143,CUST_0830,5222.45,netbanking,checkout_abandoned,13,269,1,10,4,0.4,1
PAY_02144,CUST_2411,2255.29,card,checkout_abandoned,23,8,0,2,1,0.5,0
PAY_02145,CUST_2054,368.53,card,insufficient_funds,16,982,1,2,0,0.0,0
PAY_02146,CUST_0072,796.32,card,checkout_abandoned,13,1047,1,6,4,0.667,1
PAY_02147,CUST_1025,1048.71,card,card_declined,23,633,0,5,2,0.4,0
PAY_02148,CUST_2172,2563.61,netbanking,checkout_abandoned,5,1305,2,1,0,0.0,0
PAY_02149,CUST_1635,775.37,card,checkout_abandoned,18,36,2,10,10,1.0,1
PAY_02150,CUST_0342,2034.07,upi,card_declined,16,1606,1,11,5,0.455,0
PAY_02151,CUST_1070,618.08,card,checkout_abandoned,6,900,1,6,1,0.167,0
PAY_02152,CUST_0201,1808.93,netbanking,card_declined,13,171,2,5,2,0.4,0
PAY_02153,CUST_0604,2420.1,netbanking,checkout_abandoned,12,2008,0,2,2,1.0,1
PAY_02154,CUST_1014,5795.0,upi,checkout_abandoned,14,1243,0,4,3,0.75,1
PAY_02155,CUST_2184,2190.76,upi,network_timeout,22,1020,1,7,7,1.0,1
PAY_02156,CUST_0454,936.5,card,checkout_abandoned,6,1320,1,14,8,0.571,1
PAY_02157,CUST_1312,5942.86,netbanking,card_declined,9,1191,1,2,2,1.0,1
PAY_02158,CUST_1639,1554.64,upi,insufficient_funds,14,1468,1,12,8,0.667,0
PAY_02159,CUST_1930,3342.24,card,insufficient_funds,2,1570,0,7,7,1.0,0
PAY_02160,CUST_1516,1102.38,wallet,card_declined,1,588,1,8,2,0.25,0
PAY_02161,CUST_0327,1935.58,card,insufficient_funds,9,1395,0,4,4,1.0,0
PAY_02162,CUST_2092,948.16,upi,insufficient_funds,19,1656,2,14,5,0.357,0
PAY_02163,CUST_2368,2329.36,card,insufficient_funds,8,300,0,0,0,0.75,1
PAY_02164,CUST_2126,3424.14,upi,insufficient_funds,14,1705,0,3,3,1.0,0
PAY_02165,CUST_0466,1211.61,card,checkout_abandoned,18,751,0,4,1,0.25,1
PAY_02166,CUST_0731,1158.33,card,insufficient_funds,15,297,1,8,2,0.25,1
PAY_02167,CUST_0147,2394.66,upi,checkout_abandoned,14,1534,2,6,4,0.667,0
PAY_02168,CUST_1932,930.32,wallet,insufficient_funds,13,1668,1,13,6,0.462,0
PAY_02169,CUST_0536,534.42,card,insufficient_funds,12,1198,2,2,2,1.0,0
PAY_02170,CUST_2352,2387.73,upi,network_timeout,23,1331,1,8,4,0.5,1
PAY_02171,CUST_1563,1651.41,upi,insufficient_funds,9,979,1,7,7,1.0,0
PAY_02172,CUST_0802,1623.69,netbanking,insufficient_funds,1,943,2,4,3,0.75,0
PAY_02173,CUST_1145,2730.93,card,network_timeout,21,705,1,0,0,0.75,1
PAY_02174,CUST_0896,3053.8,upi,card_declined,11,1683,2,12,6,0.5,1
PAY_02175,CUST_0233,1582.47,wallet,insufficient_funds,23,1057,2,3,1,0.333,0
PAY_02176,CUST_0383,733.19,card,network_timeout,16,276,0,2,1,0.5,1
PAY_02177,CUST_1338,1079.95,card,insufficient_funds,13,521,0,8,1,0.125,0
PAY_02178,CUST_2490,2874.15,netbanking,checkout_abandoned,14,772,2,2,2,1.0,0
PAY_02179,CUST_0438,2007.54,card,insufficient_funds,8,1610,0,9,9,1.0,0
PAY_02180,CUST_2385,1159.49,card,checkout_abandoned,17,1928,2,10,6,0.6,1
PAY_02181,CUST_0410,961.06,card,checkout_abandoned,7,360,0,3,2,0.667,1
PAY_02182,CUST_1773,2950.71,netbanking,checkout_abandoned,23,310,1,1,0,0.0,0
PAY_02183,CUST_2305,1507.52,wallet,checkout_abandoned,14,1123,1,1,0,0.0,0
PAY_02184,CUST_0060,3286.95,upi,card_declined,11,2004,0,0,0,0.75,0
PAY_02185,CUST_0730,3637.35,upi,network_timeout,6,624,2,7,1,0.143,1
PAY_02186,CUST_1283,1401.46,card,card_declined,19,1359,2,5,5,1.0,1
PAY_02187,CUST_1351,3847.81,card,checkout_abandoned,11,1560,0,11,3,0.273,0
PAY_02188,CUST_2182,2010.76,card,network_timeout,11,15,2,5,3,0.6,1
PAY_02189,CUST_0804,2229.98,card,insufficient_funds,3,788,2,9,7,0.778,0
PAY_02190,CUST_0223,312.48,card,checkout_abandoned,17,336,0,7,1,0.143,1
PAY_02191,CUST_1631,827.83,upi,card_declined,1,2134,2,6,1,0.167,0
PAY_02192,CUST_1051,864.53,card,network_timeout,11,113,0,11,10,0.909,1
PAY_02193,CUST_0504,1394.96,card,checkout_abandoned,18,284,0,7,5,0.714,1
PAY_02194,CUST_0233,1972.43,card,card_declined,10,1668,2,8,3,0.375,0
PAY_02195,CUST_0826,2038.04,card,network_timeout,3,343,0,6,5,0.833,0
PAY_02196,CUST_2240,2262.31,card,checkout_abandoned,23,549,2,10,6,0.6,1
PAY_02197,CUST_0109,1040.63,card,card_declined,0,1197,1,4,2,0.5,0
PAY_02198,CUST_1587,3129.51,card,network_timeout,16,1231,1,0,0,0.75,1
PAY_02199,CUST_0642,7653.92,upi,insufficient_funds,0,2155,2,6,5,0.833,0
PAY_02200,CUST_1551,1356.8,netbanking,checkout_abandoned,16,1837,2,4,2,0.5,0
PAY_02201,CUST_2182,1058.5,netbanking,card_declined,23,1809,2,13,5,0.385,0
PAY_02202,CUST_0792,1040.31,netbanking,checkout_abandoned,12,1948,1,14,5,0.357,0
PAY_02203,CUST_1008,1927.38,upi,checkout_abandoned,0,1205,2,3,3,1.0,1
PAY_02204,CUST_1020,1181.96,wallet,card_declined,1,1816,1,6,2,0.333,0
PAY_02205,CUST_1775,450.92,upi,insufficient_funds,5,1528,1,6,5,0.833,0
PAY_02206,CUST_1893,561.24,upi,network_timeout,8,1086,2,3,2,0.667,0
PAY_02207,CUST_0994,4071.2,card,checkout_abandoned,21,2024,1,0,0,0.75,0
PAY_02208,CUST_0223,5018.96,card,insufficient_funds,1,308,0,14,10,0.714,1
PAY_02209,CUST_1360,6473.38,card,card_declined,12,829,0,9,8,0.889,0
PAY_02210,CUST_1744,2157.24,card,card_declined,17,751,0,6,3,0.5,0
PAY_02211,CUST_1155,814.7,netbanking,checkout_abandoned,15,1173,0,2,1,0.5,1
PAY_02212,CUST_1243,1267.91,card,network_timeout,19,724,2,7,4,0.571,0
PAY_02213,CUST_1670,545.9,upi,checkout_abandoned,16,917,0,4,2,0.5,0
PAY_02214,CUST_1043,529.34,netbanking,network_timeout,0,2139,0,3,2,0.667,1
PAY_02215,CUST_1792,2207.8,upi,checkout_abandoned,21,1623,0,14,7,0.5,0
PAY_02216,CUST_1584,2770.41,card,card_declined,11,1742,0,9,7,0.778,0
PAY_02217,CUST_0251,8623.45,card,card_declined,11,760,2,4,4,1.0,0
PAY_02218,CUST_0044,1684.24,card,checkout_abandoned,21,697,0,3,1,0.333,1
PAY_02219,CUST_2427,607.45,wallet,checkout_abandoned,18,1112,0,11,7,0.636,1
PAY_02220,CUST_1329,1632.72,upi,insufficient_funds,2,891,0,9,7,0.778,1
PAY_02221,CUST_1952,1435.94,upi,insufficient_funds,7,1407,0,12,6,0.5,0
PAY_02222,CUST_1419,1215.07,upi,network_timeout,8,587,0,11,6,0.545,1
PAY_02223,CUST_0652,2369.75,upi,insufficient_funds,22,306,0,6,3,0.5,0
PAY_02224,CUST_0280,681.27,upi,card_declined,2,871,1,9,9,1.0,0
PAY_02225,CUST_2125,1998.43,card,checkout_abandoned,11,1772,0,5,0,0.0,1
PAY_02226,CUST_0293,3031.44,card,insufficient_funds,11,174,2,1,1,1.0,1
PAY_02227,CUST_1006,5604.54,card,checkout_abandoned,4,181,2,0,0,0.75,1
PAY_02228,CUST_0963,2307.32,upi,card_declined,12,1803,1,1,1,1.0,1
PAY_02229,CUST_0434,4146.58,netbanking,card_declined,5,823,1,13,8,0.615,0
PAY_02230,CUST_2306,1261.96,upi,checkout_abandoned,9,1150,2,12,9,0.75,0
PAY_02231,CUST_1313,1411.08,upi,insufficient_funds,18,1654,2,5,1,0.2,0
PAY_02232,CUST_1525,5291.3,wallet,checkout_abandoned,20,1307,0,13,9,0.692,0
PAY_02233,CUST_0950,600.81,card,card_declined,0,2098,1,11,5,0.455,0
PAY_02234,CUST_1398,1303.79,card,checkout_abandoned,9,425,0,2,0,0.0,0
PAY_02235,CUST_2210,4439.51,wallet,checkout_abandoned,0,1785,1,3,0,0.0,0
PAY_02236,CUST_2435,1520.28,wallet,checkout_abandoned,2,976,2,5,4,0.8,0
PAY_02237,CUST_0738,1432.33,upi,card_declined,0,273,1,12,8,0.667,0
PAY_02238,CUST_1348,1455.75,card,insufficient_funds,19,999,1,9,5,0.556,0
PAY_02239,CUST_0908,1976.86,wallet,insufficient_funds,12,1082,0,5,5,1.0,1
PAY_02240,CUST_0066,4291.57,netbanking,network_timeout,5,209,2,12,5,0.417,0
PAY_02241,CUST_1671,3770.37,upi,insufficient_funds,11,1044,2,4,4,1.0,0
PAY_02242,CUST_2092,1816.57,card,card_declined,17,66,1,13,11,0.846,1
PAY_02243,CUST_1165,4313.28,upi,insufficient_funds,6,1437,1,10,8,0.8,0
PAY_02244,CUST_2392,2366.05,netbanking,insufficient_funds,10,1335,1,10,9,0.9,0
PAY_02245,CUST_1881,3579.0,netbanking,insufficient_funds,3,264,2,1,1,1.0,0
PAY_02246,CUST_2427,790.64,upi,card_declined,5,1235,1,2,1,0.5,0
PAY_02247,CUST_0076,7232.82,upi,insufficient_funds,5,575,2,14,8,0.571,0
PAY_02248,CUST_0529,2146.75,upi,network_timeout,2,1395,0,11,11,1.0,0
PAY_02249,CUST_0694,199.72,upi,insufficient_funds,19,511,2,3,1,0.333,0
PAY_02250,CUST_1359,6789.71,card,insufficient_funds,19,1935,2,12,9,0.75,0
PAY_02251,CUST_2333,1807.29,card,network_timeout,12,1105,2,4,3,0.75,0
PAY_02252,CUST_1016,1311.79,card,checkout_abandoned,5,2156,1,5,5,1.0,1
PAY_02253,CUST_0571,1108.76,netbanking,insufficient_funds,1,173,1,4,2,0.5,0
PAY_02254,CUST_1103,2558.42,card,network_timeout,23,1812,1,7,5,0.714,1
PAY_02255,CUST_1155,884.33,card,checkout_abandoned,10,122,0,11,10,0.909,1
PAY_02256,CUST_0803,1134.58,wallet,network_timeout,12,50,0,2,0,0.0,0
PAY_02257,CUST_1784,1156.6,upi,checkout_abandoned,12,365,0,14,8,0.571,0
PAY_02258,CUST_0070,1424.74,card,checkout_abandoned,17,663,1,4,2,0.5,0
PAY_02259,CUST_0768,1191.99,card,card_declined,10,1938,0,14,7,0.5,0
PAY_02260,CUST_0503,3560.99,netbanking,insufficient_funds,13,1679,2,13,13,1.0,0
PAY_02261,CUST_0178,2235.88,card,checkout_abandoned,18,163,2,8,7,0.875,1
PAY_02262,CUST_0221,2465.06,upi,checkout_abandoned,23,1946,1,1,1,1.0,1
PAY_02263,CUST_2145,2933.71,upi,network_timeout,16,511,1,8,4,0.5,0
PAY_02264,CUST_1215,1670.81,card,card_declined,5,1969,2,11,8,0.727,0
PAY_02265,CUST_2438,795.76,upi,network_timeout,4,438,0,14,9,0.643,1
PAY_02266,CUST_0457,7628.75,card,card_declined,9,1449,0,1,1,1.0,1
PAY_02267,CUST_2368,3780.34,upi,checkout_abandoned,19,1354,2,11,5,0.455,0
PAY_02268,CUST_1254,6540.73,card,network_timeout,21,1829,2,4,2,0.5,0
PAY_02269,CUST_0272,4118.21,card,checkout_abandoned,11,1339,1,11,7,0.636,0
PAY_02270,CUST_0501,1245.44,card,checkout_abandoned,4,346,2,8,7,0.875,0
PAY_02271,CUST_1217,275.11,netbanking,network_timeout,15,2151,0,12,5,0.417,1
PAY_02272,CUST_1705,673.35,card,network_timeout,15,848,2,0,0,0.75,1
PAY_02273,CUST_2058,2995.18,card,checkout_abandoned,3,2038,1,7,3,0.429,0
PAY_02274,CUST_2298,1659.29,card,checkout_abandoned,21,181,2,10,7,0.7,0
PAY_02275,CUST_2226,1286.48,upi,checkout_abandoned,22,1956,0,5,3,0.6,1
PAY_02276,CUST_1459,244.47,card,card_declined,23,627,1,4,4,1.0,1
PAY_02277,CUST_0072,1781.2,wallet,network_timeout,12,2085,2,4,0,0.0,0
PAY_02278,CUST_0260,757.57,upi,card_declined,19,1676,1,11,6,0.545,1
PAY_02279,CUST_2487,1008.31,upi,checkout_abandoned,0,2104,2,3,0,0.0,0
PAY_02280,CUST_0395,3553.28,upi,network_timeout,1,403,2,14,10,0.714,1
PAY_02281,CUST_0235,790.15,card,insufficient_funds,0,1593,0,3,1,0.333,0
PAY_02282,CUST_2046,852.86,wallet,card_declined,13,1603,2,6,2,0.333,0
PAY_02283,CUST_1377,2088.09,wallet,insufficient_funds,10,1944,1,14,5,0.357,0
PAY_02284,CUST_1041,3617.11,card,checkout_abandoned,16,1659,1,0,0,0.75,0
PAY_02285,CUST_1117,1304.24,upi,card_declined,5,197,1,5,2,0.4,0
PAY_02286,CUST_1704,5821.51,card,card_declined,7,1900,2,12,10,0.833,0
PAY_02287,CUST_2489,647.17,upi,checkout_abandoned,8,587,1,4,3,0.75,1
PAY_02288,CUST_1692,562.45,netbanking,checkout_abandoned,16,2089,1,4,3,0.75,0
PAY_02289,CUST_1425,525.38,wallet,card_declined,7,1666,1,0,0,0.75,0
PAY_02290,CUST_0533,480.0,card,insufficient_funds,21,1614,0,2,2,1.0,0
PAY_02291,CUST_0849,2356.14,upi,checkout_abandoned,5,1386,1,2,2,1.0,1
PAY_02292,CUST_0732,823.29,upi,checkout_abandoned,15,1459,0,13,7,0.538,1
PAY_02293,CUST_1831,582.53,card,network_timeout,5,1222,0,8,6,0.75,1
PAY_02294,CUST_1800,2439.09,upi,insufficient_funds,11,1693,1,3,2,0.667,0
PAY_02295,CUST_0095,3479.7,upi,insufficient_funds,14,1991,0,12,10,0.833,1
PAY_02296,CUST_0030,4172.32,netbanking,card_declined,18,409,2,9,7,0.778,0
PAY_02297,CUST_2373,3625.58,wallet,checkout_abandoned,22,1799,2,4,2,0.5,0
PAY_02298,CUST_1225,863.56,card,card_declined,7,1596,1,3,3,1.0,0
PAY_02299,CUST_2310,2244.9,card,card_declined,18,1260,1,3,3,1.0,0
PAY_02300,CUST_0337,2678.57,card,checkout_abandoned,16,1964,1,10,6,0.6,0
PAY_02301,CUST_0928,1231.07,card,checkout_abandoned,18,2022,2,10,10,1.0,0
PAY_02302,CUST_1279,2053.59,upi,checkout_abandoned,12,979,1,9,4,0.444,1
PAY_02303,CUST_0489,661.33,netbanking,network_timeout,5,147,1,6,5,0.833,1
PAY_02304,CUST_1221,1089.49,card,network_timeout,14,48,0,7,4,0.571,1
PAY_02305,CUST_0643,2423.51,upi,insufficient_funds,9,1327,0,13,8,0.615,0
PAY_02306,CUST_1385,6012.38,card,insufficient_funds,11,728,0,8,4,0.5,0
PAY_02307,CUST_1064,4521.93,card,network_timeout,4,484,0,9,1,0.111,0
PAY_02308,CUST_0883,3054.06,netbanking,insufficient_funds,9,209,0,3,3,1.0,0
PAY_02309,CUST_1864,1918.51,upi,network_timeout,14,575,2,6,4,0.667,1
PAY_02310,CUST_0574,1694.86,card,checkout_abandoned,1,1353,1,0,0,0.75,1
PAY_02311,CUST_0714,565.36,wallet,checkout_abandoned,8,1716,0,6,4,0.667,1
PAY_02312,CUST_1176,922.55,upi,card_declined,14,1803,2,12,6,0.5,0
PAY_02313,CUST_0705,946.96,card,insufficient_funds,11,1427,2,10,4,0.4,0
PAY_02314,CUST_1166,2850.78,upi,card_declined,23,198,2,13,7,0.538,0
PAY_02315,CUST_0434,3833.37,upi,insufficient_funds,22,1514,2,5,2,0.4,0
PAY_02316,CUST_1168,3244.77,card,insufficient_funds,8,923,0,11,8,0.727,1
PAY_02317,CUST_1232,4636.31,netbanking,card_declined,23,281,1,10,7,0.7,0
PAY_02318,CUST_1335,1907.12,upi,checkout_abandoned,14,1453,2,10,6,0.6,1
PAY_02319,CUST_1317,819.91,upi,network_timeout,7,2066,0,11,5,0.455,1
PAY_02320,CUST_1209,1729.51,netbanking,checkout_abandoned,17,1960,1,7,6,0.857,0
PAY_02321,CUST_0938,1007.95,upi,card_declined,2,1688,0,5,1,0.2,0
PAY_02322,CUST_0854,3046.75,card,card_declined,14,476,0,8,6,0.75,1
PAY_02323,CUST_1322,1350.56,card,insufficient_funds,22,1072,2,5,1,0.2,0
PAY_02324,CUST_0716,1663.56,card,card_declined,21,1141,2,10,5,0.5,0
PAY_02325,CUST_0818,3135.17,card,insufficient_funds,2,890,0,12,10,0.833,1
PAY_02326,CUST_1836,994.92,card,checkout_abandoned,22,38,2,0,0,0.75,0
PAY_02327,CUST_1933,3892.17,upi,card_declined,9,1232,0,9,7,0.778,1
PAY_02328,CUST_1359,612.45,card,card_declined,20,843,1,6,6,1.0,0
PAY_02329,CUST_1915,2300.27,card,network_timeout,12,745,1,1,1,1.0,1
PAY_02330,CUST_0275,1673.75,upi,network_timeout,10,746,1,3,2,0.667,1
PAY_02331,CUST_2166,3489.16,card,network_timeout,10,1605,0,12,6,0.5,0
PAY_02332,CUST_0517,599.47,upi,insufficient_funds,3,383,0,5,3,0.6,1
PAY_02333,CUST_1054,528.96,upi,checkout_abandoned,16,1184,2,1,0,0.0,0
PAY_02334,CUST_1168,3279.93,card,card_declined,9,310,0,11,9,0.818,1
PAY_02335,CUST_0976,1316.6,card,insufficient_funds,7,2020,0,3,2,0.667,0
PAY_02336,CUST_0080,1673.88,upi,checkout_abandoned,12,798,0,5,3,0.6,1
PAY_02337,CUST_1905,1061.82,card,checkout_abandoned,7,1968,0,2,2,1.0,1
PAY_02338,CUST_0315,3736.07,upi,insufficient_funds,1,133,0,11,9,0.818,1
PAY_02339,CUST_2199,2286.81,upi,network_timeout,18,1571,0,13,13,1.0,1
PAY_02340,CUST_0340,2182.17,upi,card_declined,20,1957,2,14,5,0.357,1
PAY_02341,CUST_1582,706.16,card,card_declined,20,332,1,1,1,1.0,1
PAY_02342,CUST_2171,2688.52,wallet,card_declined,21,2060,0,13,7,0.538,0
PAY_02343,CUST_1664,813.85,card,checkout_abandoned,1,2039,0,9,3,0.333,1
PAY_02344,CUST_0954,1062.84,netbanking,insufficient_funds,15,1864,2,12,11,0.917,0
PAY_02345,CUST_1576,603.81,netbanking,checkout_abandoned,4,1560,2,1,1,1.0,0
PAY_02346,CUST_2154,1588.12,card,card_declined,13,8,2,12,12,1.0,0
PAY_02347,CUST_1551,4218.02,card,checkout_abandoned,23,249,0,4,2,0.5,0
PAY_02348,CUST_0916,2157.92,card,checkout_abandoned,9,745,2,5,4,0.8,0
PAY_02349,CUST_0613,1264.06,wallet,card_declined,12,1686,1,13,11,0.846,0
PAY_02350,CUST_1768,1964.24,card,card_declined,23,943,0,10,9,0.9,0
PAY_02351,CUST_0445,1955.56,netbanking,card_declined,15,100,1,7,5,0.714,1
PAY_02352,CUST_1306,1897.7,upi,checkout_abandoned,10,711,0,10,7,0.7,0
PAY_02353,CUST_0373,2074.36,upi,card_declined,23,1809,1,5,2,0.4,0
PAY_02354,CUST_0573,783.32,upi,network_timeout,4,1728,1,14,6,0.429,1
PAY_02355,CUST_2211,1960.14,card,insufficient_funds,10,1777,1,1,0,0.0,0
PAY_02356,CUST_2256,442.01,card,checkout_abandoned,23,1458,0,8,1,0.125,0
PAY_02357,CUST_2053,2852.76,wallet,network_timeout,16,392,0,0,0,0.75,0
PAY_02358,CUST_2190,744.97,card,network_timeout,20,422,1,6,6,1.0,1
PAY_02359,CUST_1915,4617.55,wallet,checkout_abandoned,6,2136,2,7,6,0.857,0
PAY_02360,CUST_1871,254.51,wallet,card_declined,7,188,1,12,6,0.5,0
PAY_02361,CUST_1967,6871.12,card,checkout_abandoned,10,1691,1,14,8,0.571,1
PAY_02362,CUST_1660,485.01,upi,card_declined,13,1296,1,11,6,0.545,0
PAY_02363,CUST_1935,689.24,card,network_timeout,14,93,1,14,12,0.857,1
PAY_02364,CUST_1108,2286.52,upi,checkout_abandoned,14,1822,0,1,1,1.0,0
PAY_02365,CUST_1797,2952.81,wallet,checkout_abandoned,5,1954,2,7,5,0.714,0
PAY_02366,CUST_0333,1434.88,netbanking,checkout_abandoned,21,1369,0,8,5,0.625,1
PAY_02367,CUST_0992,3676.17,wallet,insufficient_funds,19,2136,1,1,1,1.0,0
PAY_02368,CUST_1052,951.75,card,insufficient_funds,13,530,2,8,8,1.0,1
PAY_02369,CUST_1446,1307.39,upi,insufficient_funds,3,2062,1,0,0,0.75,0
PAY_02370,CUST_1814,1413.58,card,network_timeout,10,1204,2,9,6,0.667,0
PAY_02371,CUST_2472,1170.08,netbanking,network_timeout,8,1434,0,3,1,0.333,1
PAY_02372,CUST_1200,383.06,card,insufficient_funds,14,1147,1,14,5,0.357,0
PAY_02373,CUST_2024,1764.83,card,insufficient_funds,9,1922,0,4,3,0.75,0
PAY_02374,CUST_2457,1641.78,card,insufficient_funds,23,1700,1,9,9,1.0,0
PAY_02375,CUST_0636,4264.53,card,insufficient_funds,14,1751,0,9,7,0.778,1
PAY_02376,CUST_1574,643.41,card,card_declined,1,920,1,13,3,0.231,0
PAY_02377,CUST_0311,1079.24,card,checkout_abandoned,6,2020,0,5,5,1.0,0
PAY_02378,CUST_0404,4714.2,netbanking,network_timeout,15,1557,0,5,4,0.8,1
PAY_02379,CUST_1289,2276.0,netbanking,card_declined,3,751,2,10,6,0.6,0
PAY_02380,CUST_0196,2793.49,card,checkout_abandoned,1,561,2,0,0,0.75,0
PAY_02381,CUST_1346,2587.09,netbanking,checkout_abandoned,12,1727,0,8,8,1.0,1
PAY_02382,CUST_0538,2596.29,card,card_declined,6,52,0,5,4,0.8,1
PAY_02383,CUST_1716,7726.27,netbanking,card_declined,0,1927,0,14,5,0.357,0
PAY_02384,CUST_1352,1936.77,card,card_declined,16,1662,2,7,7,1.0,1
PAY_02385,CUST_1997,801.49,upi,card_declined,17,1234,2,11,10,0.909,0
PAY_02386,CUST_2418,3000.64,card,checkout_abandoned,17,2130,0,12,5,0.417,0
PAY_02387,CUST_2088,1144.02,card,checkout_abandoned,2,578,1,2,1,0.5,0
PAY_02388,CUST_2471,1648.45,upi,card_declined,20,2130,2,9,3,0.333,0
PAY_02389,CUST_1302,2420.4,netbanking,checkout_abandoned,2,290,1,10,9,0.9,1
PAY_02390,CUST_1909,933.05,netbanking,card_declined,12,1622,2,6,5,0.833,0
PAY_02391,CUST_2351,1196.68,card,network_timeout,22,433,2,2,2,1.0,0
PAY_02392,CUST_0606,2633.9,upi,checkout_abandoned,19,1442,2,6,4,0.667,0
PAY_02393,CUST_2103,1160.52,netbanking,insufficient_funds,22,758,2,0,0,0.75,0
PAY_02394,CUST_2482,3921.58,card,card_declined,12,809,1,14,9,0.643,1
PAY_02395,CUST_0840,817.8,card,network_timeout,10,560,1,1,1,1.0,1
PAY_02396,CUST_2347,815.6,card,checkout_abandoned,4,1997,1,2,1,0.5,0
PAY_02397,CUST_1015,8269.97,card,insufficient_funds,23,1214,0,2,2,1.0,0
PAY_02398,CUST_1630,529.2,card,card_declined,10,1038,1,3,2,0.667,0
PAY_02399,CUST_0149,1761.94,card,card_declined,14,583,0,2,1,0.5,0
PAY_02400,CUST_0040,7916.69,upi,network_timeout,4,1570,2,9,4,0.444,1
PAY_02401,CUST_1970,1759.3,upi,network_timeout,7,532,1,1,1,1.0,1
PAY_02402,CUST_0626,5286.75,netbanking,checkout_abandoned,13,1225,1,10,4,0.4,0
PAY_02403,CUST_1974,3033.65,upi,checkout_abandoned,19,787,0,6,5,0.833,1
PAY_02404,CUST_1215,1789.66,card,checkout_abandoned,12,1937,1,5,2,0.4,0
PAY_02405,CUST_0246,1621.37,wallet,checkout_abandoned,4,662,1,7,4,0.571,0
PAY_02406,CUST_0745,330.33,upi,card_declined,6,1489,2,0,0,0.75,0
PAY_02407,CUST_0481,1394.45,upi,network_timeout,14,392,2,7,5,0.714,0
PAY_02408,CUST_1532,2167.47,card,insufficient_funds,11,663,0,7,6,0.857,0
PAY_02409,CUST_0261,2166.51,upi,insufficient_funds,5,1120,0,11,7,0.636,0
PAY_02410,CUST_1427,12941.95,upi,checkout_abandoned,14,1978,1,2,2,1.0,1
PAY_02411,CUST_2048,2253.65,upi,checkout_abandoned,16,878,0,0,0,0.75,1
PAY_02412,CUST_2457,2979.94,netbanking,checkout_abandoned,10,383,0,0,0,0.75,1
PAY_02413,CUST_1712,4571.12,wallet,insufficient_funds,21,1926,0,14,7,0.5,1
PAY_02414,CUST_1094,2773.72,wallet,network_timeout,5,460,2,5,5,1.0,1
PAY_02415,CUST_1290,1680.26,upi,network_timeout,8,479,0,3,2,0.667,1
PAY_02416,CUST_0074,1686.81,wallet,card_declined,22,776,1,2,1,0.5,0
PAY_02417,CUST_2244,1359.7,wallet,card_declined,1,1766,0,3,0,0.0,0
PAY_02418,CUST_0126,2568.07,card,network_timeout,19,794,2,6,1,0.167,0
PAY_02419,CUST_2441,1570.71,upi,card_declined,4,2067,2,14,13,0.929,0
PAY_02420,CUST_0396,2967.55,card,checkout_abandoned,5,1778,0,11,7,0.636,0
PAY_02421,CUST_2298,802.93,card,card_declined,3,1796,0,12,8,0.667,0
PAY_02422,CUST_0628,2024.38,card,card_declined,11,945,1,0,0,0.75,0
PAY_02423,CUST_0106,6230.4,upi,checkout_abandoned,5,1795,1,8,6,0.75,1
PAY_02424,CUST_1676,1503.94,card,card_declined,9,1886,0,7,5,0.714,0
PAY_02425,CUST_2394,7863.16,card,checkout_abandoned,4,861,1,2,2,1.0,0
PAY_02426,CUST_1695,2051.81,card,checkout_abandoned,23,717,2,7,5,0.714,0
PAY_02427,CUST_0820,1720.44,upi,card_declined,15,233,0,8,2,0.25,0
PAY_02428,CUST_2108,1976.01,netbanking,checkout_abandoned,17,836,0,0,0,0.75,0
PAY_02429,CUST_1474,1403.05,wallet,network_timeout,1,1032,1,14,6,0.429,0
PAY_02430,CUST_0013,369.11,card,checkout_abandoned,15,1647,1,11,9,0.818,1
PAY_02431,CUST_0478,3639.79,card,checkout_abandoned,18,1199,0,13,9,0.692,1
PAY_02432,CUST_1696,10401.57,netbanking,checkout_abandoned,3,534,0,1,1,1.0,1
PAY_02433,CUST_0158,2643.57,card,network_timeout,22,644,0,0,0,0.75,1
PAY_02434,CUST_1404,2775.53,wallet,insufficient_funds,4,267,2,13,11,0.846,0
PAY_02435,CUST_0756,1555.37,upi,checkout_abandoned,22,472,0,13,8,0.615,0
PAY_02436,CUST_0642,4544.96,upi,checkout_abandoned,22,300,0,9,8,0.889,1
PAY_02437,CUST_1301,1744.33,card,network_timeout,6,1667,2,3,1,0.333,0
PAY_02438,CUST_1497,2229.02,card,checkout_abandoned,10,503,1,4,4,1.0,1
PAY_02439,CUST_1413,514.59,upi,insufficient_funds,3,111,0,11,5,0.455,1
PAY_02440,CUST_0367,1178.58,card,checkout_abandoned,0,1297,0,13,3,0.231,0
PAY_02441,CUST_1715,2414.93,netbanking,checkout_abandoned,11,1198,1,10,8,0.8,1
PAY_02442,CUST_0052,3719.38,upi,card_declined,11,88,1,6,2,0.333,0
PAY_02443,CUST_1058,3802.8,card,card_declined,4,1490,2,12,11,0.917,0
PAY_02444,CUST_1184,508.87,card,network_timeout,14,1433,0,3,2,0.667,0
PAY_02445,CUST_1369,551.87,upi,network_timeout,21,2079,0,1,1,1.0,1
PAY_02446,CUST_1594,2872.25,card,network_timeout,6,1652,1,5,4,0.8,0
PAY_02447,CUST_2106,990.39,upi,card_declined,18,1727,2,7,1,0.143,0
PAY_02448,CUST_1378,3682.02,upi,insufficient_funds,10,1614,0,9,6,0.667,0
PAY_02449,CUST_1848,488.53,netbanking,network_timeout,10,1402,2,10,6,0.6,0
PAY_02450,CUST_1975,1663.72,card,network_timeout,6,1366,2,10,6,0.6,0
PAY_02451,CUST_1072,1751.37,card,checkout_abandoned,23,1348,1,3,2,0.667,1
PAY_02452,CUST_0589,2643.65,netbanking,checkout_abandoned,10,950,1,9,9,1.0,0
PAY_02453,CUST_1710,788.88,upi,network_timeout,22,205,2,0,0,0.75,1
PAY_02454,CUST_0856,373.21,upi,checkout_abandoned,23,2121,1,13,7,0.538,0
PAY_02455,CUST_0357,2064.33,upi,network_timeout,4,2107,1,6,5,0.833,0
PAY_02456,CUST_1472,2742.67,netbanking,network_timeout,11,196,0,14,7,0.5,1
PAY_02457,CUST_0665,4029.94,card,network_timeout,1,1690,2,13,3,0.231,1
PAY_02458,CUST_0970,1351.14,card,card_declined,19,1635,0,2,1,0.5,0
PAY_02459,CUST_1190,3347.9,netbanking,insufficient_funds,8,536,1,1,1,1.0,0
PAY_02460,CUST_1941,2654.9,card,network_timeout,3,825,2,13,11,0.846,1
PAY_02461,CUST_1603,5184.69,netbanking,checkout_abandoned,5,1661,1,7,6,0.857,0
PAY_02462,CUST_0031,1721.98,card,checkout_abandoned,18,1784,2,1,1,1.0,0
PAY_02463,CUST_0272,451.07,card,card_declined,2,863,2,9,3,0.333,0
PAY_02464,CUST_1926,1705.16,card,network_timeout,12,1359,1,14,13,0.929,1
PAY_02465,CUST_2308,1931.98,netbanking,card_declined,22,986,0,9,8,0.889,1
PAY_02466,CUST_2034,2724.66,netbanking,checkout_abandoned,8,300,2,3,3,1.0,0
PAY_02467,CUST_0446,528.16,card,checkout_abandoned,4,349,1,5,5,1.0,1
PAY_02468,CUST_1752,1402.35,card,network_timeout,13,1813,0,3,3,1.0,0
PAY_02469,CUST_0248,3604.81,card,network_timeout,15,39,0,8,7,0.875,1
PAY_02470,CUST_1375,1656.19,card,insufficient_funds,8,165,2,6,0,0.0,0
PAY_02471,CUST_0755,1409.45,upi,insufficient_funds,17,639,0,5,2,0.4,0
PAY_02472,CUST_0612,8271.76,card,checkout_abandoned,19,1751,1,2,2,1.0,0
PAY_02473,CUST_0860,764.74,card,checkout_abandoned,15,1521,2,0,0,0.75,0
PAY_02474,CUST_0366,4827.41,card,network_timeout,18,1225,2,12,6,0.5,1
PAY_02475,CUST_2342,4074.66,upi,insufficient_funds,8,1346,2,12,11,0.917,1
PAY_02476,CUST_2231,1503.29,upi,card_declined,5,325,2,1,1,1.0,0
PAY_02477,CUST_2252,1753.26,upi,card_declined,21,344,1,3,1,0.333,0
PAY_02478,CUST_2500,1748.26,upi,card_declined,10,1285,0,6,5,0.833,0
PAY_02479,CUST_2159,2082.03,wallet,insufficient_funds,2,769,2,8,4,0.5,0
PAY_02480,CUST_0413,1118.68,upi,checkout_abandoned,3,1198,1,13,6,0.462,0
PAY_02481,CUST_1173,1277.96,netbanking,network_timeout,23,1388,1,10,10,1.0,1
PAY_02482,CUST_0956,1354.74,upi,card_declined,0,684,2,9,5,0.556,0
PAY_02483,CUST_0024,1389.78,card,card_declined,20,1842,1,11,10,0.909,0
PAY_02484,CUST_0573,1403.8,netbanking,insufficient_funds,7,1755,0,9,8,0.889,0
PAY_02485,CUST_1758,299.73,upi,checkout_abandoned,23,233,1,13,2,0.154,0
PAY_02486,CUST_0513,1946.25,upi,insufficient_funds,13,273,1,14,10,0.714,0
PAY_02487,CUST_1496,1180.35,card,checkout_abandoned,18,452,1,6,4,0.667,1
PAY_02488,CUST_1758,404.27,card,checkout_abandoned,18,302,1,0,0,0.75,1
PAY_02489,CUST_0007,1360.36,netbanking,card_declined,10,1187,1,14,8,0.571,0
PAY_02490,CUST_2340,1327.13,card,network_timeout,22,523,1,4,3,0.75,1
PAY_02491,CUST_1177,4992.73,card,checkout_abandoned,17,1402,0,4,1,0.25,0
PAY_02492,CUST_0996,1169.3,card,insufficient_funds,10,1869,0,1,1,1.0,0
PAY_02493,CUST_0035,3071.05,upi,card_declined,8,301,2,11,10,0.909,0
PAY_02494,CUST_2102,5441.4,netbanking,checkout_abandoned,0,359,2,2,2,1.0,0
PAY_02495,CUST_2234,1089.08,upi,checkout_abandoned,5,384,1,14,13,0.929,1
PAY_02496,CUST_2187,1732.89,wallet,network_timeout,15,1742,2,3,3,1.0,0
PAY_02497,CUST_1457,7175.99,upi,network_timeout,16,2110,2,1,1,1.0,1
PAY_02498,CUST_1721,2161.86,card,card_declined,4,1671,1,9,2,0.222,0
PAY_02499,CUST_2077,2427.32,card,checkout_abandoned,11,1480,2,3,2,0.667,0
PAY_02500,CUST_1948,1299.51,card,network_timeout,13,1316,2,4,2,0.5,1
PAY_02501,CUST_1234,3118.73,upi,card_declined,4,437,1,1,0,0.0,0
PAY_02502,CUST_0225,1743.81,card,checkout_abandoned,10,1014,0,9,5,0.556,1
PAY_02503,CUST_1009,415.66,card,checkout_abandoned,19,1966,1,3,2,0.667,0
PAY_02504,CUST_1978,1354.73,netbanking,checkout_abandoned,6,770,0,11,4,0.364,0
PAY_02505,CUST_2422,698.54,upi,insufficient_funds,18,62,2,3,2,0.667,0
PAY_02506,CUST_0375,1969.11,card,card_declined,7,467,0,6,4,0.667,0
PAY_02507,CUST_2136,864.43,upi,checkout_abandoned,2,1091,1,7,1,0.143,0
PAY_02508,CUST_1811,2638.71,upi,checkout_abandoned,8,1501,1,8,8,1.0,0
PAY_02509,CUST_0915,1865.63,netbanking,network_timeout,10,935,1,12,5,0.417,1
PAY_02510,CUST_2390,663.24,upi,network_timeout,4,997,1,1,1,1.0,1
PAY_02511,CUST_0123,1213.8,card,network_timeout,17,1500,1,3,2,0.667,0
PAY_02512,CUST_0712,2957.18,card,insufficient_funds,16,592,0,11,7,0.636,0
PAY_02513,CUST_0202,4509.48,card,card_declined,13,1721,2,12,9,0.75,0
PAY_02514,CUST_1201,874.46,upi,card_declined,9,701,1,6,3,0.5,0
PAY_02515,CUST_1894,748.14,upi,card_declined,1,240,0,0,0,0.75,0
PAY_02516,CUST_1179,8572.63,upi,checkout_abandoned,17,302,2,12,12,1.0,0
PAY_02517,CUST_0982,1785.99,upi,card_declined,8,784,1,9,6,0.667,0
PAY_02518,CUST_0474,1936.65,card,card_declined,13,97,1,7,6,0.857,0
PAY_02519,CUST_0846,996.28,card,network_timeout,7,410,2,5,1,0.2,1
PAY_02520,CUST_0048,2138.2,card,card_declined,5,947,1,10,4,0.4,0
PAY_02521,CUST_1483,7098.36,card,card_declined,14,2033,2,4,2,0.5,0
PAY_02522,CUST_1908,2206.22,upi,network_timeout,7,2108,1,5,1,0.2,0
PAY_02523,CUST_1806,4219.67,wallet,insufficient_funds,10,1651,1,11,3,0.273,0
PAY_02524,CUST_2228,1842.22,card,network_timeout,22,2038,2,5,3,0.6,0
PAY_02525,CUST_1155,792.27,upi,checkout_abandoned,6,1328,1,14,9,0.643,0
PAY_02526,CUST_0671,1042.06,card,card_declined,10,293,2,6,6,1.0,0
PAY_02527,CUST_1262,736.05,upi,checkout_abandoned,7,1427,0,8,5,0.625,0
PAY_02528,CUST_1682,2142.59,card,checkout_abandoned,2,1191,2,9,7,0.778,0
PAY_02529,CUST_1819,4791.76,upi,checkout_abandoned,10,1839,2,10,9,0.9,0
PAY_02530,CUST_1531,2047.45,card,network_timeout,15,752,2,7,6,0.857,1
PAY_02531,CUST_0419,1407.14,card,network_timeout,7,1771,1,5,4,0.8,1
PAY_02532,CUST_0812,957.03,upi,network_timeout,8,1403,2,12,6,0.5,0
PAY_02533,CUST_0314,2392.03,card,checkout_abandoned,16,1595,2,10,8,0.8,1
PAY_02534,CUST_0683,668.5,upi,card_declined,11,59,0,0,0,0.75,1
PAY_02535,CUST_0983,726.52,card,checkout_abandoned,13,2085,2,9,3,0.333,0
PAY_02536,CUST_2176,3698.46,wallet,network_timeout,4,1174,1,13,7,0.538,1
PAY_02537,CUST_0930,1441.38,card,checkout_abandoned,11,1402,1,8,7,0.875,1
PAY_02538,CUST_0994,1418.82,upi,insufficient_funds,0,996,1,13,10,0.769,0
PAY_02539,CUST_1579,1572.29,netbanking,card_declined,13,294,2,5,4,0.8,0
PAY_02540,CUST_2493,3217.11,upi,network_timeout,14,1212,0,3,1,0.333,1
PAY_02541,CUST_0699,2054.82,card,network_timeout,4,1493,1,7,3,0.429,0
PAY_02542,CUST_2080,993.34,upi,insufficient_funds,10,329,1,1,0,0.0,0
PAY_02543,CUST_2314,1022.36,card,insufficient_funds,16,798,0,0,0,0.75,1
PAY_02544,CUST_2086,1539.87,upi,card_declined,9,1336,0,8,3,0.375,0
PAY_02545,CUST_0421,2292.32,card,network_timeout,23,624,1,0,0,0.75,1
PAY_02546,CUST_0545,1749.59,netbanking,insufficient_funds,22,640,1,0,0,0.75,1
PAY_02547,CUST_1955,1629.37,netbanking,checkout_abandoned,3,243,2,6,6,1.0,1
PAY_02548,CUST_1038,1867.9,card,card_declined,6,1098,2,3,3,1.0,0
PAY_02549,CUST_1181,1748.59,card,insufficient_funds,7,261,0,2,1,0.5,1
PAY_02550,CUST_0305,964.14,card,insufficient_funds,14,1877,1,7,7,1.0,0
PAY_02551,CUST_0410,4364.17,upi,network_timeout,14,374,2,4,3,0.75,1
PAY_02552,CUST_0941,1223.77,card,network_timeout,19,203,2,9,5,0.556,0
PAY_02553,CUST_1768,1996.04,upi,network_timeout,8,2001,0,6,4,0.667,1
PAY_02554,CUST_2495,346.29,upi,checkout_abandoned,10,859,2,2,2,1.0,1
PAY_02555,CUST_0193,1515.35,wallet,insufficient_funds,11,426,0,10,9,0.9,0
PAY_02556,CUST_1581,746.85,card,checkout_abandoned,18,1184,2,13,11,0.846,0
PAY_02557,CUST_2311,822.48,card,card_declined,10,221,1,10,9,0.9,1
PAY_02558,CUST_0840,12497.58,card,insufficient_funds,13,891,0,2,1,0.5,0
PAY_02559,CUST_2218,2197.69,upi,network_timeout,2,1422,0,8,4,0.5,1
PAY_02560,CUST_0731,4799.94,card,card_declined,8,1036,2,2,2,1.0,1
PAY_02561,CUST_1381,3568.09,card,network_timeout,10,1999,2,0,0,0.75,0
PAY_02562,CUST_0535,3952.63,card,checkout_abandoned,21,1556,0,2,1,0.5,1
PAY_02563,CUST_2082,1535.0,upi,checkout_abandoned,2,1401,2,12,11,0.917,0
PAY_02564,CUST_0277,6507.19,wallet,network_timeout,9,1447,2,13,5,0.385,0
PAY_02565,CUST_1436,3543.58,card,network_timeout,15,1482,1,8,7,0.875,1
PAY_02566,CUST_0424,1860.52,card,insufficient_funds,11,1031,0,13,9,0.692,1
PAY_02567,CUST_0510,2222.02,card,card_declined,7,228,1,6,6,1.0,0
PAY_02568,CUST_0916,1613.49,card,card_declined,15,555,0,0,0,0.75,0
PAY_02569,CUST_0232,1876.82,wallet,checkout_abandoned,0,676,1,13,9,0.692,0
PAY_02570,CUST_1072,1738.3,upi,checkout_abandoned,14,558,0,10,7,0.7,1
PAY_02571,CUST_0792,2442.48,upi,card_declined,21,607,2,9,4,0.444,0
PAY_02572,CUST_0956,7241.05,wallet,network_timeout,12,1650,2,1,0,0.0,0
PAY_02573,CUST_0419,686.34,upi,checkout_abandoned,19,2040,0,14,10,0.714,0
PAY_02574,CUST_0381,4489.18,card,checkout_abandoned,16,973,2,1,0,0.0,0
PAY_02575,CUST_1828,1340.71,upi,network_timeout,14,1049,2,0,0,0.75,0
PAY_02576,CUST_0701,4970.48,card,network_timeout,16,711,1,1,1,1.0,0
PAY_02577,CUST_1427,1378.55,card,checkout_abandoned,23,1362,2,14,10,0.714,0
PAY_02578,CUST_1111,2504.25,wallet,checkout_abandoned,12,1479,2,12,7,0.583,0
PAY_02579,CUST_0773,1585.2,card,card_declined,6,122,2,1,1,1.0,0
PAY_02580,CUST_0211,450.82,upi,checkout_abandoned,12,1086,0,6,4,0.667,1
PAY_02581,CUST_1295,7235.27,card,card_declined,11,921,2,7,7,1.0,0
PAY_02582,CUST_0126,846.69,card,checkout_abandoned,3,953,2,8,6,0.75,0
PAY_02583,CUST_0669,1924.94,upi,card_declined,22,1097,2,3,3,1.0,1
PAY_02584,CUST_1985,775.57,netbanking,card_declined,17,300,1,0,0,0.75,1
PAY_02585,CUST_0352,617.66,upi,card_declined,8,1727,1,0,0,0.75,0
PAY_02586,CUST_0500,1527.81,card,insufficient_funds,23,1945,2,13,8,0.615,1
PAY_02587,CUST_2094,1119.61,card,insufficient_funds,7,235,1,9,4,0.444,1
PAY_02588,CUST_0759,706.62,upi,card_declined,6,1794,2,14,2,0.143,0
PAY_02589,CUST_1217,1749.69,upi,network_timeout,4,1212,2,12,11,0.917,0
PAY_02590,CUST_0251,550.05,netbanking,insufficient_funds,4,1808,1,3,2,0.667,0
PAY_02591,CUST_1161,1990.06,upi,checkout_abandoned,14,397,1,1,1,1.0,1
PAY_02592,CUST_0462,1625.68,netbanking,checkout_abandoned,22,405,1,9,3,0.333,0
PAY_02593,CUST_1005,247.45,netbanking,checkout_abandoned,13,12,1,3,2,0.667,0
PAY_02594,CUST_2092,1184.47,card,card_declined,9,1089,2,10,8,0.8,0
PAY_02595,CUST_1346,2618.27,upi,insufficient_funds,19,894,1,14,5,0.357,0
PAY_02596,CUST_2311,768.7,upi,checkout_abandoned,16,2047,2,14,11,0.786,0
PAY_02597,CUST_2413,2710.74,wallet,card_declined,3,1204,2,3,3,1.0,1
PAY_02598,CUST_1031,2544.49,card,insufficient_funds,11,2004,2,7,2,0.286,0
PAY_02599,CUST_0676,797.41,upi,checkout_abandoned,15,567,2,10,5,0.5,0
PAY_02600,CUST_0532,1782.4,card,checkout_abandoned,13,84,2,3,1,0.333,1
PAY_02601,CUST_1544,3482.6,upi,insufficient_funds,0,1794,0,8,0,0.0,1
PAY_02602,CUST_1738,892.84,wallet,checkout_abandoned,8,15,2,5,1,0.2,0
PAY_02603,CUST_1942,1526.75,wallet,network_timeout,23,1834,2,8,6,0.75,0
PAY_02604,CUST_0510,4517.59,card,checkout_abandoned,18,1104,0,9,9,1.0,1
PAY_02605,CUST_1659,906.36,card,card_declined,17,1254,0,13,13,1.0,1
PAY_02606,CUST_1703,2598.97,netbanking,card_declined,12,458,1,7,3,0.429,0
PAY_02607,CUST_1233,759.14,upi,network_timeout,13,581,2,4,4,1.0,0
PAY_02608,CUST_1715,1582.52,wallet,card_declined,11,455,1,1,1,1.0,1
PAY_02609,CUST_1228,2573.25,card,checkout_abandoned,5,1598,1,10,8,0.8,1
PAY_02610,CUST_2000,262.94,netbanking,insufficient_funds,13,1004,0,12,9,0.75,1
PAY_02611,CUST_0763,1173.9,upi,checkout_abandoned,20,219,2,6,3,0.5,1
PAY_02612,CUST_0636,2537.68,card,checkout_abandoned,22,102,2,12,6,0.5,1
PAY_02613,CUST_1538,2156.45,card,network_timeout,8,1552,0,7,5,0.714,0
PAY_02614,CUST_0802,1185.17,upi,checkout_abandoned,19,1446,0,7,6,0.857,0
PAY_02615,CUST_1265,743.88,card,insufficient_funds,7,682,2,0,0,0.75,0
PAY_02616,CUST_0630,2975.94,netbanking,network_timeout,1,758,2,7,2,0.286,1
PAY_02617,CUST_0610,1390.78,upi,card_declined,7,1730,1,8,2,0.25,0
PAY_02618,CUST_1599,2784.49,upi,checkout_abandoned,8,158,1,7,5,0.714,0
PAY_02619,CUST_0702,2439.92,card,checkout_abandoned,23,2081,0,8,8,1.0,1
PAY_02620,CUST_2441,1258.41,wallet,checkout_abandoned,3,1834,2,7,4,0.571,0
PAY_02621,CUST_2038,4245.4,upi,checkout_abandoned,10,288,1,10,4,0.4,1
PAY_02622,CUST_1050,1118.92,netbanking,checkout_abandoned,21,1133,1,1,1,1.0,0
PAY_02623,CUST_0607,4665.29,netbanking,card_declined,5,1221,1,7,5,0.714,0
PAY_02624,CUST_0842,5180.08,upi,checkout_abandoned,5,1976,1,6,6,1.0,0
PAY_02625,CUST_1118,4169.84,wallet,network_timeout,14,1290,1,5,5,1.0,1
PAY_02626,CUST_1451,1557.9,upi,insufficient_funds,18,10,0,6,3,0.5,1
PAY_02627,CUST_0896,13810.79,upi,network_timeout,6,615,1,10,7,0.7,1
PAY_02628,CUST_0884,2032.49,card,insufficient_funds,14,1263,2,14,14,1.0,0
PAY_02629,CUST_1240,2182.85,card,insufficient_funds,15,809,0,3,1,0.333,0
PAY_02630,CUST_0280,1768.51,upi,card_declined,18,1015,1,0,0,0.75,0
PAY_02631,CUST_0094,729.04,card,card_declined,13,2033,2,5,3,0.6,0
PAY_02632,CUST_1238,5072.56,upi,network_timeout,16,2024,1,4,3,0.75,0
PAY_02633,CUST_1792,1138.67,wallet,checkout_abandoned,8,580,0,1,1,1.0,0
PAY_02634,CUST_1466,3756.45,card,network_timeout,6,382,2,7,3,0.429,0
PAY_02635,CUST_0191,4551.37,card,network_timeout,9,2062,0,7,4,0.571,1
PAY_02636,CUST_1082,2916.67,upi,insufficient_funds,11,1179,1,12,6,0.5,1
PAY_02637,CUST_1361,1034.8,card,network_timeout,13,1278,0,10,6,0.6,1
PAY_02638,CUST_1912,1370.16,netbanking,card_declined,4,372,0,6,3,0.5,0
PAY_02639,CUST_1683,211.43,upi,checkout_abandoned,19,1390,1,9,3,0.333,0
PAY_02640,CUST_1695,1639.86,upi,card_declined,5,1855,0,4,2,0.5,1
PAY_02641,CUST_0014,3421.07,upi,checkout_abandoned,6,293,2,2,0,0.0,1
PAY_02642,CUST_1149,1488.52,upi,checkout_abandoned,2,724,1,8,7,0.875,1
PAY_02643,CUST_2313,1122.68,card,network_timeout,6,886,1,7,2,0.286,1
PAY_02644,CUST_2374,1418.48,card,checkout_abandoned,21,972,0,4,1,0.25,0
PAY_02645,CUST_1929,4759.2,card,insufficient_funds,20,485,1,13,9,0.692,0
PAY_02646,CUST_1468,1723.39,netbanking,checkout_abandoned,6,1485,1,8,6,0.75,0
PAY_02647,CUST_2053,7957.54,card,checkout_abandoned,5,478,2,8,8,1.0,0
PAY_02648,CUST_0901,1140.2,card,checkout_abandoned,3,585,0,10,9,0.9,1
PAY_02649,CUST_1128,2141.64,card,checkout_abandoned,7,1192,2,4,1,0.25,0
PAY_02650,CUST_0938,1272.6,card,checkout_abandoned,5,261,1,7,5,0.714,0
PAY_02651,CUST_0251,9462.87,card,checkout_abandoned,1,1823,0,13,12,0.923,1
PAY_02652,CUST_0055,2078.3,netbanking,insufficient_funds,6,964,1,9,5,0.556,0
PAY_02653,CUST_0828,9877.38,card,checkout_abandoned,5,2083,0,12,6,0.5,0
PAY_02654,CUST_1679,1286.19,upi,checkout_abandoned,3,796,1,0,0,0.75,0
PAY_02655,CUST_1791,6109.53,card,network_timeout,8,33,2,10,9,0.9,0
PAY_02656,CUST_1863,1978.2,upi,checkout_abandoned,16,766,1,9,4,0.444,0
PAY_02657,CUST_1404,3515.25,card,insufficient_funds,23,1350,0,13,9,0.692,0
PAY_02658,CUST_0558,678.42,upi,network_timeout,15,17,1,14,7,0.5,1
PAY_02659,CUST_2118,2378.61,wallet,card_declined,17,1041,0,2,0,0.0,0
PAY_02660,CUST_1921,765.28,card,card_declined,14,1683,1,7,7,1.0,0
PAY_02661,CUST_0502,2211.04,wallet,checkout_abandoned,14,1925,1,13,9,0.692,1
PAY_02662,CUST_1694,534.23,card,insufficient_funds,20,1598,2,12,11,0.917,0
PAY_02663,CUST_0582,1669.49,upi,insufficient_funds,21,534,2,1,1,1.0,1
PAY_02664,CUST_0137,4324.41,upi,card_declined,1,1521,1,8,5,0.625,1
PAY_02665,CUST_0139,2789.41,card,network_timeout,12,1691,0,5,5,1.0,1
PAY_02666,CUST_0665,670.74,card,checkout_abandoned,14,888,2,10,8,0.8,1
PAY_02667,CUST_0554,394.19,card,checkout_abandoned,23,1415,1,7,1,0.143,0
PAY_02668,CUST_2500,2678.73,upi,card_declined,14,1070,1,4,4,1.0,1
PAY_02669,CUST_2381,6377.31,card,network_timeout,6,886,0,6,2,0.333,1
PAY_02670,CUST_0020,832.46,netbanking,network_timeout,17,1434,1,14,13,0.929,1
PAY_02671,CUST_2472,9637.96,card,network_timeout,23,2100,1,5,5,1.0,1
PAY_02672,CUST_2301,1790.67,wallet,insufficient_funds,7,2063,2,3,3,1.0,1
PAY_02673,CUST_2386,375.62,card,insufficient_funds,7,40,2,1,1,1.0,0
PAY_02674,CUST_2044,516.38,upi,network_timeout,10,610,0,2,1,0.5,1
PAY_02675,CUST_0299,3332.58,card,network_timeout,14,1794,1,0,0,0.75,1
PAY_02676,CUST_1819,1996.59,card,network_timeout,8,1614,2,0,0,0.75,0
PAY_02677,CUST_1892,5891.81,card,network_timeout,16,1586,0,7,4,0.571,1
PAY_02678,CUST_1392,690.24,upi,checkout_abandoned,9,1328,1,8,2,0.25,0
PAY_02679,CUST_0255,1978.98,card,checkout_abandoned,11,926,2,11,5,0.455,0
PAY_02680,CUST_0635,1809.76,upi,insufficient_funds,15,1371,0,9,8,0.889,1
PAY_02681,CUST_1293,1605.4,wallet,checkout_abandoned,5,1788,2,2,2,1.0,0
PAY_02682,CUST_0409,1325.38,card,checkout_abandoned,6,203,1,9,9,1.0,1
PAY_02683,CUST_2430,1346.66,card,card_declined,6,25,1,6,2,0.333,0
PAY_02684,CUST_0143,2069.91,card,network_timeout,20,1650,2,2,1,0.5,0
PAY_02685,CUST_1340,2292.98,card,insufficient_funds,14,136,0,9,3,0.333,1
PAY_02686,CUST_1404,2203.05,upi,checkout_abandoned,23,887,0,9,4,0.444,1
PAY_02687,CUST_1165,4723.63,upi,card_declined,6,266,0,6,6,1.0,0
PAY_02688,CUST_2202,688.5,card,checkout_abandoned,10,712,0,2,1,0.5,0
PAY_02689,CUST_0290,422.5,card,insufficient_funds,10,402,0,0,0,0.75,0
PAY_02690,CUST_0382,4060.71,upi,network_timeout,23,934,2,11,8,0.727,0
PAY_02691,CUST_0163,846.17,card,checkout_abandoned,15,29,2,2,2,1.0,1
PAY_02692,CUST_0600,1328.71,upi,insufficient_funds,11,1883,1,4,3,0.75,1
PAY_02693,CUST_0087,1103.08,wallet,checkout_abandoned,13,1523,1,10,5,0.5,0
PAY_02694,CUST_0373,1084.35,card,checkout_abandoned,0,1411,0,6,4,0.667,0
PAY_02695,CUST_1541,560.56,upi,checkout_abandoned,8,1679,0,12,9,0.75,1
PAY_02696,CUST_1558,1141.3,netbanking,card_declined,21,21,0,5,5,1.0,1
PAY_02697,CUST_1853,3026.03,upi,checkout_abandoned,6,1172,1,13,9,0.692,1
PAY_02698,CUST_1907,1794.35,netbanking,card_declined,8,507,1,5,2,0.4,1
PAY_02699,CUST_1913,2694.98,netbanking,insufficient_funds,9,1860,1,1,1,1.0,0
PAY_02700,CUST_2103,1210.36,upi,checkout_abandoned,1,1500,1,10,8,0.8,1
PAY_02701,CUST_1896,3706.41,upi,checkout_abandoned,11,170,0,9,4,0.444,0
PAY_02702,CUST_0592,1198.53,upi,network_timeout,4,1891,1,14,11,0.786,1
PAY_02703,CUST_2480,333.18,upi,insufficient_funds,16,1295,1,1,0,0.0,0
PAY_02704,CUST_1752,2318.88,upi,checkout_abandoned,17,1162,2,7,3,0.429,1
PAY_02705,CUST_0290,3325.75,card,checkout_abandoned,10,280,0,10,3,0.3,1
PAY_02706,CUST_1126,1150.73,netbanking,network_timeout,5,1279,0,6,6,1.0,1
PAY_02707,CUST_2275,4698.07,card,checkout_abandoned,18,815,1,3,3,1.0,0
PAY_02708,CUST_2474,911.41,card,card_declined,17,607,0,4,4,1.0,0
PAY_02709,CUST_2418,3078.27,card,card_declined,7,464,0,0,0,0.75,1
PAY_02710,CUST_1758,7268.92,card,network_timeout,19,303,0,9,1,0.111,0
PAY_02711,CUST_1447,1853.68,upi,checkout_abandoned,12,1800,2,11,9,0.818,1
PAY_02712,CUST_0257,1501.7,card,card_declined,21,945,1,6,5,0.833,0
PAY_02713,CUST_1464,1654.09,upi,card_declined,16,576,2,0,0,0.75,0
PAY_02714,CUST_0761,6622.17,upi,card_declined,21,1163,0,11,4,0.364,0
PAY_02715,CUST_0680,2484.35,card,checkout_abandoned,6,721,2,13,5,0.385,1
PAY_02716,CUST_1694,10005.64,card,card_declined,4,1219,1,9,6,0.667,0
PAY_02717,CUST_0588,2250.58,upi,network_timeout,18,74,1,1,1,1.0,1
PAY_02718,CUST_1746,1066.89,upi,checkout_abandoned,13,411,2,6,3,0.5,0
PAY_02719,CUST_1081,1128.6,card,card_declined,18,1416,1,8,8,1.0,1
PAY_02720,CUST_0981,1890.94,card,network_timeout,21,167,0,14,14,1.0,0
PAY_02721,CUST_0715,351.6,card,network_timeout,8,2108,0,7,3,0.429,0
PAY_02722,CUST_0744,1230.96,card,checkout_abandoned,5,725,2,0,0,0.75,0
PAY_02723,CUST_1976,1253.01,card,insufficient_funds,4,1238,0,10,8,0.8,0
PAY_02724,CUST_0640,2180.64,wallet,insufficient_funds,23,1734,2,10,7,0.7,0
PAY_02725,CUST_1608,8509.99,card,card_declined,13,1047,2,3,1,0.333,0
PAY_02726,CUST_0809,1880.69,card,checkout_abandoned,17,590,1,6,4,0.667,0
PAY_02727,CUST_1707,386.61,netbanking,checkout_abandoned,22,1859,0,0,0,0.75,1
PAY_02728,CUST_0219,866.46,upi,card_declined,22,1477,2,1,1,1.0,0
PAY_02729,CUST_2303,2220.24,card,insufficient_funds,23,1544,0,4,2,0.5,0
PAY_02730,CUST_0912,1939.02,upi,checkout_abandoned,7,561,2,1,1,1.0,1
PAY_02731,CUST_0435,6601.86,wallet,card_declined,16,186,0,4,4,1.0,0
PAY_02732,CUST_0408,3880.05,card,insufficient_funds,4,508,1,9,6,0.667,0
PAY_02733,CUST_1866,3788.15,card,network_timeout,11,1586,0,5,3,0.6,1
PAY_02734,CUST_0551,1512.98,netbanking,insufficient_funds,22,456,1,2,1,0.5,0
PAY_02735,CUST_0690,4336.57,netbanking,insufficient_funds,6,1687,0,9,4,0.444,0
PAY_02736,CUST_0577,879.02,wallet,network_timeout,6,926,0,12,6,0.5,1
PAY_02737,CUST_0758,3905.64,card,card_declined,13,661,0,8,6,0.75,1
PAY_02738,CUST_0431,1435.99,wallet,network_timeout,21,581,1,4,0,0.0,1
PAY_02739,CUST_1460,565.18,card,checkout_abandoned,15,146,2,12,5,0.417,0
PAY_02740,CUST_1257,2893.24,upi,network_timeout,4,783,2,5,2,0.4,1
PAY_02741,CUST_0219,5505.91,netbanking,card_declined,23,2023,1,0,0,0.75,0
PAY_02742,CUST_1658,1300.18,card,checkout_abandoned,8,1245,1,9,6,0.667,0
PAY_02743,CUST_2302,6283.93,card,card_declined,10,1685,2,10,5,0.5,0
PAY_02744,CUST_2176,478.56,upi,checkout_abandoned,15,1796,1,3,3,1.0,1
PAY_02745,CUST_0833,690.98,netbanking,insufficient_funds,16,1516,2,5,4,0.8,0
PAY_02746,CUST_1310,1600.64,card,checkout_abandoned,21,1655,1,0,0,0.75,0
PAY_02747,CUST_1103,1338.0,netbanking,card_declined,5,935,2,7,4,0.571,0
PAY_02748,CUST_0132,1055.57,card,card_declined,11,945,2,6,4,0.667,0
PAY_02749,CUST_1384,2003.17,card,network_timeout,7,907,1,3,2,0.667,1
PAY_02750,CUST_0823,1179.29,card,card_declined,14,653,0,7,3,0.429,0
PAY_02751,CUST_2156,1350.68,wallet,card_declined,6,98,1,10,6,0.6,0
PAY_02752,CUST_1326,2249.09,card,checkout_abandoned,7,1418,0,6,5,0.833,0
PAY_02753,CUST_0909,1055.23,upi,checkout_abandoned,16,1401,0,11,4,0.364,0
PAY_02754,CUST_1793,1653.63,card,card_declined,4,936,0,6,4,0.667,0
PAY_02755,CUST_0449,1073.96,wallet,checkout_abandoned,10,1436,1,6,4,0.667,0
PAY_02756,CUST_0570,686.12,netbanking,checkout_abandoned,17,1635,2,9,6,0.667,0
PAY_02757,CUST_1493,3315.96,card,checkout_abandoned,11,1960,1,2,1,0.5,0
PAY_02758,CUST_1890,7057.02,card,checkout_abandoned,17,1856,1,12,12,1.0,1
PAY_02759,CUST_2022,4218.35,card,checkout_abandoned,10,739,0,9,9,1.0,1
PAY_02760,CUST_1838,2347.05,card,network_timeout,20,619,0,5,1,0.2,0
PAY_02761,CUST_1721,1077.41,netbanking,checkout_abandoned,20,1028,2,3,3,1.0,0
PAY_02762,CUST_1872,1430.83,upi,checkout_abandoned,3,832,1,11,11,1.0,0
PAY_02763,CUST_1996,4192.95,card,card_declined,21,1455,0,0,0,0.75,0
PAY_02764,CUST_1664,290.14,upi,insufficient_funds,1,63,1,0,0,0.75,1
PAY_02765,CUST_1277,1346.06,upi,card_declined,21,579,1,9,4,0.444,0
PAY_02766,CUST_0581,3238.4,card,checkout_abandoned,15,928,0,7,6,0.857,0
PAY_02767,CUST_1882,724.09,card,insufficient_funds,3,210,0,2,1,0.5,1
PAY_02768,CUST_1466,2525.65,card,checkout_abandoned,11,947,2,5,3,0.6,0
PAY_02769,CUST_0479,2433.62,upi,checkout_abandoned,23,336,1,11,9,0.818,0
PAY_02770,CUST_0691,562.32,card,checkout_abandoned,15,1980,2,6,4,0.667,0
PAY_02771,CUST_2448,1929.71,upi,card_declined,12,219,1,7,7,1.0,0
PAY_02772,CUST_2291,1098.37,card,checkout_abandoned,5,877,0,1,1,1.0,1
PAY_02773,CUST_0183,2510.96,upi,checkout_abandoned,8,561,2,10,6,0.6,1
PAY_02774,CUST_0131,3075.96,card,card_declined,19,919,2,2,2,1.0,0
PAY_02775,CUST_2159,2476.73,upi,checkout_abandoned,20,1578,2,3,2,0.667,0
PAY_02776,CUST_1693,1907.63,card,insufficient_funds,10,711,0,4,0,0.0,0
PAY_02777,CUST_1283,2267.97,card,network_timeout,13,1570,2,6,4,0.667,0
PAY_02778,CUST_2178,702.53,card,network_timeout,16,224,0,4,3,0.75,0
PAY_02779,CUST_1193,1756.26,upi,insufficient_funds,23,2123,1,12,10,0.833,0
PAY_02780,CUST_0838,951.8,netbanking,card_declined,4,1303,1,5,4,0.8,0
PAY_02781,CUST_0451,4108.33,card,card_declined,1,1976,2,0,0,0.75,0
PAY_02782,CUST_0634,3109.24,upi,card_declined,1,457,0,6,2,0.333,1
PAY_02783,CUST_0713,3102.19,upi,network_timeout,13,1494,2,1,1,1.0,1
PAY_02784,CUST_0280,7089.25,upi,insufficient_funds,8,1125,1,3,3,1.0,0
PAY_02785,CUST_1060,1382.38,upi,card_declined,2,609,0,8,7,0.875,0
PAY_02786,CUST_1296,1160.19,card,checkout_abandoned,10,1660,0,9,5,0.556,0
PAY_02787,CUST_1819,1356.5,upi,checkout_abandoned,14,1075,2,9,6,0.667,0
PAY_02788,CUST_0473,499.57,netbanking,network_timeout,10,1585,0,5,5,1.0,1
PAY_02789,CUST_2477,532.02,netbanking,checkout_abandoned,16,42,0,12,7,0.583,1
PAY_02790,CUST_1473,2958.46,card,insufficient_funds,5,237,2,0,0,0.75,0
PAY_02791,CUST_0477,589.59,upi,checkout_abandoned,23,1717,2,5,4,0.8,0
PAY_02792,CUST_1432,761.75,card,card_declined,11,909,0,3,3,1.0,0
PAY_02793,CUST_1260,1659.32,upi,checkout_abandoned,11,424,1,0,0,0.75,1
PAY_02794,CUST_0325,1294.34,card,checkout_abandoned,12,1727,1,8,6,0.75,0
PAY_02795,CUST_1274,3655.78,card,checkout_abandoned,22,332,0,0,0,0.75,0
PAY_02796,CUST_1730,1889.2,upi,network_timeout,6,16,0,9,5,0.556,1
PAY_02797,CUST_0077,950.29,netbanking,network_timeout,11,1194,0,12,7,0.583,1
PAY_02798,CUST_2294,3916.09,card,insufficient_funds,7,319,2,11,11,1.0,0
PAY_02799,CUST_2385,3224.64,upi,checkout_abandoned,14,1527,0,10,7,0.7,0
PAY_02800,CUST_2328,582.17,upi,checkout_abandoned,13,902,0,3,3,1.0,1
PAY_02801,CUST_2424,2202.52,wallet,checkout_abandoned,22,1965,1,9,9,1.0,1
PAY_02802,CUST_0373,1015.85,upi,network_timeout,1,1093,0,8,5,0.625,1
PAY_02803,CUST_0450,994.65,card,card_declined,17,431,2,7,4,0.571,0
PAY_02804,CUST_2059,8031.72,card,network_timeout,0,1128,2,7,4,0.571,0
PAY_02805,CUST_0291,1988.15,upi,card_declined,13,1401,1,2,1,0.5,0
PAY_02806,CUST_1870,1512.49,card,card_declined,10,1925,0,12,9,0.75,0
PAY_02807,CUST_0257,1926.58,wallet,insufficient_funds,2,273,0,12,8,0.667,1
PAY_02808,CUST_2404,3622.55,wallet,checkout_abandoned,1,1618,2,10,7,0.7,0
PAY_02809,CUST_1378,1026.86,wallet,card_declined,19,1298,1,8,5,0.625,0
PAY_02810,CUST_0616,1177.16,card,card_declined,17,2054,1,1,1,1.0,0
PAY_02811,CUST_0518,3043.85,upi,card_declined,14,1261,0,9,6,0.667,0
PAY_02812,CUST_1441,535.09,upi,checkout_abandoned,14,2085,2,14,4,0.286,0
PAY_02813,CUST_0438,3976.51,card,checkout_abandoned,2,1217,1,1,1,1.0,0
PAY_02814,CUST_1340,498.4,card,card_declined,0,110,0,5,3,0.6,0
PAY_02815,CUST_1894,1478.71,card,card_declined,19,253,0,13,6,0.462,1
PAY_02816,CUST_2072,500.93,card,network_timeout,7,217,2,14,13,0.929,0
PAY_02817,CUST_2444,773.2,wallet,insufficient_funds,18,1149,0,6,4,0.667,1
PAY_02818,CUST_0190,5083.09,netbanking,network_timeout,2,1741,0,4,4,1.0,0
PAY_02819,CUST_2133,4151.02,card,insufficient_funds,15,1225,0,4,3,0.75,0
PAY_02820,CUST_1307,4521.5,upi,checkout_abandoned,21,2019,0,7,5,0.714,1
PAY_02821,CUST_2053,564.73,card,insufficient_funds,9,1083,2,4,3,0.75,0
PAY_02822,CUST_1126,776.42,card,checkout_abandoned,7,1474,2,8,3,0.375,0
PAY_02823,CUST_1229,2362.42,card,card_declined,17,433,0,1,1,1.0,0
PAY_02824,CUST_2461,3190.06,upi,checkout_abandoned,9,21,0,0,0,0.75,0
PAY_02825,CUST_1153,949.5,upi,checkout_abandoned,7,1549,0,0,0,0.75,0
PAY_02826,CUST_2053,1132.75,netbanking,checkout_abandoned,18,206,1,10,5,0.5,0
PAY_02827,CUST_2068,728.12,netbanking,network_timeout,16,2070,2,13,4,0.308,0
PAY_02828,CUST_2389,6782.75,card,card_declined,5,2087,1,1,1,1.0,1
PAY_02829,CUST_0387,1230.99,upi,checkout_abandoned,10,466,1,13,10,0.769,1
PAY_02830,CUST_1739,1845.63,card,checkout_abandoned,4,194,0,2,2,1.0,1
PAY_02831,CUST_1728,1924.57,card,card_declined,11,1920,0,0,0,0.75,0
PAY_02832,CUST_0598,4359.18,upi,network_timeout,19,1945,0,4,1,0.25,0
PAY_02833,CUST_1305,840.14,card,network_timeout,15,1164,0,4,2,0.5,1
PAY_02834,CUST_1659,4583.19,card,checkout_abandoned,12,808,1,14,8,0.571,1
PAY_02835,CUST_0828,647.14,card,checkout_abandoned,7,976,2,1,1,1.0,0
PAY_02836,CUST_2087,4573.88,card,network_timeout,6,2009,1,14,10,0.714,0
PAY_02837,CUST_1561,456.37,wallet,network_timeout,15,1192,0,12,10,0.833,1
PAY_02838,CUST_0738,1655.56,card,insufficient_funds,3,427,1,7,3,0.429,0
PAY_02839,CUST_1931,6607.04,upi,insufficient_funds,21,1481,0,10,5,0.5,0
PAY_02840,CUST_1459,3144.3,wallet,card_declined,18,2100,2,7,5,0.714,0
PAY_02841,CUST_2410,2521.31,upi,checkout_abandoned,18,124,0,13,10,0.769,1
PAY_02842,CUST_0255,778.06,card,insufficient_funds,4,1125,1,3,2,0.667,0
PAY_02843,CUST_1511,999.95,wallet,insufficient_funds,8,1159,2,14,5,0.357,0
PAY_02844,CUST_0367,5276.71,card,card_declined,11,1658,1,6,5,0.833,0
PAY_02845,CUST_2078,2626.52,card,card_declined,19,1205,2,13,10,0.769,1
PAY_02846,CUST_0996,3669.25,upi,network_timeout,4,455,0,14,9,0.643,1
PAY_02847,CUST_0888,1909.46,card,card_declined,19,1317,2,12,12,1.0,0
PAY_02848,CUST_1298,1436.78,netbanking,card_declined,9,288,1,11,11,1.0,1
PAY_02849,CUST_0459,3323.82,card,checkout_abandoned,21,1147,0,6,4,0.667,1
PAY_02850,CUST_1072,2215.04,upi,insufficient_funds,2,504,0,10,6,0.6,1
PAY_02851,CUST_1427,1571.17,upi,insufficient_funds,17,2156,0,3,3,1.0,0
PAY_02852,CUST_0093,580.76,wallet,insufficient_funds,0,1614,1,4,3,0.75,0
PAY_02853,CUST_1619,3860.95,card,checkout_abandoned,7,1612,0,11,6,0.545,1
PAY_02854,CUST_2017,2559.49,card,insufficient_funds,13,2,0,11,6,0.545,0
PAY_02855,CUST_1927,1108.24,wallet,checkout_abandoned,18,926,1,3,1,0.333,0
PAY_02856,CUST_0741,4623.67,upi,checkout_abandoned,13,1490,2,14,11,0.786,0
PAY_02857,CUST_1780,2187.67,card,checkout_abandoned,8,1054,1,10,9,0.9,0
PAY_02858,CUST_2284,2222.22,card,insufficient_funds,4,222,0,14,13,0.929,1
PAY_02859,CUST_0755,3650.64,netbanking,checkout_abandoned,8,1135,0,7,6,0.857,0
PAY_02860,CUST_0594,3073.3,upi,network_timeout,4,1432,0,8,7,0.875,1
PAY_02861,CUST_2430,2276.7,upi,insufficient_funds,0,1562,0,9,6,0.667,0
PAY_02862,CUST_1662,1547.93,netbanking,network_timeout,18,653,0,2,1,0.5,1
PAY_02863,CUST_0227,8799.7,card,insufficient_funds,23,1255,0,4,4,1.0,1
PAY_02864,CUST_1143,1000.75,card,card_declined,10,1946,1,14,6,0.429,0
PAY_02865,CUST_2286,3269.26,upi,insufficient_funds,8,2062,1,10,9,0.9,0
PAY_02866,CUST_0052,1683.2,netbanking,card_declined,14,679,2,8,3,0.375,0
PAY_02867,CUST_2143,2589.74,card,insufficient_funds,0,1471,2,0,0,0.75,1
PAY_02868,CUST_1524,4828.45,upi,network_timeout,6,1967,2,0,0,0.75,0
PAY_02869,CUST_1506,1402.88,card,checkout_abandoned,10,166,2,8,8,1.0,1
PAY_02870,CUST_0080,2913.21,card,card_declined,14,1227,2,1,1,1.0,0
PAY_02871,CUST_1859,2226.06,wallet,network_timeout,7,1632,2,2,0,0.0,0
PAY_02872,CUST_0135,1077.61,card,network_timeout,10,471,1,8,3,0.375,0
PAY_02873,CUST_0878,4924.71,card,card_declined,5,640,0,14,5,0.357,0
PAY_02874,CUST_1654,3179.54,netbanking,card_declined,6,1838,0,12,8,0.667,0
PAY_02875,CUST_2374,1271.44,card,card_declined,8,366,2,6,4,0.667,0
PAY_02876,CUST_1244,4352.11,card,card_declined,13,649,2,14,10,0.714,0
PAY_02877,CUST_1694,925.57,netbanking,insufficient_funds,21,1799,0,9,9,1.0,1
PAY_02878,CUST_2206,1758.81,card,insufficient_funds,1,1320,2,14,10,0.714,0
PAY_02879,CUST_2193,1276.86,upi,network_timeout,4,1391,1,3,0,0.0,0
PAY_02880,CUST_1133,3283.26,card,card_declined,3,1175,0,8,8,1.0,1
PAY_02881,CUST_2138,1226.35,card,card_declined,4,822,1,13,11,0.846,0
PAY_02882,CUST_2468,3302.15,upi,card_declined,10,1698,0,14,9,0.643,0
PAY_02883,CUST_1011,2896.07,card,network_timeout,22,627,0,12,12,1.0,1
PAY_02884,CUST_0052,1333.21,netbanking,insufficient_funds,7,553,1,2,2,1.0,0
PAY_02885,CUST_0379,7780.03,wallet,network_timeout,17,983,0,9,4,0.444,1
PAY_02886,CUST_2305,991.63,netbanking,card_declined,19,271,1,1,1,1.0,0
PAY_02887,CUST_1787,583.08,card,card_declined,4,1360,2,5,4,0.8,0
PAY_02888,CUST_0549,3570.36,card,checkout_abandoned,4,1971,1,0,0,0.75,0
PAY_02889,CUST_1751,322.47,netbanking,card_declined,16,1548,0,11,1,0.091,0
PAY_02890,CUST_0474,5937.21,upi,card_declined,3,675,0,11,8,0.727,1
PAY_02891,CUST_2200,1952.65,upi,card_declined,19,212,2,1,1,1.0,1
PAY_02892,CUST_1215,574.76,netbanking,checkout_abandoned,1,1343,2,13,12,0.923,1
PAY_02893,CUST_2137,842.83,card,network_timeout,14,1144,2,12,5,0.417,0
PAY_02894,CUST_1631,487.0,card,network_timeout,19,1881,1,12,11,0.917,0
PAY_02895,CUST_0531,2445.12,upi,checkout_abandoned,22,1049,1,6,3,0.5,1
PAY_02896,CUST_1562,622.67,upi,card_declined,20,175,2,14,13,0.929,1
PAY_02897,CUST_1671,2689.78,card,checkout_abandoned,15,1947,2,14,6,0.429,0
PAY_02898,CUST_0884,1410.48,upi,card_declined,21,631,0,8,7,0.875,1
PAY_02899,CUST_1362,1230.59,netbanking,network_timeout,12,1664,2,5,1,0.2,0
PAY_02900,CUST_1538,2705.44,card,insufficient_funds,21,181,1,11,10,0.909,1
PAY_02901,CUST_0167,2964.17,card,insufficient_funds,23,2082,0,0,0,0.75,1
PAY_02902,CUST_1128,4501.58,upi,checkout_abandoned,20,1990,2,5,3,0.6,0
PAY_02903,CUST_1836,1084.12,netbanking,card_declined,16,149,0,0,0,0.75,0
PAY_02904,CUST_0521,1757.58,wallet,checkout_abandoned,23,2031,0,11,8,0.727,1
PAY_02905,CUST_0393,1082.77,card,insufficient_funds,23,1716,1,0,0,0.75,1
PAY_02906,CUST_0093,2050.69,netbanking,network_timeout,9,1955,1,11,4,0.364,1
PAY_02907,CUST_1738,965.76,netbanking,checkout_abandoned,7,500,1,8,5,0.625,0
PAY_02908,CUST_1634,1282.11,upi,card_declined,15,788,0,6,2,0.333,0
PAY_02909,CUST_0067,1287.35,card,checkout_abandoned,11,1088,1,9,9,1.0,1
PAY_02910,CUST_1500,2276.13,card,network_timeout,1,1036,1,0,0,0.75,0
PAY_02911,CUST_0970,1804.26,upi,checkout_abandoned,7,1564,0,12,10,0.833,0
PAY_02912,CUST_1260,2698.86,card,card_declined,20,1974,2,3,3,1.0,0
PAY_02913,CUST_1606,1652.33,card,network_timeout,21,1884,0,12,8,0.667,1
PAY_02914,CUST_1130,1132.0,wallet,checkout_abandoned,3,1911,2,13,10,0.769,0
PAY_02915,CUST_0977,2097.64,card,network_timeout,16,705,1,8,7,0.875,1
PAY_02916,CUST_1261,864.19,wallet,card_declined,16,25,2,8,8,1.0,1
PAY_02917,CUST_2348,2838.04,upi,card_declined,18,382,0,13,3,0.231,0
PAY_02918,CUST_0283,1432.49,netbanking,checkout_abandoned,7,387,0,6,4,0.667,0
PAY_02919,CUST_0884,2119.97,card,card_declined,18,1680,0,5,3,0.6,0
PAY_02920,CUST_1704,2146.43,upi,checkout_abandoned,14,882,2,14,11,0.786,0
PAY_02921,CUST_1193,6481.96,upi,checkout_abandoned,4,812,2,6,6,1.0,0
PAY_02922,CUST_2151,2442.58,wallet,card_declined,19,1621,1,5,3,0.6,0
PAY_02923,CUST_0699,1908.58,card,card_declined,23,156,1,0,0,0.75,0
PAY_02924,CUST_0287,1034.47,card,checkout_abandoned,12,828,0,4,4,1.0,0
PAY_02925,CUST_0523,3420.19,wallet,card_declined,2,866,1,3,1,0.333,0
PAY_02926,CUST_1926,1450.09,card,network_timeout,22,446,2,11,9,0.818,1
PAY_02927,CUST_1539,531.21,upi,checkout_abandoned,3,700,0,7,4,0.571,0
PAY_02928,CUST_1047,1539.9,card,network_timeout,7,1790,0,5,2,0.4,1
PAY_02929,CUST_0552,2097.99,card,insufficient_funds,6,1483,2,14,13,0.929,0
PAY_02930,CUST_1971,935.18,upi,checkout_abandoned,13,737,0,6,5,0.833,1
PAY_02931,CUST_0831,1637.62,upi,network_timeout,5,1885,2,6,5,0.833,0
PAY_02932,CUST_1261,1699.95,upi,card_declined,20,245,2,10,7,0.7,0
PAY_02933,CUST_2023,1721.27,upi,network_timeout,7,1902,2,3,1,0.333,0
PAY_02934,CUST_0554,4833.16,upi,checkout_abandoned,13,1368,0,6,3,0.5,1
PAY_02935,CUST_0974,630.36,wallet,checkout_abandoned,3,455,2,10,5,0.5,0
PAY_02936,CUST_1028,9159.84,card,network_timeout,12,1867,0,4,4,1.0,1
PAY_02937,CUST_0224,1753.33,card,insufficient_funds,5,305,2,6,3,0.5,0
PAY_02938,CUST_0306,2863.25,card,card_declined,9,1246,0,0,0,0.75,0
PAY_02939,CUST_0600,1993.83,netbanking,card_declined,12,1276,1,11,3,0.273,0
PAY_02940,CUST_0044,452.47,card,card_declined,18,2152,2,12,6,0.5,0
PAY_02941,CUST_1068,773.0,upi,checkout_abandoned,19,474,0,10,9,0.9,0
PAY_02942,CUST_0077,1183.37,card,card_declined,8,1888,0,7,5,0.714,0
PAY_02943,CUST_1544,3985.9,upi,checkout_abandoned,8,307,0,13,11,0.846,1
PAY_02944,CUST_2401,594.72,netbanking,card_declined,5,529,1,12,6,0.5,0
PAY_02945,CUST_1321,907.73,upi,insufficient_funds,21,81,1,7,3,0.429,0
PAY_02946,CUST_2475,2053.75,upi,insufficient_funds,3,711,0,9,6,0.667,1
PAY_02947,CUST_1316,2627.6,card,insufficient_funds,2,1570,1,14,13,0.929,0
PAY_02948,CUST_0099,2565.01,upi,checkout_abandoned,10,423,1,3,3,1.0,1
PAY_02949,CUST_1022,819.21,card,checkout_abandoned,9,158,1,11,10,0.909,1
PAY_02950,CUST_0475,501.27,netbanking,checkout_abandoned,6,1205,0,5,4,0.8,0
PAY_02951,CUST_1215,2770.52,card,card_declined,10,12,0,1,0,0.0,0
PAY_02952,CUST_1219,5664.88,card,checkout_abandoned,23,1408,2,6,3,0.5,0
PAY_02953,CUST_1824,1365.53,card,card_declined,6,1621,2,7,4,0.571,0
PAY_02954,CUST_1613,720.39,upi,checkout_abandoned,14,1619,2,11,4,0.364,0
PAY_02955,CUST_0426,1276.19,wallet,network_timeout,17,199,1,2,1,0.5,1
PAY_02956,CUST_0431,2467.08,card,insufficient_funds,23,1144,2,8,5,0.625,0
PAY_02957,CUST_0398,1493.72,card,card_declined,20,696,1,9,8,0.889,0
PAY_02958,CUST_0532,5548.58,card,card_declined,16,265,2,9,9,1.0,0
PAY_02959,CUST_2442,3772.6,wallet,card_declined,19,350,2,12,12,1.0,1
PAY_02960,CUST_1286,2086.02,netbanking,checkout_abandoned,20,541,0,11,7,0.636,1
PAY_02961,CUST_0578,376.94,card,checkout_abandoned,18,1628,1,6,6,1.0,0
PAY_02962,CUST_0124,1034.56,upi,checkout_abandoned,2,1012,0,4,3,0.75,1
PAY_02963,CUST_1261,1161.1,netbanking,card_declined,8,191,1,13,9,0.692,1
PAY_02964,CUST_1334,990.54,netbanking,network_timeout,16,582,1,13,12,0.923,0
PAY_02965,CUST_1560,2096.87,upi,insufficient_funds,21,384,1,1,1,1.0,0
PAY_02966,CUST_2208,2131.74,upi,network_timeout,2,110,1,6,5,0.833,0
PAY_02967,CUST_0984,471.67,upi,insufficient_funds,23,1891,2,11,10,0.909,0
PAY_02968,CUST_2468,3426.25,card,insufficient_funds,3,1921,1,9,8,0.889,0
PAY_02969,CUST_1216,1823.37,card,network_timeout,4,125,2,13,12,0.923,0
PAY_02970,CUST_1353,2396.24,card,card_declined,1,1126,0,3,3,1.0,1
PAY_02971,CUST_2380,3266.27,card,network_timeout,15,1858,1,14,13,0.929,1
PAY_02972,CUST_0926,974.54,card,checkout_abandoned,14,1286,2,3,2,0.667,0
PAY_02973,CUST_0108,4927.89,netbanking,card_declined,20,737,1,1,1,1.0,1
PAY_02974,CUST_1923,1606.97,netbanking,checkout_abandoned,15,222,0,11,11,1.0,1
PAY_02975,CUST_1541,6036.5,card,network_timeout,2,201,1,13,10,0.769,0
PAY_02976,CUST_2255,880.42,card,checkout_abandoned,6,1966,1,5,4,0.8,1
PAY_02977,CUST_2271,5688.14,upi,checkout_abandoned,8,1384,1,2,2,1.0,1
PAY_02978,CUST_1208,873.37,upi,checkout_abandoned,21,1863,2,13,10,0.769,1
PAY_02979,CUST_1761,13829.61,card,checkout_abandoned,17,2106,1,1,1,1.0,0
PAY_02980,CUST_2114,840.57,netbanking,checkout_abandoned,22,844,0,9,7,0.778,0
PAY_02981,CUST_1912,4191.49,card,network_timeout,19,1519,0,1,1,1.0,1
PAY_02982,CUST_1068,1346.99,card,insufficient_funds,19,428,0,9,3,0.333,0
PAY_02983,CUST_1054,3189.31,upi,card_declined,10,1457,1,1,1,1.0,0
PAY_02984,CUST_1126,1742.58,upi,network_timeout,15,1716,0,5,5,1.0,1
PAY_02985,CUST_1801,751.87,card,card_declined,18,1156,0,6,2,0.333,0
PAY_02986,CUST_1445,192.11,upi,card_declined,14,1240,1,13,11,0.846,1
PAY_02987,CUST_0328,13381.23,wallet,card_declined,9,978,0,10,9,0.9,0
PAY_02988,CUST_1081,1908.29,card,network_timeout,9,1796,1,14,11,0.786,0
PAY_02989,CUST_0837,170.84,upi,card_declined,21,1095,0,8,6,0.75,0
PAY_02990,CUST_0629,2293.03,card,network_timeout,10,1041,2,3,3,1.0,0
PAY_02991,CUST_2262,3125.07,upi,checkout_abandoned,9,821,2,6,5,0.833,1
PAY_02992,CUST_2186,1015.85,card,checkout_abandoned,3,1925,2,7,7,1.0,0
PAY_02993,CUST_1549,1021.33,card,insufficient_funds,14,194,0,8,7,0.875,0
PAY_02994,CUST_2386,1771.65,card,network_timeout,22,1547,2,13,11,0.846,1
PAY_02995,CUST_0496,4710.82,netbanking,network_timeout,18,918,0,13,7,0.538,1
PAY_02996,CUST_1362,1949.85,card,network_timeout,14,761,2,1,0,0.0,0
PAY_02997,CUST_1726,5802.95,netbanking,checkout_abandoned,8,945,2,11,7,0.636,0
PAY_02998,CUST_1973,4449.37,card,card_declined,9,1630,0,4,4,1.0,0
PAY_02999,CUST_0977,1498.94,netbanking,checkout_abandoned,10,761,1,8,3,0.375,0
PAY_03000,CUST_0569,512.41,upi,card_declined,4,695,2,14,7,0.5,0
PAY_03001,CUST_1027,1501.48,card,checkout_abandoned,17,2143,0,13,11,0.846,1
PAY_03002,CUST_1735,2742.78,upi,network_timeout,9,928,1,7,6,0.857,1
PAY_03003,CUST_2375,1888.35,netbanking,card_declined,19,1733,0,0,0,0.75,0
PAY_03004,CUST_0771,2990.16,upi,checkout_abandoned,4,863,0,14,12,0.857,1
PAY_03005,CUST_0869,3591.33,card,card_declined,1,2109,2,13,6,0.462,0
PAY_03006,CUST_0431,2752.4,upi,checkout_abandoned,19,904,2,5,0,0.0,0
PAY_03007,CUST_0914,1444.15,upi,network_timeout,1,786,1,2,1,0.5,1
PAY_03008,CUST_1219,2728.34,card,card_declined,17,1567,1,7,4,0.571,0
PAY_03009,CUST_1402,10763.64,netbanking,card_declined,7,1762,1,12,12,1.0,0
PAY_03010,CUST_0077,546.56,card,checkout_abandoned,17,531,0,6,5,0.833,1
PAY_03011,CUST_0407,2658.11,upi,insufficient_funds,18,2026,0,0,0,0.75,1
PAY_03012,CUST_0729,7794.27,upi,checkout_abandoned,16,698,2,6,2,0.333,0
PAY_03013,CUST_1229,703.36,wallet,checkout_abandoned,9,1934,1,7,6,0.857,0
PAY_03014,CUST_0561,4009.5,card,checkout_abandoned,21,1106,0,13,5,0.385,0
PAY_03015,CUST_0280,4461.84,card,insufficient_funds,11,1237,0,12,11,0.917,0
PAY_03016,CUST_1242,552.29,card,checkout_abandoned,4,598,0,10,7,0.7,1
PAY_03017,CUST_2432,3182.53,upi,checkout_abandoned,15,353,1,6,2,0.333,0
PAY_03018,CUST_1241,1448.8,card,card_declined,12,288,0,14,4,0.286,1
PAY_03019,CUST_2270,1715.03,card,insufficient_funds,0,245,2,3,1,0.333,0
PAY_03020,CUST_1703,1387.94,card,card_declined,14,1519,1,4,4,1.0,1
PAY_03021,CUST_1977,5144.55,netbanking,insufficient_funds,2,1325,0,12,9,0.75,0
PAY_03022,CUST_0304,1645.57,card,checkout_abandoned,23,1290,0,14,9,0.643,1
PAY_03023,CUST_1957,1242.51,upi,network_timeout,2,2000,0,12,10,0.833,1
PAY_03024,CUST_1103,1259.46,card,network_timeout,8,2044,0,10,8,0.8,1
PAY_03025,CUST_2027,1370.25,card,insufficient_funds,9,1051,2,14,11,0.786,0
PAY_03026,CUST_0112,758.93,card,card_declined,6,1604,1,1,1,1.0,1
PAY_03027,CUST_0702,1233.78,card,insufficient_funds,10,172,2,10,9,0.9,1
PAY_03028,CUST_2003,1977.68,upi,checkout_abandoned,1,1236,0,6,5,0.833,1
PAY_03029,CUST_0165,2487.53,card,network_timeout,22,933,0,8,4,0.5,0
PAY_03030,CUST_2233,4716.27,card,insufficient_funds,23,576,1,3,3,1.0,0
PAY_03031,CUST_0434,2182.72,card,checkout_abandoned,2,819,0,7,7,1.0,1
PAY_03032,CUST_2477,1231.47,card,card_declined,6,431,1,3,2,0.667,0
PAY_03033,CUST_2099,801.68,card,insufficient_funds,11,1107,0,9,4,0.444,0
PAY_03034,CUST_1299,2278.18,card,card_declined,2,1130,0,13,11,0.846,0
PAY_03035,CUST_0100,1638.68,card,checkout_abandoned,7,258,2,0,0,0.75,1
PAY_03036,CUST_2123,1682.59,upi,checkout_abandoned,21,995,0,14,7,0.5,0
PAY_03037,CUST_0087,2220.67,wallet,network_timeout,14,685,0,9,7,0.778,1
PAY_03038,CUST_1148,2727.26,upi,card_declined,22,875,0,0,0,0.75,0
PAY_03039,CUST_1865,2233.51,card,card_declined,6,1934,1,8,3,0.375,0
PAY_03040,CUST_0508,1570.47,wallet,network_timeout,12,954,1,2,2,1.0,1
PAY_03041,CUST_0124,948.08,wallet,insufficient_funds,23,1413,2,12,10,0.833,0
PAY_03042,CUST_2098,1102.48,upi,checkout_abandoned,6,459,2,4,3,0.75,1
PAY_03043,CUST_2099,3548.04,card,checkout_abandoned,18,2077,0,0,0,0.75,0
PAY_03044,CUST_0117,1282.64,upi,insufficient_funds,11,909,0,12,7,0.583,0
PAY_03045,CUST_0322,613.21,wallet,checkout_abandoned,7,678,0,8,4,0.5,1
PAY_03046,CUST_1486,4551.45,netbanking,checkout_abandoned,2,85,0,9,8,0.889,0
PAY_03047,CUST_0010,846.95,upi,network_timeout,22,1831,0,12,8,0.667,1
PAY_03048,CUST_2341,1851.48,upi,network_timeout,3,1211,0,8,1,0.125,0
PAY_03049,CUST_1043,2666.37,wallet,checkout_abandoned,2,312,1,11,6,0.545,0
PAY_03050,CUST_0679,1804.64,card,card_declined,11,1203,1,8,7,0.875,0
PAY_03051,CUST_0580,247.9,card,checkout_abandoned,2,578,2,0,0,0.75,1
PAY_03052,CUST_0632,2460.04,netbanking,card_declined,20,1440,0,14,9,0.643,0
PAY_03053,CUST_1889,5201.55,card,network_timeout,17,384,0,14,8,0.571,1
PAY_03054,CUST_0263,3377.08,card,checkout_abandoned,3,1542,2,4,4,1.0,0
PAY_03055,CUST_1432,329.1,card,network_timeout,21,386,1,9,9,1.0,1
PAY_03056,CUST_1259,9870.81,card,network_timeout,15,1456,2,1,0,0.0,0
PAY_03057,CUST_0536,623.2,card,network_timeout,16,629,0,4,2,0.5,0
PAY_03058,CUST_1593,759.61,upi,card_declined,7,1736,0,9,5,0.556,1
PAY_03059,CUST_0887,3364.53,card,card_declined,20,1148,1,5,4,0.8,0
PAY_03060,CUST_1277,2585.86,upi,insufficient_funds,1,288,1,14,13,0.929,0
PAY_03061,CUST_0536,1919.48,card,network_timeout,23,1876,0,1,1,1.0,1
PAY_03062,CUST_0846,1141.41,wallet,insufficient_funds,6,1914,2,10,7,0.7,0
PAY_03063,CUST_1849,5219.87,upi,card_declined,3,699,0,9,4,0.444,0
PAY_03064,CUST_1074,1744.25,wallet,checkout_abandoned,1,839,0,13,9,0.692,1
PAY_03065,CUST_1521,514.34,card,insufficient_funds,1,23,2,12,9,0.75,0
PAY_03066,CUST_2085,4824.11,card,insufficient_funds,4,1440,1,13,12,0.923,0
PAY_03067,CUST_1658,2145.16,netbanking,insufficient_funds,12,974,0,11,11,1.0,0
PAY_03068,CUST_2360,4392.03,netbanking,card_declined,7,261,1,3,2,0.667,1
PAY_03069,CUST_0750,2845.75,card,checkout_abandoned,12,1406,1,6,6,1.0,1
PAY_03070,CUST_0815,12195.72,upi,insufficient_funds,4,485,0,10,8,0.8,0
PAY_03071,CUST_0611,1404.68,upi,card_declined,19,506,2,14,14,1.0,0
PAY_03072,CUST_1593,1823.32,card,checkout_abandoned,9,2010,2,12,10,0.833,0
PAY_03073,CUST_1916,3201.6,upi,checkout_abandoned,13,1615,0,9,9,1.0,1
PAY_03074,CUST_2062,1411.64,card,checkout_abandoned,0,297,0,1,0,0.0,0
PAY_03075,CUST_0820,3420.88,card,checkout_abandoned,8,1233,2,6,3,0.5,0
PAY_03076,CUST_1586,170.31,netbanking,checkout_abandoned,0,1005,0,9,3,0.333,1
PAY_03077,CUST_0620,1698.19,upi,insufficient_funds,8,312,0,11,8,0.727,1
PAY_03078,CUST_2222,1657.64,netbanking,network_timeout,18,205,1,4,4,1.0,1
PAY_03079,CUST_0199,1610.29,upi,network_timeout,11,1874,0,7,4,0.571,0
PAY_03080,CUST_1660,892.48,wallet,insufficient_funds,18,202,2,12,8,0.667,0
PAY_03081,CUST_0738,3716.14,card,card_declined,1,1295,2,12,10,0.833,0
PAY_03082,CUST_0618,1202.29,card,card_declined,9,2146,0,3,3,1.0,0
PAY_03083,CUST_0064,2112.78,card,checkout_abandoned,0,835,0,3,2,0.667,0
PAY_03084,CUST_1508,1747.27,upi,checkout_abandoned,23,1379,1,5,5,1.0,1
PAY_03085,CUST_0588,2686.07,upi,checkout_abandoned,23,959,1,9,5,0.556,1
PAY_03086,CUST_1397,5655.09,upi,insufficient_funds,6,1374,0,10,4,0.4,0
PAY_03087,CUST_0753,2104.06,card,card_declined,17,599,1,11,11,1.0,1
PAY_03088,CUST_0847,3528.61,card,network_timeout,17,585,1,8,6,0.75,0
PAY_03089,CUST_0445,2021.18,netbanking,network_timeout,9,1218,2,13,10,0.769,0
PAY_03090,CUST_0204,1200.79,netbanking,checkout_abandoned,10,329,1,1,1,1.0,1
PAY_03091,CUST_2182,1607.28,card,checkout_abandoned,23,1217,2,7,5,0.714,0
PAY_03092,CUST_2081,1434.7,upi,checkout_abandoned,8,1326,1,3,0,0.0,0
PAY_03093,CUST_1687,2835.78,upi,checkout_abandoned,10,2119,2,8,4,0.5,0
PAY_03094,CUST_1981,1960.32,netbanking,checkout_abandoned,6,539,2,13,10,0.769,1
PAY_03095,CUST_2199,953.49,card,network_timeout,9,232,2,13,4,0.308,1
PAY_03096,CUST_0072,1507.14,upi,card_declined,5,586,2,14,6,0.429,0
PAY_03097,CUST_0930,531.02,card,card_declined,0,1731,2,7,3,0.429,0
PAY_03098,CUST_1814,1552.87,card,insufficient_funds,15,908,0,10,9,0.9,1
PAY_03099,CUST_0122,1801.88,netbanking,insufficient_funds,7,358,2,7,5,0.714,0
PAY_03100,CUST_1640,7648.77,card,card_declined,0,486,2,0,0,0.75,0
PAY_03101,CUST_1582,5293.86,card,checkout_abandoned,2,1730,2,4,3,0.75,0
PAY_03102,CUST_0910,787.04,card,card_declined,21,2029,0,11,7,0.636,0
PAY_03103,CUST_2172,2115.31,card,checkout_abandoned,10,326,1,0,0,0.75,0
PAY_03104,CUST_1975,2145.2,upi,checkout_abandoned,6,1248,2,9,3,0.333,0
PAY_03105,CUST_1725,1496.96,card,network_timeout,7,2122,0,6,3,0.5,0
PAY_03106,CUST_2073,1575.28,upi,checkout_abandoned,11,149,2,6,4,0.667,0
PAY_03107,CUST_0315,1356.12,netbanking,insufficient_funds,7,347,0,11,9,0.818,1
PAY_03108,CUST_2153,8052.27,card,network_timeout,9,1042,2,3,1,0.333,0
PAY_03109,CUST_1500,1290.25,netbanking,card_declined,10,150,1,3,2,0.667,0
PAY_03110,CUST_0193,2364.43,card,checkout_abandoned,22,1212,1,2,1,0.5,1
PAY_03111,CUST_1397,238.01,card,insufficient_funds,7,1487,0,1,1,1.0,0
PAY_03112,CUST_0945,3478.64,card,insufficient_funds,4,775,2,1,1,1.0,0
PAY_03113,CUST_1481,4642.21,card,checkout_abandoned,11,1981,1,1,1,1.0,1
PAY_03114,CUST_0076,775.82,card,checkout_abandoned,8,1887,1,9,6,0.667,0
PAY_03115,CUST_0011,1195.16,card,network_timeout,15,1559,0,4,3,0.75,1
PAY_03116,CUST_1827,2583.1,netbanking,network_timeout,15,1125,1,5,5,1.0,1
PAY_03117,CUST_2036,1828.24,upi,card_declined,10,224,2,11,7,0.636,0
PAY_03118,CUST_1055,2614.0,wallet,checkout_abandoned,6,516,2,7,5,0.714,0
PAY_03119,CUST_0889,1430.46,upi,insufficient_funds,16,2094,1,1,0,0.0,0
PAY_03120,CUST_1874,7991.66,upi,insufficient_funds,13,1169,0,7,2,0.286,1
PAY_03121,CUST_0763,1053.37,card,card_declined,7,935,2,9,3,0.333,0
PAY_03122,CUST_1986,15503.2,upi,insufficient_funds,0,1561,0,9,8,0.889,0
PAY_03123,CUST_1429,4861.4,card,insufficient_funds,0,518,2,13,5,0.385,0
PAY_03124,CUST_0166,3502.51,wallet,network_timeout,21,667,1,8,4,0.5,0
PAY_03125,CUST_1726,783.02,wallet,card_declined,15,834,2,12,11,0.917,1
PAY_03126,CUST_2360,3726.74,card,card_declined,20,1884,0,7,2,0.286,0
PAY_03127,CUST_1906,2918.11,upi,network_timeout,9,1009,0,9,7,0.778,1
PAY_03128,CUST_1243,330.25,upi,card_declined,2,123,2,2,1,0.5,0
PAY_03129,CUST_1554,585.15,upi,checkout_abandoned,23,1015,0,14,5,0.357,0
PAY_03130,CUST_2418,2396.21,card,checkout_abandoned,17,643,1,0,0,0.75,1
PAY_03131,CUST_1354,1617.93,upi,insufficient_funds,16,1021,0,14,10,0.714,1
PAY_03132,CUST_0341,1190.77,netbanking,checkout_abandoned,1,2003,1,8,4,0.5,0
PAY_03133,CUST_0418,4267.15,card,card_declined,1,696,2,5,4,0.8,0
PAY_03134,CUST_0877,887.6,upi,card_declined,22,578,2,6,5,0.833,0
PAY_03135,CUST_2136,1250.56,card,checkout_abandoned,20,1026,0,1,1,1.0,0
PAY_03136,CUST_1146,1072.68,wallet,checkout_abandoned,2,164,2,6,3,0.5,0
PAY_03137,CUST_1761,2707.22,card,checkout_abandoned,13,450,1,1,1,1.0,0
PAY_03138,CUST_2351,454.85,card,card_declined,8,98,2,6,4,0.667,0
PAY_03139,CUST_1668,1208.83,card,checkout_abandoned,15,1953,1,2,1,0.5,0
PAY_03140,CUST_0263,453.65,netbanking,insufficient_funds,20,1628,0,1,1,1.0,0
PAY_03141,CUST_2339,1401.42,upi,insufficient_funds,15,348,1,10,8,0.8,1
PAY_03142,CUST_1371,3209.86,card,card_declined,4,726,1,2,1,0.5,0
PAY_03143,CUST_1121,3256.01,card,checkout_abandoned,9,240,0,5,2,0.4,0
PAY_03144,CUST_0333,1005.72,netbanking,card_declined,22,1652,2,9,2,0.222,0
PAY_03145,CUST_1155,2757.83,card,checkout_abandoned,1,284,2,7,7,1.0,0
PAY_03146,CUST_0559,1552.17,card,network_timeout,16,1407,2,7,7,1.0,0
PAY_03147,CUST_0978,5347.64,wallet,checkout_abandoned,11,1240,0,6,6,1.0,1
PAY_03148,CUST_1520,1622.25,card,checkout_abandoned,11,1621,1,9,9,1.0,1
PAY_03149,CUST_0350,166.85,upi,checkout_abandoned,0,1840,1,9,9,1.0,1
PAY_03150,CUST_0701,3682.28,card,card_declined,2,1981,1,1,1,1.0,0
PAY_03151,CUST_1357,1246.71,upi,card_declined,10,715,2,14,10,0.714,1
PAY_03152,CUST_0717,1445.46,netbanking,network_timeout,15,1759,1,12,10,0.833,0
PAY_03153,CUST_1260,2354.96,card,insufficient_funds,3,376,0,6,5,0.833,0
PAY_03154,CUST_1675,575.81,upi,card_declined,14,327,1,5,3,0.6,0
PAY_03155,CUST_0686,1910.78,wallet,card_declined,21,1909,1,10,7,0.7,0
PAY_03156,CUST_2021,2760.42,netbanking,insufficient_funds,10,1959,1,9,9,1.0,0
PAY_03157,CUST_0724,2408.58,card,card_declined,17,1455,0,12,11,0.917,1
PAY_03158,CUST_0086,1114.76,card,card_declined,9,725,0,6,5,0.833,1
PAY_03159,CUST_2178,3980.2,netbanking,checkout_abandoned,1,898,1,6,4,0.667,0
PAY_03160,CUST_0562,810.41,card,insufficient_funds,14,1737,0,7,2,0.286,0
PAY_03161,CUST_1019,1091.3,card,checkout_abandoned,1,497,1,4,2,0.5,0
PAY_03162,CUST_1317,1614.44,card,checkout_abandoned,9,1126,1,11,6,0.545,1
PAY_03163,CUST_1879,2279.97,netbanking,card_declined,7,849,1,11,7,0.636,0
PAY_03164,CUST_2274,1388.4,card,checkout_abandoned,16,379,1,1,0,0.0,0
PAY_03165,CUST_1027,4809.8,card,network_timeout,0,1243,0,1,1,1.0,1
PAY_03166,CUST_0928,2279.64,upi,checkout_abandoned,10,1490,0,1,1,1.0,1
PAY_03167,CUST_0508,1912.31,card,card_declined,2,502,2,4,2,0.5,0
PAY_03168,CUST_0722,2216.43,card,card_declined,23,1445,2,1,0,0.0,0
PAY_03169,CUST_1397,3235.27,upi,card_declined,16,1981,0,8,7,0.875,0
PAY_03170,CUST_0236,2182.36,card,network_timeout,13,1961,0,14,10,0.714,0
PAY_03171,CUST_2161,423.24,wallet,checkout_abandoned,21,1971,1,10,7,0.7,0
PAY_03172,CUST_0524,4303.35,card,checkout_abandoned,3,887,2,13,8,0.615,1
PAY_03173,CUST_1479,1980.85,netbanking,checkout_abandoned,15,1476,0,2,2,1.0,1
PAY_03174,CUST_1243,3113.26,upi,checkout_abandoned,23,1586,2,10,4,0.4,0
PAY_03175,CUST_0443,1300.87,card,checkout_abandoned,11,2102,0,10,8,0.8,0
PAY_03176,CUST_0735,417.45,card,card_declined,23,1119,2,6,2,0.333,0
PAY_03177,CUST_1300,290.74,upi,checkout_abandoned,20,1822,0,11,10,0.909,1
PAY_03178,CUST_1485,845.6,card,insufficient_funds,23,1189,2,1,1,1.0,1
PAY_03179,CUST_0437,2722.69,card,card_declined,3,1774,2,9,7,0.778,0
PAY_03180,CUST_0755,5084.01,wallet,network_timeout,7,741,2,12,7,0.583,0
PAY_03181,CUST_1207,2291.86,upi,checkout_abandoned,18,160,2,5,2,0.4,0
PAY_03182,CUST_0596,775.7,wallet,insufficient_funds,8,781,1,2,2,1.0,0
PAY_03183,CUST_0356,961.26,card,network_timeout,17,724,1,0,0,0.75,1
PAY_03184,CUST_1611,5346.34,card,card_declined,0,1733,1,4,3,0.75,0
PAY_03185,CUST_0483,630.75,upi,card_declined,14,1494,0,12,9,0.75,0
PAY_03186,CUST_1816,9671.71,card,card_declined,21,1370,2,12,11,0.917,1
PAY_03187,CUST_0357,8073.74,card,checkout_abandoned,6,410,2,9,9,1.0,1
PAY_03188,CUST_2299,9930.04,card,checkout_abandoned,17,1482,1,3,2,0.667,0
PAY_03189,CUST_1334,2440.85,card,card_declined,2,1474,0,3,0,0.0,0
PAY_03190,CUST_1414,1369.67,netbanking,insufficient_funds,6,2011,2,12,4,0.333,0
PAY_03191,CUST_1001,2393.76,card,card_declined,4,576,2,8,5,0.625,0
PAY_03192,CUST_2370,3723.46,wallet,card_declined,4,1490,0,11,7,0.636,0
PAY_03193,CUST_0184,1069.47,card,network_timeout,11,165,2,5,5,1.0,0
PAY_03194,CUST_0541,745.89,card,checkout_abandoned,21,1586,1,12,5,0.417,0
PAY_03195,CUST_1832,1434.24,card,network_timeout,2,1756,2,7,2,0.286,1
PAY_03196,CUST_1322,970.39,upi,insufficient_funds,8,1669,0,10,5,0.5,0
PAY_03197,CUST_1352,4857.36,netbanking,network_timeout,1,976,0,12,11,0.917,1
PAY_03198,CUST_1154,1099.27,netbanking,card_declined,13,927,1,5,3,0.6,0
PAY_03199,CUST_1259,1943.13,card,card_declined,15,75,0,11,10,0.909,1
PAY_03200,CUST_1732,3951.99,card,checkout_abandoned,3,994,1,9,6,0.667,0
PAY_03201,CUST_1288,5011.13,netbanking,checkout_abandoned,5,1554,1,7,6,0.857,0
PAY_03202,CUST_0580,2126.83,card,checkout_abandoned,4,2114,0,12,10,0.833,0
PAY_03203,CUST_2078,2447.88,upi,checkout_abandoned,1,232,1,6,4,0.667,1
PAY_03204,CUST_0326,797.87,card,network_timeout,9,1209,1,11,5,0.455,0
PAY_03205,CUST_2310,4080.55,card,checkout_abandoned,7,534,1,1,1,1.0,1
PAY_03206,CUST_1097,4946.13,card,insufficient_funds,6,812,2,12,7,0.583,0
PAY_03207,CUST_1188,403.13,card,card_declined,20,1694,0,14,12,0.857,0
PAY_03208,CUST_1703,7375.35,netbanking,card_declined,5,126,2,14,7,0.5,1
PAY_03209,CUST_2088,1027.63,upi,card_declined,6,120,2,12,12,1.0,0
PAY_03210,CUST_1795,2896.47,wallet,card_declined,9,465,0,10,5,0.5,1
PAY_03211,CUST_0397,1915.23,upi,insufficient_funds,20,548,1,11,5,0.455,1
PAY_03212,CUST_1686,1715.13,card,checkout_abandoned,5,1680,0,13,8,0.615,0
PAY_03213,CUST_1901,1525.88,upi,checkout_abandoned,14,589,0,10,6,0.6,1
PAY_03214,CUST_1620,813.62,card,network_timeout,22,2001,2,4,1,0.25,0
PAY_03215,CUST_0975,2736.96,netbanking,card_declined,20,2108,0,2,1,0.5,0
PAY_03216,CUST_0400,1431.83,card,checkout_abandoned,14,1694,1,14,12,0.857,0
PAY_03217,CUST_0242,631.44,wallet,insufficient_funds,17,1032,0,2,1,0.5,1
PAY_03218,CUST_1980,786.46,upi,card_declined,1,1719,0,13,6,0.462,0
PAY_03219,CUST_2176,640.07,upi,insufficient_funds,16,352,2,14,11,0.786,1
PAY_03220,CUST_1401,1183.07,upi,insufficient_funds,5,1892,1,0,0,0.75,0
PAY_03221,CUST_2227,2653.46,upi,insufficient_funds,6,723,0,12,12,1.0,0
PAY_03222,CUST_0171,1019.07,upi,checkout_abandoned,10,961,2,8,6,0.75,0
PAY_03223,CUST_2302,3928.04,upi,checkout_abandoned,19,1940,1,5,4,0.8,1
PAY_03224,CUST_0638,1636.26,card,checkout_abandoned,10,301,0,7,2,0.286,0
PAY_03225,CUST_0940,1427.98,upi,card_declined,4,218,0,6,6,1.0,1
PAY_03226,CUST_0665,1824.3,card,checkout_abandoned,16,1338,1,12,10,0.833,0
PAY_03227,CUST_0923,5495.4,upi,checkout_abandoned,14,2122,2,6,3,0.5,0
PAY_03228,CUST_0333,600.93,upi,card_declined,18,1964,0,1,1,1.0,0
PAY_03229,CUST_1239,6772.57,card,network_timeout,12,2133,0,5,4,0.8,1
PAY_03230,CUST_0353,3880.31,upi,network_timeout,13,962,2,7,1,0.143,0
PAY_03231,CUST_0420,1769.08,upi,insufficient_funds,1,1329,0,6,3,0.5,0
PAY_03232,CUST_2229,4637.65,upi,card_declined,8,1764,2,7,3,0.429,0
PAY_03233,CUST_0272,1390.7,upi,network_timeout,0,396,0,14,5,0.357,1
PAY_03234,CUST_1125,2262.18,upi,card_declined,4,1891,1,5,1,0.2,0
PAY_03235,CUST_1280,1167.26,upi,card_declined,19,1819,2,12,9,0.75,1
PAY_03236,CUST_1036,3899.96,card,card_declined,0,173,2,14,8,0.571,0
PAY_03237,CUST_1233,1022.23,card,checkout_abandoned,6,1038,1,12,6,0.5,0
PAY_03238,CUST_2026,1727.53,upi,insufficient_funds,1,923,0,8,7,0.875,0
PAY_03239,CUST_0886,3099.06,card,insufficient_funds,10,1726,0,14,8,0.571,0
PAY_03240,CUST_0911,4163.43,card,insufficient_funds,9,980,2,6,6,1.0,0
PAY_03241,CUST_0491,933.2,card,checkout_abandoned,17,2011,1,4,4,1.0,1
PAY_03242,CUST_0796,3288.06,card,network_timeout,0,935,2,12,6,0.5,0
PAY_03243,CUST_2173,820.53,wallet,checkout_abandoned,3,1043,2,13,10,0.769,0
PAY_03244,CUST_0515,322.23,card,insufficient_funds,8,570,2,2,2,1.0,1
PAY_03245,CUST_0472,989.39,card,card_declined,1,1826,1,4,3,0.75,0
PAY_03246,CUST_0219,3509.64,wallet,network_timeout,0,1056,2,4,2,0.5,0
PAY_03247,CUST_2451,1782.49,wallet,insufficient_funds,13,1063,1,12,12,1.0,1
PAY_03248,CUST_0498,1173.26,card,checkout_abandoned,20,1562,0,4,1,0.25,0
PAY_03249,CUST_0517,1881.69,netbanking,checkout_abandoned,1,1654,0,9,7,0.778,1
PAY_03250,CUST_2047,1832.55,card,network_timeout,5,1468,0,14,12,0.857,0
PAY_03251,CUST_2225,2960.34,netbanking,checkout_abandoned,21,351,1,13,9,0.692,0
PAY_03252,CUST_1410,495.8,card,network_timeout,15,2008,0,13,10,0.769,0
PAY_03253,CUST_0739,1658.48,card,insufficient_funds,7,1784,2,7,6,0.857,0
PAY_03254,CUST_1472,1988.16,card,network_timeout,21,1588,2,9,4,0.444,1
PAY_03255,CUST_2029,603.8,upi,card_declined,13,1195,2,10,7,0.7,0
PAY_03256,CUST_0920,597.21,card,checkout_abandoned,21,1630,1,4,4,1.0,1
PAY_03257,CUST_1987,1344.5,upi,card_declined,10,1527,0,7,3,0.429,0
PAY_03258,CUST_1229,1812.32,upi,insufficient_funds,19,626,1,7,7,1.0,0
PAY_03259,CUST_1721,1817.43,card,network_timeout,8,1014,0,12,4,0.333,1
PAY_03260,CUST_1648,1153.39,netbanking,card_declined,15,68,0,8,4,0.5,0
PAY_03261,CUST_1096,1116.19,card,card_declined,5,9,0,6,5,0.833,1
PAY_03262,CUST_1041,1312.12,card,checkout_abandoned,5,1108,1,8,7,0.875,0
PAY_03263,CUST_2026,2285.54,card,card_declined,2,1625,2,2,2,1.0,0
PAY_03264,CUST_0828,4871.9,card,network_timeout,10,1682,1,3,2,0.667,1
PAY_03265,CUST_1642,304.67,card,insufficient_funds,4,1777,2,12,9,0.75,0
PAY_03266,CUST_0629,2962.96,upi,card_declined,9,861,1,1,0,0.0,1
PAY_03267,CUST_1650,1646.85,upi,card_declined,11,1170,2,10,3,0.3,0
PAY_03268,CUST_0529,2741.11,card,checkout_abandoned,14,1759,1,13,4,0.308,0
PAY_03269,CUST_1271,4647.0,card,checkout_abandoned,2,72,0,10,8,0.8,0
PAY_03270,CUST_1427,983.82,netbanking,card_declined,9,1340,0,9,7,0.778,0
PAY_03271,CUST_0367,3831.4,card,checkout_abandoned,21,845,0,10,5,0.5,0
PAY_03272,CUST_0181,660.04,upi,network_timeout,2,717,0,2,2,1.0,1
PAY_03273,CUST_0622,1993.45,netbanking,network_timeout,22,1233,0,2,1,0.5,1
PAY_03274,CUST_0400,1482.56,card,checkout_abandoned,1,740,2,14,4,0.286,1
PAY_03275,CUST_0766,1867.89,upi,checkout_abandoned,23,1277,1,6,4,0.667,0
PAY_03276,CUST_1479,815.92,wallet,checkout_abandoned,9,1475,1,6,4,0.667,1
PAY_03277,CUST_0842,2553.06,upi,network_timeout,16,1103,1,2,2,1.0,1
PAY_03278,CUST_2018,6403.32,wallet,network_timeout,20,1244,1,10,10,1.0,0
PAY_03279,CUST_1179,827.21,card,insufficient_funds,18,855,1,0,0,0.75,0
PAY_03280,CUST_0663,2094.89,upi,card_declined,16,145,2,2,2,1.0,1
PAY_03281,CUST_0035,3569.71,card,checkout_abandoned,1,732,2,3,2,0.667,0
PAY_03282,CUST_0024,1419.63,card,card_declined,7,1193,1,13,9,0.692,0
PAY_03283,CUST_2336,5344.68,wallet,insufficient_funds,20,782,2,14,10,0.714,0
PAY_03284,CUST_1671,1276.39,card,card_declined,22,94,1,1,0,0.0,0
PAY_03285,CUST_2129,1640.09,wallet,card_declined,6,1102,2,2,2,1.0,1
PAY_03286,CUST_0101,813.23,upi,network_timeout,15,1182,1,14,13,0.929,1
PAY_03287,CUST_0553,1991.84,wallet,network_timeout,10,1893,2,9,7,0.778,0
PAY_03288,CUST_0830,1804.36,wallet,insufficient_funds,20,2003,0,10,6,0.6,1
PAY_03289,CUST_0256,2993.69,upi,card_declined,20,1253,0,8,7,0.875,1
PAY_03290,CUST_1125,1082.01,wallet,insufficient_funds,19,199,0,3,1,0.333,1
PAY_03291,CUST_2311,1043.09,netbanking,insufficient_funds,18,1705,2,10,8,0.8,0
PAY_03292,CUST_1890,2605.91,upi,checkout_abandoned,14,1045,2,2,1,0.5,0
PAY_03293,CUST_0685,5504.35,upi,network_timeout,23,1289,1,0,0,0.75,1
PAY_03294,CUST_1933,2977.23,card,network_timeout,22,1673,1,12,5,0.417,1
PAY_03295,CUST_0565,7890.95,card,network_timeout,9,1374,1,5,2,0.4,0
PAY_03296,CUST_1044,2806.77,card,checkout_abandoned,10,926,0,0,0,0.75,1
PAY_03297,CUST_1902,2727.05,card,checkout_abandoned,9,1826,1,6,4,0.667,1
PAY_03298,CUST_2185,3099.44,card,network_timeout,18,777,2,1,1,1.0,1
PAY_03299,CUST_1798,5919.92,upi,network_timeout,21,1401,2,7,4,0.571,1
PAY_03300,CUST_0956,4844.49,upi,card_declined,4,1247,0,10,7,0.7,1
PAY_03301,CUST_0682,755.7,upi,checkout_abandoned,11,1769,1,5,5,1.0,0
PAY_03302,CUST_1187,3415.26,netbanking,insufficient_funds,22,1845,1,1,0,0.0,0
PAY_03303,CUST_2037,2225.7,wallet,insufficient_funds,5,505,1,13,4,0.308,0
PAY_03304,CUST_0992,1541.2,netbanking,checkout_abandoned,17,1872,2,8,7,0.875,1
PAY_03305,CUST_1156,435.81,upi,checkout_abandoned,19,1271,2,0,0,0.75,0
PAY_03306,CUST_1548,525.01,card,card_declined,6,585,0,8,2,0.25,0
PAY_03307,CUST_1498,1344.76,wallet,card_declined,5,1328,1,13,3,0.231,0
PAY_03308,CUST_1009,557.73,card,card_declined,14,2088,0,0,0,0.75,0
PAY_03309,CUST_0621,1367.22,card,network_timeout,19,1332,2,11,10,0.909,0
PAY_03310,CUST_2330,3187.57,card,card_declined,0,352,1,5,2,0.4,0
PAY_03311,CUST_2456,1130.91,upi,checkout_abandoned,23,1070,1,10,6,0.6,0
PAY_03312,CUST_2102,1924.29,upi,checkout_abandoned,12,458,2,0,0,0.75,0
PAY_03313,CUST_0461,764.77,card,network_timeout,2,565,2,13,6,0.462,0
PAY_03314,CUST_0974,2285.99,netbanking,network_timeout,18,1512,2,14,2,0.143,0
PAY_03315,CUST_0975,2702.82,card,insufficient_funds,12,247,0,8,7,0.875,0
PAY_03316,CUST_0061,576.63,card,card_declined,8,1872,2,3,3,1.0,0
PAY_03317,CUST_1289,986.37,card,checkout_abandoned,7,1953,1,2,2,1.0,1
PAY_03318,CUST_1365,653.15,card,card_declined,17,401,0,10,8,0.8,0
PAY_03319,CUST_1805,2705.15,netbanking,card_declined,10,676,1,11,9,0.818,0
PAY_03320,CUST_0606,2052.36,card,insufficient_funds,17,703,0,10,7,0.7,0
PAY_03321,CUST_1151,1729.82,card,card_declined,19,110,0,7,6,0.857,1
PAY_03322,CUST_0801,1624.44,card,insufficient_funds,22,167,1,11,10,0.909,0
PAY_03323,CUST_0365,2330.44,netbanking,checkout_abandoned,21,1606,1,11,5,0.455,0
PAY_03324,CUST_1148,2368.05,wallet,checkout_abandoned,23,994,2,5,5,1.0,0
PAY_03325,CUST_0506,1210.85,upi,network_timeout,15,497,2,11,8,0.727,0
PAY_03326,CUST_2012,1082.54,upi,checkout_abandoned,4,1116,0,2,1,0.5,1
PAY_03327,CUST_1180,1717.02,wallet,insufficient_funds,0,531,2,12,12,1.0,0
PAY_03328,CUST_1870,1546.51,card,checkout_abandoned,7,1275,0,7,7,1.0,1
PAY_03329,CUST_0535,9358.94,card,network_timeout,11,383,0,11,6,0.545,1
PAY_03330,CUST_1394,1324.02,upi,card_declined,5,405,0,10,10,1.0,1
PAY_03331,CUST_0784,2269.41,card,checkout_abandoned,18,1805,0,1,0,0.0,0
PAY_03332,CUST_1821,2613.08,upi,insufficient_funds,9,598,1,11,5,0.455,0
PAY_03333,CUST_2238,5519.05,upi,card_declined,22,623,2,11,11,1.0,1
PAY_03334,CUST_0768,940.67,card,card_declined,0,1631,2,0,0,0.75,0
PAY_03335,CUST_1167,5256.71,upi,insufficient_funds,2,875,1,3,2,0.667,0
PAY_03336,CUST_1233,1599.79,card,insufficient_funds,11,238,2,11,8,0.727,0
PAY_03337,CUST_0543,13314.62,card,network_timeout,6,1662,1,5,2,0.4,1
PAY_03338,CUST_0178,2405.77,netbanking,checkout_abandoned,21,9,0,1,1,1.0,1
PAY_03339,CUST_1890,673.44,upi,insufficient_funds,12,962,0,12,11,0.917,1
PAY_03340,CUST_0132,1537.35,card,network_timeout,17,841,1,7,3,0.429,1
PAY_03341,CUST_0045,5242.52,card,insufficient_funds,16,1431,0,5,1,0.2,0
PAY_03342,CUST_0402,1921.33,card,checkout_abandoned,13,1251,1,8,5,0.625,1
PAY_03343,CUST_1157,1716.16,card,card_declined,15,1256,0,5,3,0.6,0
PAY_03344,CUST_1878,3199.47,card,card_declined,5,1925,1,1,0,0.0,0
PAY_03345,CUST_2286,1365.87,card,network_timeout,9,1286,2,8,3,0.375,1
PAY_03346,CUST_2306,1520.74,netbanking,checkout_abandoned,5,85,0,14,14,1.0,1
PAY_03347,CUST_2337,845.39,netbanking,checkout_abandoned,21,128,0,14,8,0.571,1
PAY_03348,CUST_1544,7176.73,netbanking,network_timeout,1,722,0,9,2,0.222,1
PAY_03349,CUST_1235,676.85,upi,checkout_abandoned,20,30,2,2,2,1.0,1
PAY_03350,CUST_0102,2061.35,upi,insufficient_funds,1,1850,0,3,2,0.667,0
PAY_03351,CUST_1154,2642.42,upi,card_declined,10,1656,0,4,2,0.5,0
PAY_03352,CUST_1558,1780.45,netbanking,card_declined,18,1540,2,0,0,0.75,0
PAY_03353,CUST_1764,660.14,upi,card_declined,11,1481,1,2,2,1.0,0
PAY_03354,CUST_0689,809.59,upi,insufficient_funds,22,1367,1,11,8,0.727,0
PAY_03355,CUST_0786,2734.09,netbanking,network_timeout,20,749,1,6,4,0.667,1
PAY_03356,CUST_2198,964.53,upi,insufficient_funds,20,22,1,12,7,0.583,1
PAY_03357,CUST_2104,343.07,card,network_timeout,17,264,1,0,0,0.75,1
PAY_03358,CUST_1828,2453.14,card,network_timeout,22,1004,1,1,0,0.0,0
PAY_03359,CUST_0948,895.65,card,checkout_abandoned,8,545,2,10,4,0.4,0
PAY_03360,CUST_0904,2982.5,card,checkout_abandoned,1,2112,1,3,2,0.667,0
PAY_03361,CUST_1300,1531.87,card,insufficient_funds,12,1773,0,3,3,1.0,0
PAY_03362,CUST_1102,1473.94,card,insufficient_funds,8,1448,0,9,7,0.778,0
PAY_03363,CUST_1988,1876.82,card,network_timeout,1,882,2,13,9,0.692,0
PAY_03364,CUST_1797,723.97,wallet,network_timeout,5,1761,0,6,3,0.5,0
PAY_03365,CUST_0427,930.0,card,insufficient_funds,1,878,0,11,11,1.0,1
PAY_03366,CUST_2322,1462.06,card,insufficient_funds,2,1109,0,5,3,0.6,1
PAY_03367,CUST_1155,720.59,card,checkout_abandoned,19,1541,1,12,5,0.417,0
PAY_03368,CUST_0746,3186.24,card,network_timeout,5,781,0,6,6,1.0,1
PAY_03369,CUST_1057,1407.6,upi,card_declined,12,1099,1,2,1,0.5,0
PAY_03370,CUST_1927,564.53,upi,insufficient_funds,15,693,2,7,5,0.714,0
PAY_03371,CUST_0888,1150.92,card,checkout_abandoned,7,363,1,4,3,0.75,0
PAY_03372,CUST_1721,1951.79,upi,card_declined,11,1721,2,2,2,1.0,0
PAY_03373,CUST_1530,1259.75,card,checkout_abandoned,11,2115,0,2,1,0.5,0
PAY_03374,CUST_0599,2478.46,upi,card_declined,21,996,2,5,4,0.8,0
PAY_03375,CUST_1419,2849.14,wallet,network_timeout,22,95,0,0,0,0.75,1
PAY_03376,CUST_0625,12294.44,wallet,insufficient_funds,3,696,1,1,1,1.0,1
PAY_03377,CUST_2000,4519.05,card,card_declined,17,1914,2,8,5,0.625,1
PAY_03378,CUST_0534,486.12,upi,checkout_abandoned,16,1416,2,0,0,0.75,0
PAY_03379,CUST_0823,1349.32,netbanking,network_timeout,22,570,2,11,11,1.0,0
PAY_03380,CUST_0434,1454.23,netbanking,checkout_abandoned,14,2156,1,14,3,0.214,0
PAY_03381,CUST_0781,2851.49,card,insufficient_funds,10,277,1,2,1,0.5,0
PAY_03382,CUST_0777,852.93,upi,checkout_abandoned,17,930,1,0,0,0.75,0
PAY_03383,CUST_0968,1176.78,card,checkout_abandoned,16,1079,1,3,0,0.0,0
PAY_03384,CUST_0323,665.15,card,network_timeout,11,355,0,0,0,0.75,1
PAY_03385,CUST_1747,1111.79,upi,card_declined,17,405,2,4,3,0.75,0
PAY_03386,CUST_0630,1145.47,card,checkout_abandoned,0,1387,2,13,13,1.0,0
PAY_03387,CUST_0929,1401.27,card,network_timeout,22,105,2,12,9,0.75,0
PAY_03388,CUST_0903,696.68,netbanking,checkout_abandoned,9,865,2,14,6,0.429,0
PAY_03389,CUST_2471,3948.78,upi,insufficient_funds,7,1518,0,12,9,0.75,0
PAY_03390,CUST_1391,2626.25,wallet,insufficient_funds,5,1274,0,12,5,0.417,0
PAY_03391,CUST_2138,564.8,netbanking,card_declined,3,830,0,8,7,0.875,0
PAY_03392,CUST_1091,1837.79,netbanking,checkout_abandoned,7,2153,1,2,1,0.5,0
PAY_03393,CUST_1984,514.57,netbanking,checkout_abandoned,0,1056,0,11,2,0.182,0
PAY_03394,CUST_0795,5267.69,card,card_declined,5,989,2,9,2,0.222,0
PAY_03395,CUST_1339,6547.43,card,checkout_abandoned,16,1392,0,14,6,0.429,0
PAY_03396,CUST_0291,1721.5,wallet,checkout_abandoned,15,654,2,10,10,1.0,1
PAY_03397,CUST_0679,909.98,card,card_declined,11,831,1,8,7,0.875,1
PAY_03398,CUST_1403,1057.99,card,card_declined,22,2118,1,11,6,0.545,0
PAY_03399,CUST_0957,1252.06,upi,checkout_abandoned,18,480,1,9,9,1.0,1
PAY_03400,CUST_2101,1652.56,card,network_timeout,3,1441,1,1,1,1.0,1
PAY_03401,CUST_1271,5387.94,card,card_declined,13,1693,1,9,8,0.889,1
PAY_03402,CUST_1537,3866.18,upi,checkout_abandoned,9,660,0,5,3,0.6,1
PAY_03403,CUST_0388,3914.12,card,network_timeout,11,680,0,2,0,0.0,0
PAY_03404,CUST_1418,2063.18,upi,checkout_abandoned,6,685,1,4,1,0.25,0
PAY_03405,CUST_0210,715.26,card,checkout_abandoned,23,942,0,12,11,0.917,0
PAY_03406,CUST_0958,972.14,upi,checkout_abandoned,2,1306,0,9,4,0.444,0
PAY_03407,CUST_0249,1889.6,card,network_timeout,2,1627,1,0,0,0.75,1
PAY_03408,CUST_1328,688.6,upi,insufficient_funds,9,785,0,5,5,1.0,0
PAY_03409,CUST_1615,2295.55,card,network_timeout,20,1070,1,10,7,0.7,1
PAY_03410,CUST_1678,3427.69,card,card_declined,19,1669,1,7,4,0.571,0
PAY_03411,CUST_2258,2784.49,netbanking,checkout_abandoned,8,22,0,11,9,0.818,1
PAY_03412,CUST_0727,2696.46,card,card_declined,6,417,1,9,7,0.778,0
PAY_03413,CUST_1872,404.45,upi,network_timeout,7,243,1,0,0,0.75,1
PAY_03414,CUST_2384,5230.31,card,card_declined,6,412,2,12,5,0.417,0
PAY_03415,CUST_1364,513.7,card,insufficient_funds,14,1854,1,8,5,0.625,0
PAY_03416,CUST_0055,1592.95,card,card_declined,22,503,1,13,6,0.462,1
PAY_03417,CUST_1963,2952.41,netbanking,network_timeout,14,2077,0,3,1,0.333,0
PAY_03418,CUST_0839,2398.07,card,checkout_abandoned,15,1887,0,10,6,0.6,1
PAY_03419,CUST_0211,647.6,card,card_declined,8,811,1,0,0,0.75,0
PAY_03420,CUST_2456,747.61,upi,checkout_abandoned,6,198,1,2,2,1.0,1
PAY_03421,CUST_1028,2264.7,card,checkout_abandoned,2,507,2,13,7,0.538,0
PAY_03422,CUST_2027,2708.68,netbanking,insufficient_funds,0,1298,2,13,10,0.769,0
PAY_03423,CUST_0775,742.32,wallet,checkout_abandoned,10,999,2,14,14,1.0,0
PAY_03424,CUST_0140,2464.18,upi,insufficient_funds,23,1865,1,3,3,1.0,0
PAY_03425,CUST_1329,535.57,upi,card_declined,18,768,0,13,11,0.846,1
PAY_03426,CUST_0902,2966.25,card,network_timeout,23,382,1,0,0,0.75,0
PAY_03427,CUST_1675,887.55,wallet,card_declined,7,1453,2,6,4,0.667,0
PAY_03428,CUST_1719,1919.75,upi,checkout_abandoned,16,1985,0,6,3,0.5,1
PAY_03429,CUST_2180,1678.45,card,checkout_abandoned,14,1204,2,11,6,0.545,1
PAY_03430,CUST_1378,4555.4,wallet,checkout_abandoned,2,1536,0,10,0,0.0,1
PAY_03431,CUST_1765,2184.73,wallet,network_timeout,0,1260,1,5,2,0.4,0
PAY_03432,CUST_2336,1114.61,card,network_timeout,17,497,2,2,2,1.0,1
PAY_03433,CUST_2412,2399.98,card,checkout_abandoned,6,1189,0,5,3,0.6,0
PAY_03434,CUST_1973,9991.33,upi,card_declined,10,2117,0,4,2,0.5,0
PAY_03435,CUST_1565,3254.0,netbanking,card_declined,19,2151,2,10,10,1.0,0
PAY_03436,CUST_1649,1716.78,upi,network_timeout,1,1798,1,1,1,1.0,0
PAY_03437,CUST_2151,923.94,card,insufficient_funds,4,1107,1,6,5,0.833,0
PAY_03438,CUST_1513,1099.21,card,insufficient_funds,3,123,0,9,3,0.333,0
PAY_03439,CUST_1533,3101.17,card,card_declined,14,941,2,9,4,0.444,1
PAY_03440,CUST_2497,886.16,card,network_timeout,0,1782,1,10,6,0.6,1
PAY_03441,CUST_1948,1803.88,netbanking,insufficient_funds,16,2031,1,4,3,0.75,0
PAY_03442,CUST_1256,5685.29,card,card_declined,2,1246,2,7,2,0.286,0
PAY_03443,CUST_1411,2030.13,card,card_declined,13,62,1,1,1,1.0,0
PAY_03444,CUST_0013,759.18,netbanking,insufficient_funds,13,1921,2,6,5,0.833,0
PAY_03445,CUST_1239,10278.61,card,checkout_abandoned,18,1808,1,14,3,0.214,1
PAY_03446,CUST_1857,7372.41,card,insufficient_funds,17,1274,2,12,10,0.833,0
PAY_03447,CUST_0790,2687.81,wallet,checkout_abandoned,10,885,1,9,6,0.667,0
PAY_03448,CUST_1311,4994.77,card,checkout_abandoned,23,1719,0,6,2,0.333,0
PAY_03449,CUST_1203,1453.83,netbanking,insufficient_funds,5,650,2,13,13,1.0,0
PAY_03450,CUST_2107,3213.47,card,checkout_abandoned,23,1798,0,6,3,0.5,0
PAY_03451,CUST_0786,1282.68,card,checkout_abandoned,23,719,2,11,10,0.909,1
PAY_03452,CUST_1126,608.63,upi,network_timeout,19,1720,2,8,4,0.5,0
PAY_03453,CUST_0555,14315.24,card,card_declined,12,1472,1,0,0,0.75,0
PAY_03454,CUST_0407,584.24,upi,card_declined,1,127,1,10,7,0.7,0
PAY_03455,CUST_1449,2283.78,card,checkout_abandoned,10,80,0,13,7,0.538,1
PAY_03456,CUST_1640,2262.54,upi,checkout_abandoned,10,1437,2,11,6,0.545,0
PAY_03457,CUST_1435,2719.89,card,checkout_abandoned,9,974,0,9,9,1.0,1
PAY_03458,CUST_2288,1675.38,netbanking,checkout_abandoned,1,1937,1,0,0,0.75,1
PAY_03459,CUST_1766,1689.42,upi,card_declined,22,1682,2,0,0,0.75,0
PAY_03460,CUST_0227,2010.77,upi,checkout_abandoned,15,2022,0,12,5,0.417,0
PAY_03461,CUST_1455,2642.38,card,network_timeout,1,425,0,7,4,0.571,0
PAY_03462,CUST_0455,1797.39,upi,checkout_abandoned,3,1657,2,6,5,0.833,0
PAY_03463,CUST_0200,1704.2,upi,card_declined,19,952,2,9,9,1.0,1
PAY_03464,CUST_0572,625.56,card,insufficient_funds,15,670,0,13,12,0.923,0
PAY_03465,CUST_1954,9013.58,upi,checkout_abandoned,4,812,0,6,5,0.833,1
PAY_03466,CUST_0352,2763.08,card,checkout_abandoned,6,1854,1,8,4,0.5,0
PAY_03467,CUST_2477,2127.42,card,network_timeout,2,1152,1,8,7,0.875,1
PAY_03468,CUST_1408,1092.22,upi,insufficient_funds,15,56,0,7,6,0.857,1
PAY_03469,CUST_0900,806.46,card,insufficient_funds,1,1033,0,9,8,0.889,0
PAY_03470,CUST_0192,3581.48,card,checkout_abandoned,17,1665,1,2,2,1.0,0
PAY_03471,CUST_0793,1583.91,upi,insufficient_funds,9,1621,0,5,5,1.0,1
PAY_03472,CUST_2462,2958.37,upi,insufficient_funds,6,1049,1,7,5,0.714,0
PAY_03473,CUST_1076,610.22,card,network_timeout,9,1715,2,7,2,0.286,0
PAY_03474,CUST_0423,6204.47,card,insufficient_funds,23,1900,0,7,5,0.714,1
PAY_03475,CUST_2342,3702.06,card,network_timeout,10,121,1,6,4,0.667,0
PAY_03476,CUST_0125,1686.97,upi,insufficient_funds,5,1084,2,13,12,0.923,0
PAY_03477,CUST_1194,2616.63,upi,checkout_abandoned,23,1895,1,12,7,0.583,0
PAY_03478,CUST_0836,3256.3,upi,checkout_abandoned,2,913,0,13,5,0.385,0
PAY_03479,CUST_1014,617.67,netbanking,checkout_abandoned,6,2154,2,8,7,0.875,0
PAY_03480,CUST_1191,6889.84,wallet,network_timeout,14,1824,1,7,4,0.571,0
PAY_03481,CUST_1108,2649.56,card,insufficient_funds,13,414,2,6,6,1.0,0
PAY_03482,CUST_2063,1024.81,card,checkout_abandoned,9,711,0,13,9,0.692,1
PAY_03483,CUST_0209,748.65,card,checkout_abandoned,8,846,2,9,6,0.667,0
PAY_03484,CUST_1542,3964.84,card,network_timeout,19,1054,2,12,10,0.833,1
PAY_03485,CUST_1523,2131.26,card,checkout_abandoned,1,1494,0,12,8,0.667,0
PAY_03486,CUST_2459,2648.17,netbanking,checkout_abandoned,12,1822,1,14,9,0.643,0
PAY_03487,CUST_2292,1838.81,card,checkout_abandoned,16,1208,1,8,6,0.75,1
PAY_03488,CUST_1000,807.02,card,checkout_abandoned,6,28,1,5,4,0.8,1
PAY_03489,CUST_1380,2703.86,upi,card_declined,18,1846,1,13,6,0.462,0
PAY_03490,CUST_0235,1536.89,wallet,network_timeout,12,756,2,3,3,1.0,1
PAY_03491,CUST_2041,1769.03,card,network_timeout,10,758,2,4,1,0.25,0
PAY_03492,CUST_2278,12053.91,netbanking,card_declined,20,1798,2,14,13,0.929,0
PAY_03493,CUST_2172,3607.6,netbanking,checkout_abandoned,2,1759,0,10,8,0.8,0
PAY_03494,CUST_1436,3778.01,card,network_timeout,5,1899,2,8,3,0.375,1
PAY_03495,CUST_2167,15866.42,upi,card_declined,19,1975,1,7,6,0.857,0
PAY_03496,CUST_1278,2448.43,card,checkout_abandoned,2,346,2,6,2,0.333,1
PAY_03497,CUST_0368,1980.9,card,checkout_abandoned,0,385,1,13,12,0.923,1
PAY_03498,CUST_1128,1045.42,card,checkout_abandoned,20,960,0,6,4,0.667,1
PAY_03499,CUST_0106,1253.26,card,insufficient_funds,0,2123,2,7,5,0.714,0
PAY_03500,CUST_0470,349.97,upi,checkout_abandoned,20,743,2,1,1,1.0,0
PAY_03501,CUST_1214,3387.61,netbanking,insufficient_funds,19,739,0,1,1,1.0,0
PAY_03502,CUST_0920,653.28,card,network_timeout,20,2107,0,3,3,1.0,1
PAY_03503,CUST_0060,3706.08,upi,card_declined,1,2094,2,4,3,0.75,1
PAY_03504,CUST_0814,1739.1,card,network_timeout,6,1219,0,4,2,0.5,1
PAY_03505,CUST_1109,1994.18,card,checkout_abandoned,4,1295,1,10,10,1.0,0
PAY_03506,CUST_0893,1740.01,upi,network_timeout,19,863,1,8,6,0.75,1
PAY_03507,CUST_1148,5455.62,card,network_timeout,6,1775,1,0,0,0.75,1
PAY_03508,CUST_0690,4736.7,netbanking,checkout_abandoned,6,1884,1,7,6,0.857,0
PAY_03509,CUST_0976,1758.87,card,checkout_abandoned,14,570,2,1,0,0.0,0
PAY_03510,CUST_1252,876.85,netbanking,insufficient_funds,14,1530,1,8,3,0.375,0
PAY_03511,CUST_0464,3769.33,card,checkout_abandoned,11,1126,2,0,0,0.75,1
PAY_03512,CUST_1878,825.41,card,checkout_abandoned,2,1539,1,1,1,1.0,0
PAY_03513,CUST_0646,518.87,netbanking,checkout_abandoned,10,918,1,12,12,1.0,0
PAY_03514,CUST_2401,2681.74,upi,checkout_abandoned,10,1322,1,0,0,0.75,0
PAY_03515,CUST_0860,4771.11,card,checkout_abandoned,12,1377,0,14,4,0.286,0
PAY_03516,CUST_0294,1301.76,netbanking,checkout_abandoned,21,901,2,6,5,0.833,1
PAY_03517,CUST_1347,2487.81,card,network_timeout,8,462,2,12,10,0.833,0
PAY_03518,CUST_2193,1290.78,card,card_declined,0,213,0,2,2,1.0,1
PAY_03519,CUST_1358,3207.15,card,network_timeout,2,2100,0,7,7,1.0,1
PAY_03520,CUST_0862,4322.4,upi,checkout_abandoned,3,1369,1,13,3,0.231,0
PAY_03521,CUST_2163,1458.63,upi,network_timeout,20,967,0,1,0,0.0,0
PAY_03522,CUST_1297,791.13,netbanking,checkout_abandoned,15,896,0,6,4,0.667,1
PAY_03523,CUST_1153,561.11,upi,card_declined,7,885,2,1,1,1.0,1
PAY_03524,CUST_0290,3774.76,card,insufficient_funds,19,978,0,5,5,1.0,0
PAY_03525,CUST_1666,725.08,card,network_timeout,23,964,1,14,11,0.786,1
PAY_03526,CUST_0344,2423.97,card,insufficient_funds,10,1995,2,8,2,0.25,0
PAY_03527,CUST_1851,3352.52,upi,card_declined,18,979,1,5,4,0.8,1
PAY_03528,CUST_2039,1205.32,card,card_declined,18,1557,0,9,7,0.778,0
PAY_03529,CUST_1456,1575.89,upi,checkout_abandoned,6,1057,0,4,2,0.5,0
PAY_03530,CUST_1285,4002.91,upi,network_timeout,23,1688,0,1,0,0.0,0
PAY_03531,CUST_2266,942.93,netbanking,card_declined,22,26,1,8,5,0.625,0
PAY_03532,CUST_0604,869.37,card,card_declined,16,1642,1,11,10,0.909,0
PAY_03533,CUST_0233,1492.23,card,network_timeout,23,475,0,2,0,0.0,1
PAY_03534,CUST_2309,5003.4,wallet,card_declined,10,934,0,2,1,0.5,0
PAY_03535,CUST_0654,6529.77,upi,checkout_abandoned,16,1361,1,8,7,0.875,0
PAY_03536,CUST_2157,1663.23,upi,checkout_abandoned,15,1207,1,5,1,0.2,0
PAY_03537,CUST_0382,1018.25,upi,card_declined,14,113,1,14,11,0.786,0
PAY_03538,CUST_0947,4216.81,wallet,network_timeout,7,1174,2,5,4,0.8,1
PAY_03539,CUST_2012,473.48,card,card_declined,8,282,1,5,2,0.4,1
PAY_03540,CUST_0506,2194.33,wallet,insufficient_funds,2,520,2,8,6,0.75,0
PAY_03541,CUST_0501,1737.86,card,checkout_abandoned,11,1001,1,14,9,0.643,1
PAY_03542,CUST_0888,5067.51,wallet,network_timeout,3,1367,1,10,5,0.5,0
PAY_03543,CUST_1737,5494.8,card,checkout_abandoned,12,1131,0,9,5,0.556,0
PAY_03544,CUST_1733,846.85,card,card_declined,10,809,2,12,7,0.583,0
PAY_03545,CUST_1770,2058.4,card,insufficient_funds,3,193,2,12,8,0.667,1
PAY_03546,CUST_0817,1140.31,netbanking,network_timeout,6,118,2,7,2,0.286,0
PAY_03547,CUST_1886,1423.51,wallet,network_timeout,21,965,2,4,3,0.75,0
PAY_03548,CUST_1189,2949.68,card,checkout_abandoned,1,2095,0,2,2,1.0,1
PAY_03549,CUST_0939,1376.95,card,card_declined,5,1765,1,8,3,0.375,0
PAY_03550,CUST_2374,2102.08,card,checkout_abandoned,9,899,2,10,8,0.8,0
PAY_03551,CUST_2490,3871.35,card,checkout_abandoned,17,454,2,5,4,0.8,1
PAY_03552,CUST_2357,6049.14,netbanking,network_timeout,20,756,1,7,2,0.286,1
PAY_03553,CUST_1338,2267.62,card,insufficient_funds,18,1058,0,6,4,0.667,0
PAY_03554,CUST_1135,1977.83,wallet,network_timeout,1,1355,2,8,8,1.0,0
PAY_03555,CUST_0253,742.27,wallet,insufficient_funds,8,1195,1,12,12,1.0,0
PAY_03556,CUST_2249,6400.82,card,checkout_abandoned,21,980,0,6,1,0.167,0
PAY_03557,CUST_0692,2676.07,upi,network_timeout,17,1369,1,7,6,0.857,1
PAY_03558,CUST_0965,2007.25,wallet,checkout_abandoned,3,2111,2,6,6,1.0,0
PAY_03559,CUST_0865,1926.73,netbanking,network_timeout,9,897,2,4,2,0.5,0
PAY_03560,CUST_1205,2402.02,upi,network_timeout,11,109,2,10,9,0.9,0
PAY_03561,CUST_0932,3337.49,card,checkout_abandoned,5,1838,0,9,2,0.222,0
PAY_03562,CUST_0532,3684.84,card,network_timeout,21,1764,2,7,6,0.857,0
PAY_03563,CUST_0858,6530.14,netbanking,checkout_abandoned,17,1271,2,4,2,0.5,0
PAY_03564,CUST_0618,2185.7,card,card_declined,1,46,0,13,2,0.154,0
PAY_03565,CUST_1898,7323.93,upi,checkout_abandoned,5,1924,2,12,6,0.5,1
PAY_03566,CUST_1739,4195.3,upi,checkout_abandoned,14,395,0,11,5,0.455,0
PAY_03567,CUST_0003,1715.46,card,checkout_abandoned,17,2085,2,12,8,0.667,0
PAY_03568,CUST_1948,474.21,card,network_timeout,18,376,2,7,6,0.857,0
PAY_03569,CUST_1564,1927.52,card,checkout_abandoned,22,7,2,9,9,1.0,1
PAY_03570,CUST_1427,6262.43,netbanking,insufficient_funds,13,736,1,3,1,0.333,0
PAY_03571,CUST_1222,968.1,card,checkout_abandoned,4,1065,0,11,5,0.455,0
PAY_03572,CUST_1601,1922.75,card,card_declined,0,1891,2,0,0,0.75,0
PAY_03573,CUST_0147,2054.35,wallet,insufficient_funds,1,93,1,7,3,0.429,0
PAY_03574,CUST_0778,3824.73,upi,insufficient_funds,13,527,1,3,1,0.333,0
PAY_03575,CUST_1467,1319.88,upi,insufficient_funds,15,1420,2,8,6,0.75,1
PAY_03576,CUST_2253,897.88,netbanking,insufficient_funds,3,1112,0,4,3,0.75,0
PAY_03577,CUST_0575,2839.96,card,checkout_abandoned,9,1842,1,14,3,0.214,0
PAY_03578,CUST_1731,993.1,wallet,insufficient_funds,9,1034,2,1,0,0.0,0
PAY_03579,CUST_2322,414.53,netbanking,checkout_abandoned,8,1346,1,12,9,0.75,0
PAY_03580,CUST_2175,7846.63,card,card_declined,5,511,2,10,6,0.6,1
PAY_03581,CUST_1864,3778.82,card,checkout_abandoned,7,851,2,14,9,0.643,1
PAY_03582,CUST_1931,8121.35,card,checkout_abandoned,18,1001,1,4,3,0.75,1
PAY_03583,CUST_1592,3621.89,upi,insufficient_funds,16,1302,0,10,8,0.8,0
PAY_03584,CUST_1172,3102.1,upi,checkout_abandoned,19,1823,2,0,0,0.75,0
PAY_03585,CUST_2217,2419.15,upi,checkout_abandoned,21,716,2,10,8,0.8,0
PAY_03586,CUST_1684,1551.1,wallet,checkout_abandoned,4,1508,0,6,3,0.5,1
PAY_03587,CUST_2287,2711.42,upi,insufficient_funds,8,444,2,10,9,0.9,0
PAY_03588,CUST_0349,1156.27,netbanking,network_timeout,15,845,0,11,5,0.455,1
PAY_03589,CUST_0227,765.22,upi,checkout_abandoned,13,178,0,7,3,0.429,1
PAY_03590,CUST_0914,1379.89,upi,insufficient_funds,19,582,0,5,3,0.6,1
PAY_03591,CUST_0346,5058.05,card,checkout_abandoned,22,1713,1,10,8,0.8,0
PAY_03592,CUST_1498,671.57,upi,insufficient_funds,10,1114,0,13,12,0.923,0
PAY_03593,CUST_2187,680.16,upi,checkout_abandoned,15,1959,2,5,2,0.4,0
PAY_03594,CUST_0434,2888.78,card,card_declined,22,486,1,12,8,0.667,0
PAY_03595,CUST_2156,1291.4,netbanking,card_declined,12,930,1,6,5,0.833,1
PAY_03596,CUST_2054,2654.3,upi,checkout_abandoned,5,337,0,13,13,1.0,1
PAY_03597,CUST_0152,3973.6,card,checkout_abandoned,19,623,2,9,6,0.667,0
PAY_03598,CUST_0946,2603.91,netbanking,checkout_abandoned,3,94,2,10,3,0.3,0
PAY_03599,CUST_1241,1085.45,card,checkout_abandoned,16,459,1,10,9,0.9,1
PAY_03600,CUST_2295,5023.53,upi,insufficient_funds,3,23,0,12,12,1.0,0
PAY_03601,CUST_1277,3259.21,upi,insufficient_funds,6,1451,2,12,8,0.667,0
PAY_03602,CUST_2067,1839.05,card,card_declined,21,2101,2,5,2,0.4,1
PAY_03603,CUST_1071,1769.19,card,network_timeout,5,99,1,11,11,1.0,1
PAY_03604,CUST_0676,2427.79,card,card_declined,14,781,1,10,3,0.3,0
PAY_03605,CUST_1921,1402.42,card,checkout_abandoned,11,1920,2,8,7,0.875,0
PAY_03606,CUST_0024,488.13,upi,card_declined,2,81,0,3,2,0.667,1
PAY_03607,CUST_1237,3280.23,card,card_declined,14,1538,2,6,6,1.0,1
PAY_03608,CUST_0168,3127.96,wallet,card_declined,9,1255,1,3,2,0.667,0
PAY_03609,CUST_0099,285.63,card,card_declined,23,1789,0,2,1,0.5,0
PAY_03610,CUST_0200,2708.32,card,card_declined,7,1015,2,14,8,0.571,0
PAY_03611,CUST_0341,7337.32,wallet,checkout_abandoned,14,175,2,10,5,0.5,0
PAY_03612,CUST_0730,730.28,upi,insufficient_funds,21,1241,2,8,4,0.5,0
PAY_03613,CUST_2387,1697.49,upi,network_timeout,11,2092,2,6,3,0.5,0
PAY_03614,CUST_0053,1556.13,upi,checkout_abandoned,8,1170,0,1,1,1.0,1
PAY_03615,CUST_2290,6794.52,netbanking,network_timeout,9,109,1,5,3,0.6,0
PAY_03616,CUST_1166,4412.95,card,checkout_abandoned,2,216,1,2,2,1.0,1
PAY_03617,CUST_2078,891.41,card,insufficient_funds,18,1057,1,8,5,0.625,1
PAY_03618,CUST_1458,2366.66,wallet,card_declined,0,1617,0,6,5,0.833,0
PAY_03619,CUST_1816,11358.02,card,insufficient_funds,18,456,0,14,7,0.5,1
PAY_03620,CUST_1958,1092.01,upi,checkout_abandoned,13,813,1,12,7,0.583,0
PAY_03621,CUST_1695,1784.01,upi,network_timeout,0,2087,1,9,8,0.889,0
PAY_03622,CUST_2227,2714.46,upi,insufficient_funds,3,2151,0,13,11,0.846,1
PAY_03623,CUST_2414,1104.89,netbanking,network_timeout,2,1925,2,4,4,1.0,1
PAY_03624,CUST_0067,7376.87,wallet,checkout_abandoned,23,1276,2,1,0,0.0,0
PAY_03625,CUST_0553,1233.25,card,checkout_abandoned,1,1930,1,8,6,0.75,1
PAY_03626,CUST_2461,592.48,upi,network_timeout,21,1059,1,0,0,0.75,1
PAY_03627,CUST_1940,1182.7,upi,checkout_abandoned,0,2142,0,14,14,1.0,1
PAY_03628,CUST_1431,3034.97,card,checkout_abandoned,12,781,0,1,0,0.0,0
PAY_03629,CUST_1229,950.51,netbanking,network_timeout,13,1977,0,12,6,0.5,1
PAY_03630,CUST_1630,2292.28,upi,card_declined,16,1164,2,10,4,0.4,0
PAY_03631,CUST_1832,2823.08,card,card_declined,10,2011,0,3,2,0.667,0
PAY_03632,CUST_0563,684.3,netbanking,checkout_abandoned,4,1022,2,7,7,1.0,0
PAY_03633,CUST_2133,1146.63,wallet,network_timeout,6,1915,1,8,5,0.625,1
PAY_03634,CUST_1188,2379.67,card,insufficient_funds,0,1136,0,11,4,0.364,0
PAY_03635,CUST_1902,3157.3,netbanking,network_timeout,20,1762,0,6,2,0.333,1
PAY_03636,CUST_0861,1169.71,card,card_declined,0,2095,2,8,5,0.625,0
PAY_03637,CUST_2096,2032.37,card,checkout_abandoned,14,172,2,6,2,0.333,0
PAY_03638,CUST_1010,1434.24,card,card_declined,13,876,1,1,1,1.0,0
PAY_03639,CUST_1163,3222.21,netbanking,checkout_abandoned,7,10,1,10,9,0.9,1
PAY_03640,CUST_0917,2727.31,card,network_timeout,4,607,1,3,3,1.0,1
PAY_03641,CUST_1315,1335.09,card,insufficient_funds,14,108,2,4,2,0.5,0
PAY_03642,CUST_0411,2639.37,upi,card_declined,17,919,0,4,1,0.25,1
PAY_03643,CUST_0479,1293.96,card,checkout_abandoned,11,742,0,8,2,0.25,1
PAY_03644,CUST_0824,2595.23,card,card_declined,16,113,0,10,8,0.8,1
PAY_03645,CUST_1727,2624.32,card,card_declined,14,823,0,12,9,0.75,1
PAY_03646,CUST_1849,11996.61,netbanking,checkout_abandoned,23,986,0,8,6,0.75,0
PAY_03647,CUST_1607,1375.44,upi,insufficient_funds,6,49,1,5,4,0.8,1
PAY_03648,CUST_0680,1607.65,netbanking,insufficient_funds,18,1988,2,14,11,0.786,0
PAY_03649,CUST_0340,1072.51,card,card_declined,9,672,2,7,6,0.857,0
PAY_03650,CUST_1856,787.83,upi,checkout_abandoned,13,435,0,2,2,1.0,1
PAY_03651,CUST_1657,1249.34,netbanking,insufficient_funds,11,119,1,12,11,0.917,0
PAY_03652,CUST_1163,3064.45,card,card_declined,8,193,1,14,6,0.429,1
PAY_03653,CUST_1160,3247.08,card,insufficient_funds,16,1492,1,4,3,0.75,0
PAY_03654,CUST_2432,2280.35,card,card_declined,22,35,2,3,2,0.667,1
PAY_03655,CUST_1566,1420.74,card,insufficient_funds,10,202,2,5,3,0.6,0
PAY_03656,CUST_0903,1212.99,card,card_declined,4,1391,2,5,5,1.0,0
PAY_03657,CUST_0823,864.44,wallet,card_declined,10,744,1,2,1,0.5,1
PAY_03658,CUST_2410,1152.9,upi,insufficient_funds,4,1652,2,0,0,0.75,0
PAY_03659,CUST_1222,638.7,upi,checkout_abandoned,12,1511,2,2,2,1.0,1
PAY_03660,CUST_0126,5333.85,card,card_declined,15,1450,2,4,4,1.0,0
PAY_03661,CUST_0448,7826.44,upi,card_declined,11,146,0,2,2,1.0,1
PAY_03662,CUST_0246,382.55,upi,checkout_abandoned,23,1384,2,2,2,1.0,0
PAY_03663,CUST_0302,2268.68,wallet,checkout_abandoned,5,1945,2,14,13,0.929,1
PAY_03664,CUST_0650,2238.8,card,checkout_abandoned,1,1764,2,3,3,1.0,1
PAY_03665,CUST_0963,2127.26,netbanking,card_declined,16,2025,1,12,7,0.583,0
PAY_03666,CUST_2205,1120.29,card,insufficient_funds,23,1843,1,8,4,0.5,0
PAY_03667,CUST_1953,4078.78,upi,card_declined,1,1983,0,6,5,0.833,0
PAY_03668,CUST_1834,2499.69,wallet,card_declined,9,726,0,11,10,0.909,0
PAY_03669,CUST_2403,4116.83,upi,insufficient_funds,13,552,2,0,0,0.75,0
PAY_03670,CUST_0685,997.78,upi,network_timeout,15,1252,0,11,11,1.0,1
PAY_03671,CUST_2431,595.26,netbanking,insufficient_funds,20,410,1,6,6,1.0,0
PAY_03672,CUST_0019,2549.03,wallet,network_timeout,16,1421,1,12,4,0.333,1
PAY_03673,CUST_0007,833.13,card,insufficient_funds,21,2138,2,14,6,0.429,0
PAY_03674,CUST_2051,4184.83,card,insufficient_funds,13,738,0,10,8,0.8,1
PAY_03675,CUST_1085,328.4,upi,checkout_abandoned,5,741,0,1,1,1.0,1
PAY_03676,CUST_2134,1237.33,wallet,checkout_abandoned,22,1374,0,14,7,0.5,0
PAY_03677,CUST_0324,1099.71,upi,insufficient_funds,9,1317,0,11,9,0.818,1
PAY_03678,CUST_0652,1379.73,card,network_timeout,7,1424,0,0,0,0.75,0
PAY_03679,CUST_2133,2218.13,upi,insufficient_funds,16,869,1,2,1,0.5,0
PAY_03680,CUST_0060,2471.38,card,card_declined,17,1,1,14,13,0.929,1
PAY_03681,CUST_2303,3002.89,card,checkout_abandoned,16,515,1,12,9,0.75,1
PAY_03682,CUST_2428,3292.92,card,card_declined,13,184,1,6,4,0.667,1
PAY_03683,CUST_0728,1569.2,card,insufficient_funds,16,357,2,14,13,0.929,0
PAY_03684,CUST_0931,9725.49,upi,network_timeout,18,1587,0,7,7,1.0,1
PAY_03685,CUST_0540,5460.06,card,card_declined,5,226,2,13,6,0.462,0
PAY_03686,CUST_0569,1402.42,card,card_declined,20,163,1,8,7,0.875,0
PAY_03687,CUST_2071,1613.31,upi,insufficient_funds,13,435,1,9,3,0.333,0
PAY_03688,CUST_2418,1378.99,card,checkout_abandoned,9,1097,0,0,0,0.75,0
PAY_03689,CUST_1687,2407.11,card,network_timeout,8,73,2,14,9,0.643,1
PAY_03690,CUST_1857,827.15,card,insufficient_funds,0,97,1,2,1,0.5,0
PAY_03691,CUST_0005,957.1,card,card_declined,11,1939,1,3,3,1.0,0
PAY_03692,CUST_0420,317.87,upi,network_timeout,18,1789,0,6,3,0.5,1
PAY_03693,CUST_0644,1308.47,card,card_declined,22,471,1,11,4,0.364,0
PAY_03694,CUST_1145,4218.98,card,network_timeout,3,1198,2,11,7,0.636,0
PAY_03695,CUST_0592,1593.78,card,checkout_abandoned,17,1651,2,9,5,0.556,0
PAY_03696,CUST_1055,1666.72,card,insufficient_funds,6,440,2,13,10,0.769,0
PAY_03697,CUST_1331,2248.61,card,insufficient_funds,2,1170,0,10,5,0.5,1
PAY_03698,CUST_0979,807.35,card,card_declined,13,1863,0,2,2,1.0,0
PAY_03699,CUST_1776,1836.78,card,card_declined,0,120,2,11,10,0.909,0
PAY_03700,CUST_1686,3669.48,card,insufficient_funds,4,259,2,3,2,0.667,0
PAY_03701,CUST_0998,2300.29,netbanking,checkout_abandoned,6,1812,0,7,6,0.857,1
PAY_03702,CUST_0324,3936.6,card,card_declined,20,1960,2,9,3,0.333,0
PAY_03703,CUST_2467,4948.54,card,network_timeout,3,1443,2,5,3,0.6,1
PAY_03704,CUST_1103,3058.3,upi,checkout_abandoned,6,2099,2,5,2,0.4,0
PAY_03705,CUST_0993,1017.24,card,card_declined,23,1605,0,4,1,0.25,0
PAY_03706,CUST_1349,1366.81,netbanking,card_declined,7,1421,2,4,1,0.25,1
PAY_03707,CUST_1779,8439.96,card,insufficient_funds,6,51,1,14,3,0.214,0
PAY_03708,CUST_1557,2314.33,upi,checkout_abandoned,17,1810,1,5,3,0.6,1
PAY_03709,CUST_2163,2080.38,wallet,insufficient_funds,1,693,0,7,6,0.857,1
PAY_03710,CUST_0376,904.67,card,checkout_abandoned,2,1779,0,10,6,0.6,1
PAY_03711,CUST_1697,1673.0,card,checkout_abandoned,9,9,2,3,1,0.333,1
PAY_03712,CUST_2079,3192.76,upi,checkout_abandoned,15,980,0,2,1,0.5,1
PAY_03713,CUST_1769,1821.51,wallet,checkout_abandoned,0,1342,1,3,3,1.0,1
PAY_03714,CUST_1392,1188.02,card,checkout_abandoned,0,264,0,0,0,0.75,1
PAY_03715,CUST_0822,1430.29,upi,checkout_abandoned,1,796,2,6,4,0.667,0
PAY_03716,CUST_2397,4670.41,card,checkout_abandoned,16,180,1,0,0,0.75,0
PAY_03717,CUST_1863,3071.02,upi,checkout_abandoned,17,1009,0,5,3,0.6,0
PAY_03718,CUST_0919,2759.42,card,checkout_abandoned,9,225,2,7,6,0.857,0
PAY_03719,CUST_2453,2561.24,upi,checkout_abandoned,2,528,2,3,2,0.667,1
PAY_03720,CUST_2288,698.63,card,network_timeout,18,1108,0,3,0,0.0,0
PAY_03721,CUST_1024,2238.19,upi,network_timeout,17,978,1,9,6,0.667,1
PAY_03722,CUST_0243,4229.96,card,network_timeout,1,77,1,8,8,1.0,1
PAY_03723,CUST_0534,1460.9,upi,checkout_abandoned,17,1750,2,11,5,0.455,0
PAY_03724,CUST_2428,3934.28,upi,insufficient_funds,21,1037,2,13,8,0.615,0
PAY_03725,CUST_2397,2784.22,netbanking,checkout_abandoned,16,642,2,3,1,0.333,0
PAY_03726,CUST_1943,3490.08,wallet,checkout_abandoned,8,620,0,4,4,1.0,1
PAY_03727,CUST_0334,1874.86,upi,checkout_abandoned,5,217,1,7,3,0.429,0
PAY_03728,CUST_1087,3658.51,upi,card_declined,9,1883,0,2,1,0.5,0
PAY_03729,CUST_1506,557.69,card,checkout_abandoned,8,1642,0,10,5,0.5,0
PAY_03730,CUST_0190,1848.37,wallet,checkout_abandoned,4,196,0,0,0,0.75,1
PAY_03731,CUST_1477,3184.19,upi,checkout_abandoned,22,1899,0,5,2,0.4,0
PAY_03732,CUST_2014,2281.48,card,checkout_abandoned,3,1469,0,14,5,0.357,1
PAY_03733,CUST_2025,4324.45,card,network_timeout,6,1486,1,11,9,0.818,1
PAY_03734,CUST_1055,1587.42,netbanking,network_timeout,1,176,1,7,7,1.0,1
PAY_03735,CUST_1819,1161.63,netbanking,card_declined,14,611,2,0,0,0.75,0
PAY_03736,CUST_1583,485.06,netbanking,checkout_abandoned,2,1140,1,12,5,0.417,1
PAY_03737,CUST_1050,1446.89,upi,insufficient_funds,18,1454,0,6,3,0.5,0
PAY_03738,CUST_1097,2721.78,card,checkout_abandoned,13,722,1,12,9,0.75,0
PAY_03739,CUST_1948,3308.83,wallet,checkout_abandoned,12,1730,0,11,9,0.818,1
PAY_03740,CUST_0567,587.69,upi,insufficient_funds,17,1187,0,14,8,0.571,1
PAY_03741,CUST_2130,4609.17,upi,card_declined,21,1815,2,1,1,1.0,0
PAY_03742,CUST_0197,825.51,upi,card_declined,2,159,2,12,12,1.0,0
PAY_03743,CUST_0562,1633.73,upi,checkout_abandoned,16,623,1,10,4,0.4,0
PAY_03744,CUST_2470,1141.95,upi,network_timeout,3,1080,0,4,4,1.0,1
PAY_03745,CUST_1594,2513.27,upi,card_declined,2,1697,1,12,3,0.25,0
PAY_03746,CUST_0637,1940.7,netbanking,checkout_abandoned,2,1099,1,8,5,0.625,0
PAY_03747,CUST_0193,3096.16,netbanking,insufficient_funds,6,628,2,9,8,0.889,1
PAY_03748,CUST_1128,7868.21,card,checkout_abandoned,11,1822,0,14,9,0.643,1
PAY_03749,CUST_2234,2474.57,card,insufficient_funds,4,77,0,8,6,0.75,1
PAY_03750,CUST_1428,1134.78,upi,card_declined,5,122,2,9,6,0.667,0
PAY_03751,CUST_0164,2602.94,upi,card_declined,22,771,2,12,12,1.0,1
PAY_03752,CUST_1952,8532.63,upi,network_timeout,3,267,1,11,6,0.545,0
PAY_03753,CUST_1248,3043.05,netbanking,network_timeout,2,667,0,9,8,0.889,1
PAY_03754,CUST_0685,3835.66,card,checkout_abandoned,10,2117,0,13,6,0.462,0
PAY_03755,CUST_1285,503.05,card,network_timeout,16,915,2,13,11,0.846,1
PAY_03756,CUST_1918,2452.95,netbanking,insufficient_funds,14,1052,1,9,9,1.0,1
PAY_03757,CUST_1881,1452.63,wallet,insufficient_funds,15,862,1,1,0,0.0,0
PAY_03758,CUST_0313,1044.66,card,insufficient_funds,4,1534,1,10,3,0.3,0
PAY_03759,CUST_0517,1768.15,card,checkout_abandoned,9,836,0,4,4,1.0,1
PAY_03760,CUST_2044,1963.43,card,card_declined,18,630,2,8,3,0.375,0
PAY_03761,CUST_0752,1092.29,upi,checkout_abandoned,8,34,0,5,2,0.4,1
PAY_03762,CUST_2260,2092.91,upi,insufficient_funds,14,1361,2,5,5,1.0,1
PAY_03763,CUST_0333,1566.74,card,card_declined,3,1721,0,14,9,0.643,0
PAY_03764,CUST_2259,3157.36,card,card_declined,18,914,0,3,2,0.667,0
PAY_03765,CUST_1241,2159.43,upi,card_declined,23,680,0,2,2,1.0,1
PAY_03766,CUST_0107,2431.54,upi,checkout_abandoned,7,1796,1,9,5,0.556,0
PAY_03767,CUST_0304,3940.46,upi,network_timeout,2,2050,0,9,2,0.222,0
PAY_03768,CUST_1246,2805.98,card,insufficient_funds,9,938,0,14,12,0.857,0
PAY_03769,CUST_0225,1791.26,card,checkout_abandoned,20,442,2,0,0,0.75,0
PAY_03770,CUST_2226,339.0,card,network_timeout,23,1461,2,13,11,0.846,1
PAY_03771,CUST_0042,2714.94,wallet,checkout_abandoned,12,1344,1,12,8,0.667,0
PAY_03772,CUST_1982,867.84,card,checkout_abandoned,14,718,0,3,1,0.333,0
PAY_03773,CUST_2181,1680.0,upi,checkout_abandoned,15,1748,0,12,6,0.5,0
PAY_03774,CUST_2203,2422.07,upi,checkout_abandoned,3,442,1,12,7,0.583,1
PAY_03775,CUST_0493,5228.95,netbanking,checkout_abandoned,4,103,1,1,1,1.0,0
PAY_03776,CUST_1790,7858.89,card,network_timeout,17,471,2,0,0,0.75,1
PAY_03777,CUST_1789,861.41,card,checkout_abandoned,10,1606,1,9,7,0.778,0
PAY_03778,CUST_2130,628.2,netbanking,card_declined,17,1222,1,8,4,0.5,0
PAY_03779,CUST_1911,2335.81,card,checkout_abandoned,9,1482,1,12,6,0.5,0
PAY_03780,CUST_0151,2185.25,upi,checkout_abandoned,23,1060,2,13,6,0.462,0
PAY_03781,CUST_1647,688.17,card,card_declined,18,251,2,1,0,0.0,0
PAY_03782,CUST_0495,1776.25,wallet,checkout_abandoned,13,1517,0,14,9,0.643,1
PAY_03783,CUST_0177,2903.22,upi,checkout_abandoned,19,1442,1,12,6,0.5,1
PAY_03784,CUST_1810,672.78,card,card_declined,14,1832,2,9,6,0.667,0
PAY_03785,CUST_1044,812.3,netbanking,network_timeout,5,271,2,5,4,0.8,1
PAY_03786,CUST_2035,1075.15,upi,checkout_abandoned,7,80,2,9,3,0.333,0
PAY_03787,CUST_1823,1518.89,upi,checkout_abandoned,4,653,0,8,4,0.5,0
PAY_03788,CUST_0458,3136.05,card,card_declined,13,1726,1,5,3,0.6,0
PAY_03789,CUST_0866,1386.25,card,insufficient_funds,15,221,2,1,0,0.0,0
PAY_03790,CUST_2012,1881.45,upi,checkout_abandoned,0,1857,0,10,5,0.5,0
PAY_03791,CUST_1357,10856.12,card,card_declined,10,2045,2,4,2,0.5,0
PAY_03792,CUST_0572,837.56,netbanking,insufficient_funds,19,1535,1,3,1,0.333,0
PAY_03793,CUST_1816,1067.58,card,card_declined,18,2072,2,5,2,0.4,0
PAY_03794,CUST_1661,3096.45,upi,card_declined,16,1468,2,0,0,0.75,0
PAY_03795,CUST_2239,3967.84,card,network_timeout,7,190,0,5,3,0.6,1
PAY_03796,CUST_1295,2508.36,upi,checkout_abandoned,16,2027,0,12,4,0.333,1
PAY_03797,CUST_2026,7651.95,card,network_timeout,5,1718,1,10,8,0.8,1
PAY_03798,CUST_1924,2320.43,card,checkout_abandoned,16,1921,2,0,0,0.75,0
PAY_03799,CUST_0569,370.43,card,insufficient_funds,19,259,2,4,3,0.75,0
PAY_03800,CUST_1083,1945.24,upi,insufficient_funds,5,793,2,9,9,1.0,1
PAY_03801,CUST_1173,1139.97,card,card_declined,17,432,0,13,7,0.538,0
PAY_03802,CUST_0508,5445.75,netbanking,card_declined,1,1390,2,6,3,0.5,0
PAY_03803,CUST_1462,3894.19,card,insufficient_funds,15,1326,2,14,7,0.5,0
PAY_03804,CUST_2056,504.61,upi,card_declined,12,1156,0,0,0,0.75,0
PAY_03805,CUST_0175,5301.77,upi,card_declined,22,359,2,13,13,1.0,0
PAY_03806,CUST_2317,3816.3,card,card_declined,12,231,1,2,0,0.0,0
PAY_03807,CUST_2071,1388.49,card,checkout_abandoned,0,2121,1,10,8,0.8,0
PAY_03808,CUST_1561,1690.51,card,network_timeout,20,497,0,1,1,1.0,1
PAY_03809,CUST_2188,5482.32,upi,checkout_abandoned,6,2069,1,14,5,0.357,0
PAY_03810,CUST_2162,371.79,wallet,checkout_abandoned,16,1091,0,3,1,0.333,0
PAY_03811,CUST_2393,2570.51,card,network_timeout,18,44,2,5,5,1.0,1
PAY_03812,CUST_0056,4316.8,upi,card_declined,7,977,0,9,6,0.667,1
PAY_03813,CUST_2261,1676.68,upi,network_timeout,0,1894,0,0,0,0.75,1
PAY_03814,CUST_1364,3022.59,upi,card_declined,12,1239,0,8,5,0.625,0
PAY_03815,CUST_2011,1954.84,upi,insufficient_funds,9,2042,0,4,2,0.5,0
PAY_03816,CUST_0964,961.32,wallet,insufficient_funds,12,1722,2,6,5,0.833,0
PAY_03817,CUST_1131,942.29,upi,insufficient_funds,21,1916,2,4,3,0.75,0
PAY_03818,CUST_1779,3181.43,netbanking,insufficient_funds,16,1735,0,12,4,0.333,0
PAY_03819,CUST_1042,1082.44,card,checkout_abandoned,5,1493,0,6,5,0.833,0
PAY_03820,CUST_0822,531.59,netbanking,checkout_abandoned,18,588,0,11,8,0.727,1
PAY_03821,CUST_0326,1985.17,wallet,checkout_abandoned,6,1347,2,0,0,0.75,0
PAY_03822,CUST_0034,1194.01,wallet,network_timeout,14,574,1,10,2,0.2,0
PAY_03823,CUST_2204,689.7,card,network_timeout,6,1380,1,5,4,0.8,1
PAY_03824,CUST_1182,1906.34,netbanking,card_declined,20,1329,2,8,6,0.75,0
PAY_03825,CUST_0714,3325.46,card,checkout_abandoned,11,1719,0,12,12,1.0,1
PAY_03826,CUST_1487,1829.25,upi,network_timeout,7,818,2,10,5,0.5,1
PAY_03827,CUST_2448,767.05,card,insufficient_funds,23,638,0,5,1,0.2,0
PAY_03828,CUST_1695,2646.48,upi,insufficient_funds,19,2073,1,3,2,0.667,1
PAY_03829,CUST_1308,4120.24,card,checkout_abandoned,4,717,0,13,8,0.615,1
PAY_03830,CUST_2083,10572.05,card,network_timeout,0,1370,0,3,2,0.667,1
PAY_03831,CUST_0064,5704.54,card,network_timeout,20,1912,1,0,0,0.75,1
PAY_03832,CUST_2500,805.33,card,network_timeout,20,557,1,4,4,1.0,0
PAY_03833,CUST_1782,3576.03,card,insufficient_funds,6,827,1,0,0,0.75,0
PAY_03834,CUST_1907,2210.03,netbanking,network_timeout,7,228,1,11,6,0.545,0
PAY_03835,CUST_0590,716.13,upi,insufficient_funds,16,381,2,13,10,0.769,0
PAY_03836,CUST_0764,2258.78,netbanking,insufficient_funds,16,1563,0,6,5,0.833,0
PAY_03837,CUST_1563,8353.9,netbanking,checkout_abandoned,10,253,2,9,5,0.556,0
PAY_03838,CUST_2351,4685.53,card,card_declined,17,693,0,14,7,0.5,0
PAY_03839,CUST_0624,800.14,upi,checkout_abandoned,7,298,2,13,13,1.0,1
PAY_03840,CUST_1696,1819.86,upi,insufficient_funds,9,414,2,0,0,0.75,0
PAY_03841,CUST_0767,2667.46,card,checkout_abandoned,11,1729,1,1,1,1.0,0
PAY_03842,CUST_2237,451.07,upi,network_timeout,5,546,0,5,2,0.4,1
PAY_03843,CUST_1454,463.68,upi,checkout_abandoned,19,1075,1,4,2,0.5,1
PAY_03844,CUST_1040,2037.02,upi,network_timeout,18,1500,0,2,2,1.0,1
PAY_03845,CUST_2486,2058.4,upi,checkout_abandoned,12,2003,1,2,1,0.5,0
PAY_03846,CUST_0355,413.43,card,network_timeout,7,1421,0,12,8,0.667,1
PAY_03847,CUST_1013,2455.1,netbanking,checkout_abandoned,12,865,0,2,0,0.0,0
PAY_03848,CUST_1705,4294.59,card,checkout_abandoned,7,218,2,7,4,0.571,0
PAY_03849,CUST_1010,1511.56,netbanking,card_declined,5,954,2,0,0,0.75,0
PAY_03850,CUST_0340,1888.22,card,insufficient_funds,15,1436,1,9,9,1.0,0
PAY_03851,CUST_0737,2843.16,upi,insufficient_funds,4,30,2,11,7,0.636,1
PAY_03852,CUST_2176,2557.45,upi,insufficient_funds,16,1332,2,8,4,0.5,0
PAY_03853,CUST_0448,473.73,card,insufficient_funds,16,26,2,4,3,0.75,0
PAY_03854,CUST_1605,872.57,card,insufficient_funds,0,1728,2,1,0,0.0,0
PAY_03855,CUST_0343,1311.41,card,network_timeout,4,2074,0,6,2,0.333,0
PAY_03856,CUST_1107,904.05,upi,card_declined,12,188,2,11,3,0.273,0
PAY_03857,CUST_1010,5820.36,wallet,checkout_abandoned,0,2018,2,1,0,0.0,0
PAY_03858,CUST_0322,2990.28,card,insufficient_funds,19,588,0,12,6,0.5,0
PAY_03859,CUST_1960,740.82,upi,checkout_abandoned,13,165,0,13,3,0.231,1
PAY_03860,CUST_0704,1516.37,netbanking,card_declined,9,1735,1,9,8,0.889,0
PAY_03861,CUST_1444,4446.42,upi,network_timeout,9,686,2,12,10,0.833,0
PAY_03862,CUST_0707,1073.36,netbanking,card_declined,8,950,2,4,4,1.0,0
PAY_03863,CUST_1036,3557.48,card,checkout_abandoned,15,2126,1,9,5,0.556,1
PAY_03864,CUST_0116,5443.0,card,insufficient_funds,14,1963,2,10,6,0.6,0
PAY_03865,CUST_0615,4762.15,card,checkout_abandoned,1,1159,0,10,5,0.5,0
PAY_03866,CUST_0366,2079.46,card,insufficient_funds,4,1495,2,10,9,0.9,0
PAY_03867,CUST_1638,4896.92,upi,network_timeout,19,599,2,2,0,0.0,0
PAY_03868,CUST_1522,1185.3,netbanking,insufficient_funds,22,118,2,13,9,0.692,0
PAY_03869,CUST_0580,13150.92,card,network_timeout,20,1521,0,10,9,0.9,0
PAY_03870,CUST_0096,2182.49,wallet,network_timeout,5,975,1,1,1,1.0,1
PAY_03871,CUST_0848,4505.15,card,insufficient_funds,20,2000,0,9,9,1.0,0
PAY_03872,CUST_1185,1347.4,card,card_declined,16,642,1,13,11,0.846,0
PAY_03873,CUST_0158,2684.03,netbanking,card_declined,5,478,2,0,0,0.75,1
PAY_03874,CUST_1489,2780.3,netbanking,card_declined,16,1643,1,13,12,0.923,1
PAY_03875,CUST_1137,856.18,upi,checkout_abandoned,18,1149,2,4,2,0.5,0
PAY_03876,CUST_0617,836.13,card,insufficient_funds,17,324,1,4,4,1.0,1
PAY_03877,CUST_1018,1528.34,card,card_declined,22,1385,0,7,3,0.429,0
PAY_03878,CUST_2488,4358.17,card,checkout_abandoned,20,1906,0,10,9,0.9,1
PAY_03879,CUST_2406,415.88,netbanking,card_declined,17,1355,2,1,0,0.0,0
PAY_03880,CUST_1145,1346.5,card,insufficient_funds,12,1576,0,3,2,0.667,0
PAY_03881,CUST_2243,5132.97,upi,checkout_abandoned,14,359,0,12,11,0.917,1
PAY_03882,CUST_1885,671.72,card,checkout_abandoned,21,1265,0,3,3,1.0,0
PAY_03883,CUST_0710,4908.2,upi,checkout_abandoned,9,1495,2,5,4,0.8,0
PAY_03884,CUST_0557,730.19,card,network_timeout,14,1212,0,9,7,0.778,0
PAY_03885,CUST_0207,864.64,upi,checkout_abandoned,8,2028,1,3,0,0.0,0
PAY_03886,CUST_0086,1600.01,upi,card_declined,23,2056,0,0,0,0.75,1
PAY_03887,CUST_1085,8057.1,wallet,checkout_abandoned,21,1166,2,7,6,0.857,0
PAY_03888,CUST_0183,1078.73,netbanking,checkout_abandoned,2,1865,1,1,0,0.0,0
PAY_03889,CUST_1756,449.97,upi,checkout_abandoned,3,166,0,5,4,0.8,1
PAY_03890,CUST_0732,586.39,card,insufficient_funds,20,1991,1,9,8,0.889,0
PAY_03891,CUST_0574,3793.71,wallet,card_declined,14,323,0,11,10,0.909,0
PAY_03892,CUST_0761,608.96,netbanking,checkout_abandoned,15,1776,1,14,6,0.429,0
PAY_03893,CUST_1270,4656.01,netbanking,network_timeout,3,963,0,13,9,0.692,0
PAY_03894,CUST_0480,1903.36,upi,network_timeout,21,758,2,0,0,0.75,0
PAY_03895,CUST_0783,1754.12,card,checkout_abandoned,18,1819,1,7,5,0.714,0
PAY_03896,CUST_0837,2283.32,netbanking,network_timeout,8,367,1,0,0,0.75,1
PAY_03897,CUST_2406,948.43,card,insufficient_funds,21,1246,2,12,7,0.583,1
PAY_03898,CUST_0305,2009.9,card,insufficient_funds,15,644,1,1,1,1.0,0
PAY_03899,CUST_0371,693.04,card,card_declined,20,572,0,11,11,1.0,0
PAY_03900,CUST_2216,5295.72,upi,card_declined,12,2077,1,0,0,0.75,0
PAY_03901,CUST_1811,791.32,card,card_declined,9,352,2,1,1,1.0,0
PAY_03902,CUST_0761,2557.14,upi,checkout_abandoned,18,2081,0,13,6,0.462,1
PAY_03903,CUST_0208,786.62,upi,checkout_abandoned,1,59,0,2,2,1.0,1
PAY_03904,CUST_1829,1174.95,upi,network_timeout,15,440,1,7,4,0.571,1
PAY_03905,CUST_1568,1334.72,card,insufficient_funds,22,810,0,7,7,1.0,1
PAY_03906,CUST_2286,19547.84,wallet,checkout_abandoned,21,489,2,10,6,0.6,1
PAY_03907,CUST_0134,1779.32,card,checkout_abandoned,7,562,0,14,5,0.357,1
PAY_03908,CUST_2340,932.92,card,checkout_abandoned,10,1421,0,6,4,0.667,1
PAY_03909,CUST_1371,1261.3,upi,network_timeout,5,131,1,9,6,0.667,1
PAY_03910,CUST_1416,540.13,card,checkout_abandoned,13,1196,2,14,9,0.643,0
PAY_03911,CUST_1945,1580.21,upi,network_timeout,15,878,1,1,1,1.0,0
PAY_03912,CUST_0816,7914.18,card,network_timeout,20,1219,0,7,4,0.571,0
PAY_03913,CUST_1375,2355.18,netbanking,checkout_abandoned,20,750,2,4,2,0.5,1
PAY_03914,CUST_2266,3708.05,card,insufficient_funds,13,1959,1,14,4,0.286,1
PAY_03915,CUST_1385,869.21,wallet,insufficient_funds,6,714,0,9,5,0.556,0
PAY_03916,CUST_2431,1529.76,upi,insufficient_funds,10,1203,2,9,9,1.0,0
PAY_03917,CUST_0172,2118.92,card,network_timeout,9,946,0,2,0,0.0,0
PAY_03918,CUST_1882,1007.57,upi,network_timeout,11,1253,2,14,7,0.5,0
PAY_03919,CUST_2415,2478.84,card,checkout_abandoned,6,856,2,1,1,1.0,0
PAY_03920,CUST_1447,2945.06,wallet,insufficient_funds,18,1428,1,7,2,0.286,1
PAY_03921,CUST_0016,2778.93,netbanking,card_declined,16,443,2,10,4,0.4,1
PAY_03922,CUST_0416,1595.07,upi,checkout_abandoned,22,1103,1,13,12,0.923,1
PAY_03923,CUST_0700,4308.18,card,insufficient_funds,1,1840,1,4,4,1.0,0
PAY_03924,CUST_1568,1464.76,wallet,checkout_abandoned,4,1256,0,5,5,1.0,0
PAY_03925,CUST_2038,1361.69,upi,card_declined,0,437,0,0,0,0.75,0
PAY_03926,CUST_0588,5703.15,upi,network_timeout,5,1613,2,9,6,0.667,0
PAY_03927,CUST_0355,742.46,card,network_timeout,2,689,2,2,2,1.0,1
PAY_03928,CUST_0446,460.89,card,checkout_abandoned,4,1977,1,9,8,0.889,0
PAY_03929,CUST_0612,899.01,upi,card_declined,13,1782,0,1,0,0.0,0
PAY_03930,CUST_1002,2453.66,upi,checkout_abandoned,4,2013,0,7,5,0.714,0
PAY_03931,CUST_1919,5026.18,netbanking,network_timeout,13,1805,0,7,6,0.857,1
PAY_03932,CUST_1000,1061.17,upi,network_timeout,1,1442,0,7,1,0.143,0
PAY_03933,CUST_1990,7687.97,upi,network_timeout,16,1428,0,4,3,0.75,1
PAY_03934,CUST_1270,1839.59,upi,card_declined,19,581,2,2,1,0.5,0
PAY_03935,CUST_1734,1641.09,netbanking,network_timeout,19,800,2,11,11,1.0,0
PAY_03936,CUST_0963,911.96,card,insufficient_funds,8,1873,0,13,6,0.462,0
PAY_03937,CUST_2072,8575.17,netbanking,insufficient_funds,7,1335,0,4,1,0.25,0
PAY_03938,CUST_0096,1596.09,card,network_timeout,10,1499,2,6,6,1.0,0
PAY_03939,CUST_0950,620.14,upi,network_timeout,21,463,1,1,0,0.0,0
PAY_03940,CUST_1205,12857.43,netbanking,card_declined,20,794,0,2,2,1.0,1
PAY_03941,CUST_2019,2466.31,netbanking,card_declined,12,542,0,5,5,1.0,1
PAY_03942,CUST_0753,3410.47,card,card_declined,21,1355,1,10,8,0.8,0
PAY_03943,CUST_0519,6910.45,upi,card_declined,6,1122,1,10,6,0.6,0
PAY_03944,CUST_1478,2942.79,card,network_timeout,13,913,1,10,8,0.8,1
PAY_03945,CUST_1322,3926.3,card,card_declined,4,1660,1,1,1,1.0,1
PAY_03946,CUST_1048,1879.95,netbanking,checkout_abandoned,2,1800,1,0,0,0.75,1
PAY_03947,CUST_1405,3237.41,netbanking,card_declined,16,2008,0,4,1,0.25,0
PAY_03948,CUST_1012,1751.48,card,card_declined,10,727,1,4,0,0.0,1
PAY_03949,CUST_0335,1771.13,wallet,checkout_abandoned,13,1043,2,7,7,1.0,1
PAY_03950,CUST_2140,1980.92,card,insufficient_funds,21,950,1,8,8,1.0,0
PAY_03951,CUST_0414,1310.4,wallet,insufficient_funds,11,2017,2,2,1,0.5,1
PAY_03952,CUST_1853,2694.71,netbanking,checkout_abandoned,21,1712,1,12,12,1.0,1
PAY_03953,CUST_0495,2689.25,wallet,checkout_abandoned,13,1996,1,11,11,1.0,0
PAY_03954,CUST_1980,3465.72,netbanking,checkout_abandoned,7,433,2,4,1,0.25,0
PAY_03955,CUST_0534,3002.58,wallet,card_declined,1,1178,1,9,7,0.778,0
PAY_03956,CUST_1586,8915.77,upi,network_timeout,23,1218,1,4,3,0.75,1
PAY_03957,CUST_2421,4178.24,card,checkout_abandoned,19,924,1,0,0,0.75,0
PAY_03958,CUST_2201,1524.99,card,checkout_abandoned,7,970,1,11,9,0.818,1
PAY_03959,CUST_0544,2586.34,netbanking,card_declined,17,1825,0,1,0,0.0,0
PAY_03960,CUST_1579,5573.06,card,insufficient_funds,19,794,1,3,2,0.667,0
PAY_03961,CUST_0799,841.82,wallet,insufficient_funds,0,959,2,4,2,0.5,0
PAY_03962,CUST_0073,9017.62,card,card_declined,22,238,0,13,10,0.769,1
PAY_03963,CUST_2415,968.58,netbanking,checkout_abandoned,3,1372,1,8,6,0.75,1
PAY_03964,CUST_1257,3698.79,upi,insufficient_funds,3,26,0,11,4,0.364,0
PAY_03965,CUST_1094,1809.53,netbanking,insufficient_funds,10,1615,2,13,11,0.846,1
PAY_03966,CUST_1437,1728.13,wallet,card_declined,7,1325,0,13,11,0.846,1
PAY_03967,CUST_0424,634.74,card,network_timeout,9,2073,2,9,1,0.111,0
PAY_03968,CUST_2229,3720.23,upi,card_declined,13,1210,2,5,1,0.2,0
PAY_03969,CUST_1067,642.17,card,insufficient_funds,10,1556,1,6,5,0.833,1
PAY_03970,CUST_1290,567.55,netbanking,card_declined,8,2022,2,2,2,1.0,0
PAY_03971,CUST_2354,4551.92,netbanking,checkout_abandoned,12,494,2,8,8,1.0,0
PAY_03972,CUST_0591,7534.34,card,card_declined,23,651,0,8,7,0.875,1
PAY_03973,CUST_2205,1055.47,card,network_timeout,16,1125,1,14,6,0.429,1
PAY_03974,CUST_1127,4015.95,card,card_declined,9,88,0,2,1,0.5,0
PAY_03975,CUST_0264,3404.19,card,card_declined,16,518,2,11,11,1.0,0
PAY_03976,CUST_1057,1672.92,netbanking,card_declined,20,1001,2,3,2,0.667,0
PAY_03977,CUST_1163,5240.62,card,card_declined,1,528,1,1,1,1.0,0
PAY_03978,CUST_1393,1579.15,wallet,card_declined,4,91,1,6,4,0.667,1
PAY_03979,CUST_1406,2723.22,wallet,network_timeout,23,1612,2,14,4,0.286,0
PAY_03980,CUST_0662,660.19,wallet,checkout_abandoned,23,559,1,6,5,0.833,0
PAY_03981,CUST_2244,683.15,upi,card_declined,16,38,2,2,2,1.0,1
PAY_03982,CUST_0825,4586.07,card,insufficient_funds,17,1443,1,4,3,0.75,1
PAY_03983,CUST_1676,2797.57,netbanking,network_timeout,21,490,0,10,8,0.8,0
PAY_03984,CUST_2403,1606.12,upi,card_declined,0,987,1,4,3,0.75,0
PAY_03985,CUST_0345,8281.82,wallet,insufficient_funds,12,1643,2,3,1,0.333,0
PAY_03986,CUST_1221,8212.35,card,card_declined,4,707,1,3,0,0.0,1
PAY_03987,CUST_0262,2557.73,card,card_declined,22,1264,1,1,1,1.0,0
PAY_03988,CUST_2121,561.73,wallet,network_timeout,2,1726,2,10,6,0.6,0
PAY_03989,CUST_2059,1646.26,netbanking,checkout_abandoned,2,1589,1,4,3,0.75,0
PAY_03990,CUST_2404,924.71,card,checkout_abandoned,14,727,1,4,4,1.0,1
PAY_03991,CUST_2272,1933.63,upi,checkout_abandoned,7,859,1,4,4,1.0,1
PAY_03992,CUST_2025,851.08,card,insufficient_funds,20,346,2,10,6,0.6,0
PAY_03993,CUST_0870,691.29,upi,card_declined,7,333,0,13,10,0.769,1
PAY_03994,CUST_0989,294.55,card,insufficient_funds,18,604,0,11,6,0.545,1
PAY_03995,CUST_0124,2057.71,card,card_declined,9,2035,2,8,5,0.625,0
PAY_03996,CUST_0496,286.15,card,card_declined,13,2057,0,10,8,0.8,0
PAY_03997,CUST_1123,1393.19,card,card_declined,23,1838,2,3,3,1.0,0
PAY_03998,CUST_2011,3137.12,upi,network_timeout,14,541,2,13,12,0.923,1
PAY_03999,CUST_2179,1010.16,card,insufficient_funds,4,1277,1,9,8,0.889,0
PAY_04000,CUST_1540,755.73,upi,card_declined,22,783,2,14,10,0.714,0
PAY_04001,CUST_0464,1704.9,upi,checkout_abandoned,22,595,2,4,2,0.5,0
PAY_04002,CUST_0796,927.65,upi,insufficient_funds,10,378,2,2,1,0.5,0
PAY_04003,CUST_0501,2088.22,upi,checkout_abandoned,9,2069,1,10,5,0.5,1
PAY_04004,CUST_2022,787.83,card,card_declined,18,1399,0,4,3,0.75,0
PAY_04005,CUST_2130,1655.65,card,network_timeout,13,1516,1,3,3,1.0,1
PAY_04006,CUST_1440,1364.31,netbanking,card_declined,2,598,2,11,10,0.909,0
PAY_04007,CUST_0925,1783.49,netbanking,network_timeout,7,2112,0,7,6,0.857,1
PAY_04008,CUST_1953,6658.59,wallet,card_declined,2,453,0,11,9,0.818,1
PAY_04009,CUST_2046,2112.0,wallet,card_declined,7,394,2,3,1,0.333,0
PAY_04010,CUST_1268,2694.85,upi,network_timeout,4,1268,1,1,1,1.0,0
PAY_04011,CUST_1934,1091.94,netbanking,insufficient_funds,23,2016,1,6,2,0.333,0
PAY_04012,CUST_1532,2151.99,card,card_declined,22,1651,2,14,7,0.5,0
PAY_04013,CUST_2293,1444.76,netbanking,checkout_abandoned,0,2053,2,8,3,0.375,0
PAY_04014,CUST_0913,1843.22,wallet,card_declined,18,1278,1,12,10,0.833,0
PAY_04015,CUST_0450,3025.1,netbanking,network_timeout,19,536,1,12,6,0.5,1
PAY_04016,CUST_0865,1206.35,card,network_timeout,21,1077,1,13,13,1.0,1
PAY_04017,CUST_0524,1309.11,card,insufficient_funds,21,1078,0,6,3,0.5,0
PAY_04018,CUST_1802,1219.76,card,network_timeout,8,2102,2,3,2,0.667,0
PAY_04019,CUST_0405,1201.07,card,card_declined,11,637,1,13,10,0.769,0
PAY_04020,CUST_0957,2067.57,netbanking,checkout_abandoned,4,616,2,7,4,0.571,1
PAY_04021,CUST_0002,1345.28,upi,card_declined,20,891,1,4,4,1.0,0
PAY_04022,CUST_1014,5966.45,card,card_declined,1,1021,0,6,4,0.667,0
PAY_04023,CUST_1754,15350.02,upi,insufficient_funds,12,1268,2,11,6,0.545,0
PAY_04024,CUST_0746,1142.74,card,checkout_abandoned,10,413,0,5,2,0.4,1
PAY_04025,CUST_2122,2277.3,upi,checkout_abandoned,8,1748,2,12,4,0.333,0
PAY_04026,CUST_1992,4129.65,card,checkout_abandoned,23,1086,1,3,0,0.0,0
PAY_04027,CUST_0228,1455.26,upi,checkout_abandoned,11,1011,1,4,4,1.0,0
PAY_04028,CUST_2070,812.43,upi,checkout_abandoned,1,1049,0,2,1,0.5,1
PAY_04029,CUST_1100,7230.62,upi,network_timeout,20,1985,0,13,11,0.846,1
PAY_04030,CUST_0394,3116.51,netbanking,checkout_abandoned,22,1666,0,13,6,0.462,0
PAY_04031,CUST_1818,2322.72,card,network_timeout,8,1222,2,3,1,0.333,0
PAY_04032,CUST_1716,5744.28,upi,insufficient_funds,6,987,0,7,6,0.857,0
PAY_04033,CUST_0410,3333.33,card,network_timeout,16,494,0,11,5,0.455,1
PAY_04034,CUST_0614,1732.28,upi,network_timeout,1,309,0,9,8,0.889,1
PAY_04035,CUST_1161,824.05,upi,card_declined,15,2037,1,9,7,0.778,0
PAY_04036,CUST_0610,1213.03,upi,insufficient_funds,4,2051,1,3,1,0.333,0
PAY_04037,CUST_1386,4719.23,wallet,insufficient_funds,5,601,1,0,0,0.75,1
PAY_04038,CUST_0477,3106.37,card,checkout_abandoned,2,579,2,14,6,0.429,0
PAY_04039,CUST_1881,1550.31,netbanking,insufficient_funds,15,1848,1,13,11,0.846,0
PAY_04040,CUST_0556,7396.72,card,checkout_abandoned,16,529,2,14,7,0.5,1
PAY_04041,CUST_0183,1587.26,upi,insufficient_funds,11,1476,0,0,0,0.75,0
PAY_04042,CUST_0990,3966.17,netbanking,checkout_abandoned,22,1947,1,10,2,0.2,0
PAY_04043,CUST_0573,2146.46,upi,card_declined,1,2001,0,3,2,0.667,0
PAY_04044,CUST_0733,8449.85,netbanking,checkout_abandoned,23,1431,0,4,2,0.5,1
PAY_04045,CUST_1029,3287.81,netbanking,network_timeout,19,250,2,6,1,0.167,1
PAY_04046,CUST_0517,1867.71,card,insufficient_funds,1,1913,2,3,1,0.333,0
PAY_04047,CUST_0241,1560.09,wallet,card_declined,10,431,1,8,8,1.0,0
PAY_04048,CUST_1570,1778.0,wallet,insufficient_funds,13,622,1,8,6,0.75,1
PAY_04049,CUST_1621,1007.5,card,insufficient_funds,14,383,0,13,8,0.615,0
PAY_04050,CUST_1988,603.16,card,checkout_abandoned,10,114,2,12,4,0.333,0
PAY_04051,CUST_1319,2304.3,card,checkout_abandoned,7,417,0,10,6,0.6,1
PAY_04052,CUST_1083,1174.65,netbanking,checkout_abandoned,6,936,1,14,13,0.929,0
PAY_04053,CUST_0319,1172.16,wallet,network_timeout,14,31,2,6,3,0.5,1
PAY_04054,CUST_0020,1676.51,netbanking,insufficient_funds,12,530,2,1,0,0.0,0
PAY_04055,CUST_0179,1876.79,card,checkout_abandoned,9,325,2,13,11,0.846,1
PAY_04056,CUST_1497,1810.65,card,checkout_abandoned,5,1577,0,5,0,0.0,0
PAY_04057,CUST_1179,7231.33,upi,insufficient_funds,12,1477,0,6,4,0.667,1
PAY_04058,CUST_2073,3057.78,card,checkout_abandoned,5,465,2,5,1,0.2,0
PAY_04059,CUST_2283,9718.58,card,insufficient_funds,10,1870,1,13,11,0.846,0
PAY_04060,CUST_1534,1266.93,card,checkout_abandoned,22,169,2,5,2,0.4,0
PAY_04061,CUST_0521,3369.5,card,checkout_abandoned,17,343,2,10,7,0.7,1
PAY_04062,CUST_2114,1324.53,card,checkout_abandoned,17,1021,1,10,3,0.3,1
PAY_04063,CUST_2114,1148.99,netbanking,card_declined,1,1963,0,8,5,0.625,0
PAY_04064,CUST_0029,10016.37,card,network_timeout,18,609,2,8,5,0.625,1
PAY_04065,CUST_1931,973.62,card,card_declined,15,2081,0,1,1,1.0,0
PAY_04066,CUST_0559,301.92,upi,checkout_abandoned,12,550,0,13,9,0.692,1
PAY_04067,CUST_0641,1021.66,wallet,insufficient_funds,6,1367,1,5,4,0.8,0
PAY_04068,CUST_1629,361.0,netbanking,checkout_abandoned,10,680,0,3,3,1.0,1
PAY_04069,CUST_1095,840.91,upi,checkout_abandoned,8,1290,0,3,1,0.333,1
PAY_04070,CUST_0941,905.61,upi,card_declined,9,662,2,5,4,0.8,0
PAY_04071,CUST_1062,1851.53,upi,insufficient_funds,19,529,0,9,5,0.556,0
PAY_04072,CUST_0494,349.28,upi,network_timeout,3,955,1,8,3,0.375,0
PAY_04073,CUST_0568,4685.86,upi,insufficient_funds,15,714,1,12,11,0.917,0
PAY_04074,CUST_2288,401.39,upi,card_declined,23,1246,0,12,9,0.75,1
PAY_04075,CUST_2204,1625.13,upi,card_declined,4,1059,2,5,2,0.4,0
PAY_04076,CUST_1009,1388.83,card,insufficient_funds,16,1163,0,12,10,0.833,0
PAY_04077,CUST_2324,3483.6,card,network_timeout,2,321,1,10,3,0.3,0
PAY_04078,CUST_2111,2384.58,card,network_timeout,12,1286,0,12,7,0.583,0
PAY_04079,CUST_2402,4651.94,card,card_declined,7,1571,1,0,0,0.75,0
PAY_04080,CUST_2415,1348.0,upi,network_timeout,15,278,0,7,5,0.714,1
PAY_04081,CUST_1730,1241.09,upi,insufficient_funds,18,434,2,9,8,0.889,0
PAY_04082,CUST_0068,2504.33,card,insufficient_funds,23,130,1,3,3,1.0,1
PAY_04083,CUST_2077,4100.66,card,checkout_abandoned,2,489,0,9,4,0.444,1
PAY_04084,CUST_2370,3482.82,card,insufficient_funds,6,2012,0,10,9,0.9,0
PAY_04085,CUST_2497,2328.53,upi,network_timeout,16,207,1,2,2,1.0,1
PAY_04086,CUST_1801,2168.24,card,checkout_abandoned,21,482,1,14,9,0.643,0
PAY_04087,CUST_2486,1748.49,card,network_timeout,9,300,0,14,9,0.643,1
PAY_04088,CUST_1942,2498.6,card,network_timeout,2,1793,1,4,4,1.0,1
PAY_04089,CUST_0713,9168.14,upi,card_declined,2,1253,2,2,2,1.0,0
PAY_04090,CUST_0464,1482.5,card,card_declined,0,143,2,2,0,0.0,0
PAY_04091,CUST_1455,1344.73,upi,card_declined,1,510,2,0,0,0.75,0
PAY_04092,CUST_0442,1264.84,upi,checkout_abandoned,21,1460,2,0,0,0.75,0
PAY_04093,CUST_1680,2457.84,wallet,checkout_abandoned,23,1625,0,4,2,0.5,0
PAY_04094,CUST_1184,329.69,upi,card_declined,2,1303,0,9,1,0.111,0
PAY_04095,CUST_1357,1615.65,card,card_declined,23,1222,0,10,6,0.6,0
PAY_04096,CUST_0382,3641.17,card,insufficient_funds,16,999,0,8,4,0.5,1
PAY_04097,CUST_0814,1181.52,netbanking,network_timeout,13,1808,0,9,8,0.889,1
PAY_04098,CUST_1793,2089.97,card,network_timeout,11,807,0,2,2,1.0,1
PAY_04099,CUST_1700,9730.4,wallet,checkout_abandoned,6,2084,2,14,6,0.429,0
PAY_04100,CUST_2257,2346.83,upi,checkout_abandoned,9,1867,1,2,1,0.5,0
PAY_04101,CUST_2028,300.11,card,insufficient_funds,23,2006,0,5,4,0.8,0
PAY_04102,CUST_2379,582.68,card,checkout_abandoned,23,1518,1,9,7,0.778,0
PAY_04103,CUST_0557,1472.53,wallet,network_timeout,15,745,1,1,1,1.0,1
PAY_04104,CUST_0759,946.23,wallet,insufficient_funds,7,1397,0,6,4,0.667,0
PAY_04105,CUST_1284,1955.2,netbanking,checkout_abandoned,8,995,2,14,13,0.929,0
PAY_04106,CUST_1293,1422.09,card,card_declined,2,2003,2,3,2,0.667,0
PAY_04107,CUST_1223,4575.17,netbanking,checkout_abandoned,6,1959,2,9,5,0.556,0
PAY_04108,CUST_0474,751.8,card,checkout_abandoned,5,146,2,9,6,0.667,0
PAY_04109,CUST_0592,1524.68,card,checkout_abandoned,23,1627,2,1,1,1.0,0
PAY_04110,CUST_0841,2141.69,upi,network_timeout,23,1618,0,0,0,0.75,1
PAY_04111,CUST_2349,2364.8,wallet,insufficient_funds,14,1320,2,2,1,0.5,0
PAY_04112,CUST_0692,2024.31,card,checkout_abandoned,22,2090,0,0,0,0.75,0
PAY_04113,CUST_1425,261.52,upi,checkout_abandoned,13,170,1,7,4,0.571,0
PAY_04114,CUST_1291,1924.03,card,network_timeout,7,2098,2,3,0,0.0,0
PAY_04115,CUST_1002,1595.49,card,checkout_abandoned,12,10,2,8,8,1.0,1
PAY_04116,CUST_0662,3593.31,card,insufficient_funds,13,375,2,4,3,0.75,1
PAY_04117,CUST_1291,3209.65,netbanking,network_timeout,7,1395,2,5,4,0.8,0
PAY_04118,CUST_0046,2182.48,card,checkout_abandoned,14,1749,0,1,1,1.0,0
PAY_04119,CUST_2333,2312.47,upi,insufficient_funds,21,1955,1,11,11,1.0,0
PAY_04120,CUST_0664,5310.54,card,network_timeout,23,128,1,1,1,1.0,1
PAY_04121,CUST_1964,4517.79,upi,checkout_abandoned,22,1779,0,13,10,0.769,1
PAY_04122,CUST_0338,2243.53,card,checkout_abandoned,14,1495,0,2,1,0.5,0
PAY_04123,CUST_1987,10015.37,card,checkout_abandoned,14,868,1,14,11,0.786,0
PAY_04124,CUST_0099,1088.97,upi,insufficient_funds,20,1385,1,10,10,1.0,0
PAY_04125,CUST_1027,697.28,upi,checkout_abandoned,7,855,2,12,10,0.833,0
PAY_04126,CUST_1181,1784.46,wallet,card_declined,3,984,2,12,4,0.333,0
PAY_04127,CUST_2390,1334.74,card,network_timeout,0,449,2,6,3,0.5,1
PAY_04128,CUST_1604,250.45,upi,network_timeout,11,744,0,2,1,0.5,1
PAY_04129,CUST_1607,1068.1,wallet,checkout_abandoned,3,1432,1,10,3,0.3,0
PAY_04130,CUST_2263,2369.44,card,checkout_abandoned,18,517,0,9,8,0.889,1
PAY_04131,CUST_2191,1718.35,netbanking,checkout_abandoned,5,1714,2,12,2,0.167,0
PAY_04132,CUST_0516,967.17,wallet,network_timeout,1,755,1,3,3,1.0,1
PAY_04133,CUST_0991,1861.99,netbanking,insufficient_funds,9,1994,1,12,4,0.333,0
PAY_04134,CUST_0190,1986.24,upi,network_timeout,10,215,1,13,13,1.0,1
PAY_04135,CUST_1878,3189.44,upi,network_timeout,12,757,0,10,8,0.8,1
PAY_04136,CUST_1821,1077.44,upi,card_declined,22,653,2,4,4,1.0,1
PAY_04137,CUST_0111,3621.44,upi,network_timeout,12,1232,1,3,1,0.333,1
PAY_04138,CUST_1294,752.22,wallet,checkout_abandoned,18,1097,1,1,1,1.0,0
PAY_04139,CUST_2146,1203.32,card,checkout_abandoned,17,140,2,12,10,0.833,1
PAY_04140,CUST_2288,7007.5,netbanking,checkout_abandoned,3,1112,2,6,3,0.5,0
PAY_04141,CUST_0842,793.49,upi,insufficient_funds,5,1151,1,4,3,0.75,0
PAY_04142,CUST_1167,1062.66,card,network_timeout,11,1246,2,2,1,0.5,0
PAY_04143,CUST_0788,660.54,upi,card_declined,7,1154,2,7,6,0.857,0
PAY_04144,CUST_2170,928.65,netbanking,insufficient_funds,11,1570,1,2,2,1.0,1
PAY_04145,CUST_0734,2010.69,upi,network_timeout,4,1556,0,12,10,0.833,0
PAY_04146,CUST_0163,3167.75,netbanking,insufficient_funds,2,252,0,5,4,0.8,1
PAY_04147,CUST_2018,1773.36,card,card_declined,9,1377,0,6,3,0.5,0
PAY_04148,CUST_2486,1388.24,wallet,checkout_abandoned,7,1836,0,9,6,0.667,0
PAY_04149,CUST_0398,666.02,upi,insufficient_funds,13,1007,0,10,2,0.2,1
PAY_04150,CUST_1031,1006.1,netbanking,insufficient_funds,4,790,1,1,1,1.0,0
PAY_04151,CUST_1912,522.55,card,card_declined,15,1126,2,1,1,1.0,0
PAY_04152,CUST_2168,3244.74,card,network_timeout,23,413,0,4,3,0.75,1
PAY_04153,CUST_0093,3430.29,wallet,insufficient_funds,10,980,0,11,8,0.727,0
PAY_04154,CUST_0092,1742.69,card,network_timeout,12,388,0,12,5,0.417,1
PAY_04155,CUST_2317,2562.41,card,network_timeout,1,776,0,14,10,0.714,1
PAY_04156,CUST_0469,3628.33,netbanking,card_declined,3,1740,0,4,3,0.75,1
PAY_04157,CUST_0120,1951.8,upi,checkout_abandoned,0,1987,1,11,8,0.727,0
PAY_04158,CUST_1471,5488.61,netbanking,card_declined,11,1033,2,2,1,0.5,0
PAY_04159,CUST_0758,793.54,upi,network_timeout,11,2017,2,2,1,0.5,0
PAY_04160,CUST_0039,1361.86,wallet,card_declined,2,557,2,8,3,0.375,0
PAY_04161,CUST_1148,1238.12,upi,network_timeout,10,546,0,1,0,0.0,1
PAY_04162,CUST_1399,3020.97,upi,insufficient_funds,20,2011,2,0,0,0.75,0
PAY_04163,CUST_1602,571.48,netbanking,checkout_abandoned,20,1342,1,14,13,0.929,0
PAY_04164,CUST_0678,5732.58,upi,insufficient_funds,15,1266,2,12,9,0.75,0
PAY_04165,CUST_2467,2821.32,card,network_timeout,18,780,1,10,7,0.7,1
PAY_04166,CUST_1326,7301.08,card,card_declined,12,1370,2,3,1,0.333,0
PAY_04167,CUST_0190,1742.52,upi,card_declined,7,2031,1,1,1,1.0,1
PAY_04168,CUST_1872,1158.97,netbanking,insufficient_funds,17,536,1,1,1,1.0,1
PAY_04169,CUST_0983,3044.91,upi,network_timeout,20,1644,0,6,4,0.667,0
PAY_04170,CUST_1567,4105.14,netbanking,network_timeout,7,864,1,12,7,0.583,1
PAY_04171,CUST_1691,1016.38,netbanking,checkout_abandoned,9,758,0,8,6,0.75,1
PAY_04172,CUST_1863,364.11,card,checkout_abandoned,9,663,2,12,9,0.75,1
PAY_04173,CUST_0433,417.6,upi,checkout_abandoned,17,1861,2,13,9,0.692,1
PAY_04174,CUST_0868,2218.64,upi,insufficient_funds,2,531,2,11,8,0.727,1
PAY_04175,CUST_2428,6171.48,card,checkout_abandoned,17,921,1,1,0,0.0,0
PAY_04176,CUST_1792,635.79,upi,network_timeout,5,1941,2,3,2,0.667,0
PAY_04177,CUST_0093,1447.58,upi,network_timeout,11,1053,2,5,2,0.4,0
PAY_04178,CUST_1343,1362.1,netbanking,checkout_abandoned,0,278,1,7,5,0.714,1
PAY_04179,CUST_1935,8366.3,upi,checkout_abandoned,19,2108,2,11,10,0.909,0
PAY_04180,CUST_1271,10965.38,card,checkout_abandoned,2,193,2,14,14,1.0,1
PAY_04181,CUST_1870,2527.8,upi,checkout_abandoned,5,1936,0,14,13,0.929,0
PAY_04182,CUST_1566,3692.07,netbanking,card_declined,15,821,1,7,5,0.714,0
PAY_04183,CUST_2045,3610.86,upi,checkout_abandoned,8,1407,0,14,8,0.571,1
PAY_04184,CUST_1260,646.31,card,network_timeout,5,1421,1,14,7,0.5,1
PAY_04185,CUST_2407,3147.49,wallet,checkout_abandoned,13,579,1,2,2,1.0,1
PAY_04186,CUST_1116,796.21,card,checkout_abandoned,0,682,0,10,8,0.8,1
PAY_04187,CUST_1666,1569.19,card,card_declined,8,288,1,6,3,0.5,0
PAY_04188,CUST_0791,4479.79,card,card_declined,4,437,0,12,5,0.417,0
PAY_04189,CUST_1981,1920.4,upi,card_declined,13,119,1,13,4,0.308,0
PAY_04190,CUST_1505,4348.3,netbanking,network_timeout,7,118,0,2,2,1.0,0
PAY_04191,CUST_0300,5089.59,card,card_declined,16,900,0,9,8,0.889,0
PAY_04192,CUST_0741,441.42,netbanking,checkout_abandoned,3,1798,2,13,13,1.0,1
PAY_04193,CUST_1486,315.26,upi,network_timeout,1,850,2,10,8,0.8,1
PAY_04194,CUST_0002,4560.63,netbanking,checkout_abandoned,5,1590,0,12,9,0.75,0
PAY_04195,CUST_2324,4710.12,wallet,insufficient_funds,20,706,1,10,9,0.9,1
PAY_04196,CUST_0157,2210.15,netbanking,network_timeout,23,1393,2,11,6,0.545,0
PAY_04197,CUST_0263,2463.44,card,card_declined,1,1126,1,12,7,0.583,0
PAY_04198,CUST_2199,3677.47,card,checkout_abandoned,0,1583,0,14,8,0.571,1
PAY_04199,CUST_0489,3623.04,wallet,card_declined,3,1467,2,2,1,0.5,0
PAY_04200,CUST_2116,1411.2,upi,card_declined,13,1817,0,11,9,0.818,0
PAY_04201,CUST_0855,3866.95,upi,card_declined,22,1196,1,5,4,0.8,0
PAY_04202,CUST_2394,1364.25,wallet,checkout_abandoned,18,575,1,8,6,0.75,0
PAY_04203,CUST_0748,2187.21,netbanking,card_declined,5,181,1,9,5,0.556,0
PAY_04204,CUST_1118,2112.36,upi,network_timeout,23,1708,0,9,5,0.556,0
PAY_04205,CUST_2220,905.05,netbanking,checkout_abandoned,6,435,2,2,0,0.0,0
PAY_04206,CUST_0679,993.42,card,checkout_abandoned,8,223,0,12,6,0.5,1
PAY_04207,CUST_0690,10751.81,netbanking,card_declined,19,920,2,10,4,0.4,0
PAY_04208,CUST_2497,881.86,wallet,card_declined,7,2016,0,11,9,0.818,1
PAY_04209,CUST_0377,2419.97,card,insufficient_funds,17,694,0,9,6,0.667,0
PAY_04210,CUST_1521,2862.3,card,card_declined,10,1220,1,8,6,0.75,0
PAY_04211,CUST_0947,1723.6,netbanking,checkout_abandoned,20,1005,1,4,2,0.5,1
PAY_04212,CUST_2271,3080.15,upi,insufficient_funds,15,1649,0,8,6,0.75,0
PAY_04213,CUST_1334,2341.93,card,insufficient_funds,22,1763,0,4,3,0.75,0
PAY_04214,CUST_0894,897.26,card,card_declined,10,1052,1,13,9,0.692,0
PAY_04215,CUST_0855,2765.55,card,network_timeout,8,938,0,0,0,0.75,1
PAY_04216,CUST_1932,1164.19,card,card_declined,7,865,0,0,0,0.75,1
PAY_04217,CUST_0259,7245.08,netbanking,checkout_abandoned,13,1526,1,10,8,0.8,0
PAY_04218,CUST_1950,2537.27,upi,card_declined,21,1525,0,10,9,0.9,0
PAY_04219,CUST_0237,1028.05,upi,checkout_abandoned,3,562,0,8,5,0.625,1
PAY_04220,CUST_1646,2366.99,card,checkout_abandoned,9,712,0,8,3,0.375,0
PAY_04221,CUST_0924,858.91,card,card_declined,5,1550,2,0,0,0.75,0
PAY_04222,CUST_0607,2212.25,card,card_declined,4,1296,0,12,5,0.417,0
PAY_04223,CUST_0652,1502.65,netbanking,insufficient_funds,16,1581,0,12,4,0.333,0
PAY_04224,CUST_2080,928.94,wallet,card_declined,23,3,2,3,3,1.0,0
PAY_04225,CUST_2190,919.65,card,card_declined,23,1911,1,0,0,0.75,0
PAY_04226,CUST_1174,12625.7,wallet,checkout_abandoned,13,1810,1,7,4,0.571,0
PAY_04227,CUST_0019,1936.54,card,network_timeout,0,1926,1,3,1,0.333,0
PAY_04228,CUST_1886,1274.3,card,card_declined,20,361,1,1,1,1.0,1
PAY_04229,CUST_0294,1109.44,netbanking,network_timeout,16,1217,1,1,1,1.0,0
PAY_04230,CUST_1356,2624.05,card,insufficient_funds,7,1325,2,9,7,0.778,0
PAY_04231,CUST_2199,1080.03,wallet,checkout_abandoned,21,625,0,5,1,0.2,0
PAY_04232,CUST_0267,749.83,card,card_declined,5,1847,0,11,10,0.909,0
PAY_04233,CUST_0848,1753.92,netbanking,checkout_abandoned,14,129,1,4,4,1.0,1
PAY_04234,CUST_1094,1743.35,card,checkout_abandoned,4,1470,2,9,7,0.778,1
PAY_04235,CUST_0423,1289.38,card,card_declined,12,1234,2,4,3,0.75,0
PAY_04236,CUST_0948,882.28,card,card_declined,18,1023,2,8,1,0.125,0
PAY_04237,CUST_0915,1316.54,wallet,insufficient_funds,17,1665,0,10,9,0.9,0
PAY_04238,CUST_2317,1236.24,upi,checkout_abandoned,23,1090,2,5,3,0.6,0
PAY_04239,CUST_0159,1106.38,upi,network_timeout,18,146,0,13,8,0.615,1
PAY_04240,CUST_2093,2245.63,card,checkout_abandoned,22,949,2,9,9,1.0,0
PAY_04241,CUST_2100,10684.23,card,checkout_abandoned,21,2016,0,3,2,0.667,0
PAY_04242,CUST_0793,5223.66,card,checkout_abandoned,16,75,0,13,12,0.923,1
PAY_04243,CUST_2061,8510.68,netbanking,network_timeout,8,130,1,7,7,1.0,1
PAY_04244,CUST_1526,1142.97,card,network_timeout,17,1672,1,10,10,1.0,0
PAY_04245,CUST_2369,6872.56,card,checkout_abandoned,0,235,1,5,5,1.0,0
PAY_04246,CUST_1104,2158.92,upi,insufficient_funds,6,2065,1,0,0,0.75,0
PAY_04247,CUST_0672,3962.51,upi,checkout_abandoned,11,1170,2,8,3,0.375,1
PAY_04248,CUST_1641,2595.94,card,card_declined,9,1556,1,7,7,1.0,0
PAY_04249,CUST_1089,1367.76,card,card_declined,6,1511,2,10,8,0.8,1
PAY_04250,CUST_1085,3200.75,card,checkout_abandoned,1,1941,0,11,6,0.545,0
PAY_04251,CUST_0490,2653.11,upi,insufficient_funds,21,2157,1,10,9,0.9,1
PAY_04252,CUST_1019,437.46,card,card_declined,13,1882,0,7,2,0.286,0
PAY_04253,CUST_1210,1629.85,upi,card_declined,10,1463,0,0,0,0.75,1
PAY_04254,CUST_1944,3617.24,card,network_timeout,23,768,2,8,8,1.0,0
PAY_04255,CUST_2174,2247.29,wallet,checkout_abandoned,18,697,0,14,9,0.643,0
PAY_04256,CUST_2375,2620.5,wallet,card_declined,15,784,1,13,9,0.692,0
PAY_04257,CUST_0586,986.74,card,card_declined,9,2095,1,1,1,1.0,0
PAY_04258,CUST_0114,2209.48,upi,network_timeout,10,993,0,13,4,0.308,1
PAY_04259,CUST_0805,1666.48,card,checkout_abandoned,10,90,0,2,1,0.5,1
PAY_04260,CUST_0054,1529.63,netbanking,insufficient_funds,7,198,0,1,0,0.0,0
PAY_04261,CUST_2350,1045.38,upi,checkout_abandoned,22,1202,2,0,0,0.75,0
PAY_04262,CUST_1306,3742.21,upi,checkout_abandoned,11,97,1,7,4,0.571,0
PAY_04263,CUST_1701,2373.02,card,insufficient_funds,11,1473,1,2,1,0.5,0
PAY_04264,CUST_1807,2188.96,card,checkout_abandoned,8,6,0,9,9,1.0,0
PAY_04265,CUST_0363,9285.13,upi,checkout_abandoned,9,1441,1,7,7,1.0,0
PAY_04266,CUST_2291,2629.58,upi,network_timeout,22,1142,0,12,11,0.917,1
PAY_04267,CUST_2312,4702.92,netbanking,insufficient_funds,18,1443,0,3,2,0.667,0
PAY_04268,CUST_0729,2239.23,netbanking,checkout_abandoned,17,1163,2,3,3,1.0,1
PAY_04269,CUST_1458,1356.97,upi,checkout_abandoned,15,858,1,7,7,1.0,0
PAY_04270,CUST_1193,771.42,upi,checkout_abandoned,6,168,0,2,1,0.5,1
PAY_04271,CUST_0632,2183.43,wallet,checkout_abandoned,3,1287,1,6,3,0.5,0
PAY_04272,CUST_2068,213.74,netbanking,network_timeout,10,384,0,8,7,0.875,1
PAY_04273,CUST_1946,2238.4,netbanking,checkout_abandoned,15,1914,0,9,9,1.0,1
PAY_04274,CUST_0854,2316.61,wallet,checkout_abandoned,0,1601,2,7,7,1.0,0
PAY_04275,CUST_2180,1512.45,card,card_declined,0,2046,1,1,1,1.0,0
PAY_04276,CUST_0165,1671.79,upi,card_declined,0,1149,0,3,2,0.667,0
PAY_04277,CUST_0697,661.56,upi,insufficient_funds,0,1991,2,1,0,0.0,0
PAY_04278,CUST_2119,5453.57,card,checkout_abandoned,10,1682,0,14,9,0.643,1
PAY_04279,CUST_1328,1374.36,upi,insufficient_funds,12,1796,1,8,6,0.75,0
PAY_04280,CUST_0667,827.05,card,checkout_abandoned,10,433,1,4,3,0.75,1
PAY_04281,CUST_1655,2782.96,upi,card_declined,2,1683,0,4,2,0.5,0
PAY_04282,CUST_2471,1966.77,card,insufficient_funds,0,1235,2,0,0,0.75,0
PAY_04283,CUST_0818,1351.37,upi,network_timeout,14,1698,1,7,6,0.857,0
PAY_04284,CUST_0633,1241.8,upi,card_declined,8,518,1,0,0,0.75,1
PAY_04285,CUST_0339,1791.9,upi,checkout_abandoned,2,553,2,10,9,0.9,1
PAY_04286,CUST_1569,5282.71,card,card_declined,6,2074,2,3,3,1.0,0
PAY_04287,CUST_1141,2620.65,upi,checkout_abandoned,6,882,1,1,1,1.0,0
PAY_04288,CUST_2324,1751.13,card,card_declined,6,1996,2,1,0,0.0,0
PAY_04289,CUST_0372,3559.9,card,checkout_abandoned,3,481,0,0,0,0.75,1
PAY_04290,CUST_0655,1840.09,card,network_timeout,8,704,1,5,4,0.8,0
PAY_04291,CUST_2066,2481.91,netbanking,card_declined,3,895,0,0,0,0.75,1
PAY_04292,CUST_1066,2031.33,card,card_declined,14,335,1,1,1,1.0,0
PAY_04293,CUST_1157,2885.25,upi,card_declined,9,908,1,3,1,0.333,0
PAY_04294,CUST_1075,1261.71,netbanking,network_timeout,17,319,2,8,4,0.5,1
PAY_04295,CUST_1764,723.48,card,checkout_abandoned,18,314,1,3,3,1.0,1
PAY_04296,CUST_1330,3718.29,netbanking,insufficient_funds,9,381,0,6,5,0.833,0
PAY_04297,CUST_0254,5999.82,card,insufficient_funds,21,772,2,6,4,0.667,0
PAY_04298,CUST_0924,751.47,card,network_timeout,23,1364,1,8,6,0.75,0
PAY_04299,CUST_1631,2077.61,card,network_timeout,10,818,0,0,0,0.75,0
PAY_04300,CUST_1334,1256.95,upi,checkout_abandoned,13,388,0,14,8,0.571,1
PAY_04301,CUST_1535,3649.13,wallet,network_timeout,10,2060,0,1,1,1.0,0
PAY_04302,CUST_1571,2192.63,upi,checkout_abandoned,16,398,0,14,13,0.929,1
PAY_04303,CUST_0329,25784.27,upi,checkout_abandoned,2,1375,0,4,2,0.5,0
PAY_04304,CUST_0759,1414.31,card,insufficient_funds,10,870,2,6,3,0.5,0
PAY_04305,CUST_0198,6157.19,wallet,card_declined,11,121,2,1,1,1.0,0
PAY_04306,CUST_1558,6655.82,upi,card_declined,22,1714,0,5,3,0.6,1
PAY_04307,CUST_0813,2758.44,card,network_timeout,20,227,1,13,11,0.846,1
PAY_04308,CUST_0519,1854.2,wallet,insufficient_funds,12,289,0,10,9,0.9,1
PAY_04309,CUST_1761,1941.88,card,checkout_abandoned,13,102,1,9,9,1.0,0
PAY_04310,CUST_0652,1814.76,card,network_timeout,17,339,0,5,1,0.2,1
PAY_04311,CUST_0418,4456.78,card,network_timeout,1,679,0,13,11,0.846,0
PAY_04312,CUST_0196,895.55,card,checkout_abandoned,12,163,1,11,9,0.818,1
PAY_04313,CUST_0781,1582.49,netbanking,insufficient_funds,11,391,1,3,1,0.333,0
PAY_04314,CUST_2151,1436.25,upi,checkout_abandoned,20,138,2,9,5,0.556,0
PAY_04315,CUST_0660,452.41,wallet,card_declined,17,478,2,5,5,1.0,0
PAY_04316,CUST_1072,3578.41,card,network_timeout,18,355,1,2,2,1.0,0
PAY_04317,CUST_1247,4212.78,upi,checkout_abandoned,1,611,2,9,5,0.556,0
PAY_04318,CUST_0730,1083.73,upi,checkout_abandoned,19,1719,2,6,1,0.167,0
PAY_04319,CUST_1850,4103.71,upi,checkout_abandoned,16,256,1,1,1,1.0,0
PAY_04320,CUST_1678,507.05,upi,insufficient_funds,1,2128,1,12,8,0.667,0
PAY_04321,CUST_0056,1834.83,upi,checkout_abandoned,15,1104,1,9,7,0.778,1
PAY_04322,CUST_0908,1627.07,upi,network_timeout,13,443,2,8,5,0.625,1
PAY_04323,CUST_2008,1930.9,netbanking,network_timeout,3,350,2,14,13,0.929,0
PAY_04324,CUST_1239,1922.88,card,card_declined,12,394,2,10,4,0.4,0
PAY_04325,CUST_0275,1692.41,upi,card_declined,19,1654,2,14,12,0.857,1
PAY_04326,CUST_0918,1319.92,upi,network_timeout,9,358,0,10,9,0.9,1
PAY_04327,CUST_0943,1650.08,card,card_declined,6,1192,0,2,2,1.0,1
PAY_04328,CUST_0679,5356.78,card,checkout_abandoned,6,95,2,7,6,0.857,1
PAY_04329,CUST_0604,1132.93,wallet,checkout_abandoned,17,957,1,7,4,0.571,0
PAY_04330,CUST_2425,10935.98,card,checkout_abandoned,19,1816,0,4,2,0.5,0
PAY_04331,CUST_1875,1082.91,card,card_declined,18,1732,0,4,2,0.5,0
PAY_04332,CUST_0024,2181.11,upi,checkout_abandoned,6,1102,1,8,6,0.75,0
PAY_04333,CUST_2208,2842.69,card,card_declined,10,560,1,6,2,0.333,0
PAY_04334,CUST_0809,1425.3,card,network_timeout,13,713,0,1,1,1.0,1
PAY_04335,CUST_0628,5439.45,card,checkout_abandoned,16,708,0,8,2,0.25,1
PAY_04336,CUST_1663,2784.19,card,card_declined,11,453,1,8,5,0.625,0
PAY_04337,CUST_2351,1527.85,card,card_declined,15,1431,0,12,10,0.833,0
PAY_04338,CUST_1155,5391.36,netbanking,card_declined,12,377,2,1,1,1.0,0
PAY_04339,CUST_2318,798.83,card,network_timeout,1,2084,0,6,5,0.833,1
PAY_04340,CUST_1241,1144.99,card,checkout_abandoned,22,238,2,13,6,0.462,1
PAY_04341,CUST_1251,2823.12,upi,card_declined,6,1348,0,3,0,0.0,0
PAY_04342,CUST_1456,3417.67,card,card_declined,21,1439,1,11,11,1.0,0
PAY_04343,CUST_2367,2330.04,card,network_timeout,11,1417,0,5,3,0.6,1
PAY_04344,CUST_1906,1625.85,card,card_declined,14,1424,2,2,2,1.0,1
PAY_04345,CUST_1638,1472.01,card,checkout_abandoned,21,971,2,10,7,0.7,1
PAY_04346,CUST_0257,4450.01,card,checkout_abandoned,4,276,1,11,11,1.0,0
PAY_04347,CUST_0517,2181.7,card,checkout_abandoned,2,1337,0,13,9,0.692,0
PAY_04348,CUST_0151,895.83,netbanking,checkout_abandoned,4,457,0,10,5,0.5,1
PAY_04349,CUST_1009,855.44,wallet,network_timeout,19,440,2,4,3,0.75,1
PAY_04350,CUST_0835,6040.92,netbanking,checkout_abandoned,2,1767,2,10,4,0.4,1
PAY_04351,CUST_0069,1012.86,card,card_declined,15,301,0,0,0,0.75,0
PAY_04352,CUST_1143,2238.87,netbanking,card_declined,11,1155,0,5,4,0.8,0
PAY_04353,CUST_0553,5304.27,upi,checkout_abandoned,2,788,1,3,0,0.0,0
PAY_04354,CUST_2045,2777.28,card,card_declined,4,384,2,7,6,0.857,0
PAY_04355,CUST_1081,981.84,wallet,checkout_abandoned,19,2060,2,10,7,0.7,0
PAY_04356,CUST_0030,798.7,netbanking,checkout_abandoned,10,1407,0,8,6,0.75,1
PAY_04357,CUST_1805,8034.12,card,checkout_abandoned,14,1041,2,2,2,1.0,0
PAY_04358,CUST_1578,782.59,wallet,insufficient_funds,8,1818,0,5,5,1.0,1
PAY_04359,CUST_1847,1156.24,card,network_timeout,12,742,0,1,1,1.0,1
PAY_04360,CUST_0841,2424.9,upi,checkout_abandoned,0,710,1,8,6,0.75,1
PAY_04361,CUST_2360,1510.87,card,card_declined,23,74,2,11,10,0.909,0
PAY_04362,CUST_1123,2848.61,card,network_timeout,18,1645,0,3,2,0.667,1
PAY_04363,CUST_1534,556.31,wallet,checkout_abandoned,14,2088,1,7,6,0.857,0
PAY_04364,CUST_1422,1521.15,upi,checkout_abandoned,22,1815,0,13,9,0.692,0
PAY_04365,CUST_1438,3095.46,card,checkout_abandoned,23,41,0,1,1,1.0,1
PAY_04366,CUST_0546,3103.86,netbanking,card_declined,9,751,0,14,13,0.929,1
PAY_04367,CUST_1166,1138.63,netbanking,network_timeout,23,2071,1,4,2,0.5,1
PAY_04368,CUST_0515,794.87,wallet,network_timeout,7,1996,0,4,2,0.5,1
PAY_04369,CUST_0587,2135.62,wallet,card_declined,20,455,1,10,6,0.6,0
PAY_04370,CUST_1925,629.91,wallet,insufficient_funds,1,870,2,5,4,0.8,0
PAY_04371,CUST_1963,5028.91,upi,insufficient_funds,8,1194,1,6,4,0.667,0
PAY_04372,CUST_2080,2041.56,card,card_declined,0,231,1,3,2,0.667,0
PAY_04373,CUST_1497,1030.8,wallet,network_timeout,19,844,0,2,1,0.5,0
PAY_04374,CUST_0655,774.29,card,card_declined,15,1635,0,12,7,0.583,0
PAY_04375,CUST_0278,1084.74,card,network_timeout,1,1622,0,1,1,1.0,1
PAY_04376,CUST_1574,515.94,card,card_declined,12,376,0,2,2,1.0,1
PAY_04377,CUST_2198,2674.09,card,checkout_abandoned,5,1128,1,12,10,0.833,1
PAY_04378,CUST_1291,946.97,upi,card_declined,18,446,0,11,6,0.545,0
PAY_04379,CUST_0698,2478.18,wallet,checkout_abandoned,4,1607,1,3,0,0.0,0
PAY_04380,CUST_1491,2767.16,upi,card_declined,13,1416,1,12,6,0.5,0
PAY_04381,CUST_0415,3898.47,upi,network_timeout,16,1491,0,10,8,0.8,0
PAY_04382,CUST_2160,2201.78,card,insufficient_funds,4,1095,1,4,3,0.75,0
PAY_04383,CUST_0964,4428.12,upi,card_declined,1,801,1,1,0,0.0,0
PAY_04384,CUST_1495,5455.78,card,network_timeout,20,172,0,11,10,0.909,1
PAY_04385,CUST_1692,2213.02,card,checkout_abandoned,2,1623,0,10,6,0.6,0
PAY_04386,CUST_2148,2322.42,upi,checkout_abandoned,21,1729,2,6,3,0.5,0
PAY_04387,CUST_0848,1152.35,upi,insufficient_funds,5,918,0,4,4,1.0,1
PAY_04388,CUST_1181,816.84,card,card_declined,18,44,0,5,4,0.8,1
PAY_04389,CUST_0931,5020.08,card,checkout_abandoned,14,1197,1,4,1,0.25,0
PAY_04390,CUST_0159,2922.33,card,network_timeout,22,413,1,13,6,0.462,0
PAY_04391,CUST_0771,3118.18,upi,card_declined,10,2002,2,3,2,0.667,0
PAY_04392,CUST_0398,1122.12,card,checkout_abandoned,21,1352,2,6,5,0.833,0
PAY_04393,CUST_1868,6599.04,card,network_timeout,11,2130,1,9,7,0.778,1
PAY_04394,CUST_1615,1499.15,netbanking,checkout_abandoned,11,1662,0,0,0,0.75,0
PAY_04395,CUST_0273,947.73,upi,insufficient_funds,20,1901,2,7,1,0.143,0
PAY_04396,CUST_0949,1137.52,card,insufficient_funds,20,984,0,9,3,0.333,0
PAY_04397,CUST_0055,6326.45,upi,card_declined,0,2039,0,7,7,1.0,0
PAY_04398,CUST_1178,740.04,card,checkout_abandoned,17,977,1,9,2,0.222,1
PAY_04399,CUST_0599,986.97,card,card_declined,21,848,1,7,4,0.571,0
PAY_04400,CUST_1856,18294.38,upi,checkout_abandoned,11,2030,1,9,2,0.222,1
PAY_04401,CUST_2340,3821.4,card,checkout_abandoned,14,771,0,14,10,0.714,1
PAY_04402,CUST_1562,1001.34,card,checkout_abandoned,9,654,2,5,5,1.0,0
PAY_04403,CUST_0344,757.77,netbanking,card_declined,21,1123,0,5,1,0.2,1
PAY_04404,CUST_1835,472.19,upi,insufficient_funds,16,1184,1,10,7,0.7,0
PAY_04405,CUST_1289,1945.42,wallet,network_timeout,19,1171,1,1,0,0.0,0
PAY_04406,CUST_0093,3222.65,netbanking,network_timeout,1,1392,2,4,2,0.5,0
PAY_04407,CUST_0199,6066.76,card,checkout_abandoned,3,991,1,2,1,0.5,0
PAY_04408,CUST_2324,395.58,upi,insufficient_funds,16,2003,1,6,6,1.0,0
PAY_04409,CUST_1869,623.43,card,checkout_abandoned,2,1933,0,1,0,0.0,0
PAY_04410,CUST_0912,1635.82,upi,card_declined,10,1651,2,3,3,1.0,0
PAY_04411,CUST_0011,16742.04,card,insufficient_funds,21,773,1,6,6,1.0,0
PAY_04412,CUST_1778,3656.51,card,card_declined,9,256,0,9,4,0.444,0
PAY_04413,CUST_1142,2425.47,card,checkout_abandoned,1,7,1,6,5,0.833,1
PAY_04414,CUST_1039,675.6,netbanking,card_declined,11,1653,2,12,12,1.0,0
PAY_04415,CUST_0065,330.15,card,insufficient_funds,3,342,2,11,8,0.727,0
PAY_04416,CUST_0526,1856.82,upi,checkout_abandoned,22,1343,0,1,0,0.0,1
PAY_04417,CUST_0610,1662.45,netbanking,network_timeout,17,954,2,10,3,0.3,0
PAY_04418,CUST_1375,1452.87,upi,card_declined,23,1673,0,0,0,0.75,1
PAY_04419,CUST_1555,1327.69,card,card_declined,10,1845,2,2,1,0.5,0
PAY_04420,CUST_0217,989.16,card,network_timeout,23,212,1,11,11,1.0,1
PAY_04421,CUST_2376,823.39,wallet,insufficient_funds,18,1043,0,8,8,1.0,1
PAY_04422,CUST_0120,5470.63,upi,card_declined,15,1988,2,4,3,0.75,0
PAY_04423,CUST_1683,885.65,card,network_timeout,8,825,0,2,1,0.5,1
PAY_04424,CUST_0697,1443.21,wallet,card_declined,19,1714,1,4,3,0.75,0
PAY_04425,CUST_2476,1744.6,card,network_timeout,23,1601,2,11,8,0.727,0
PAY_04426,CUST_1070,3167.08,card,insufficient_funds,3,1831,0,8,7,0.875,1
PAY_04427,CUST_1490,910.58,card,card_declined,18,158,0,1,1,1.0,1
PAY_04428,CUST_0614,3936.3,card,card_declined,12,1902,2,7,7,1.0,0
PAY_04429,CUST_0837,1132.08,card,card_declined,9,32,1,3,1,0.333,0
PAY_04430,CUST_2476,1581.33,upi,card_declined,7,208,2,1,0,0.0,0
PAY_04431,CUST_2109,6701.06,card,insufficient_funds,5,390,0,1,1,1.0,1
PAY_04432,CUST_0071,828.95,upi,checkout_abandoned,4,1724,1,11,9,0.818,0
PAY_04433,CUST_1694,3204.35,netbanking,checkout_abandoned,5,319,0,2,1,0.5,1
PAY_04434,CUST_2171,4020.78,netbanking,insufficient_funds,16,1512,1,2,2,1.0,0
PAY_04435,CUST_1617,2306.44,card,network_timeout,7,630,0,12,12,1.0,1
PAY_04436,CUST_1060,1638.47,netbanking,network_timeout,0,1470,1,12,11,0.917,0
PAY_04437,CUST_1055,9858.66,card,checkout_abandoned,4,1504,1,7,5,0.714,0
PAY_04438,CUST_1889,1780.17,upi,card_declined,20,826,2,11,11,1.0,1
PAY_04439,CUST_2284,2119.22,card,insufficient_funds,9,2080,1,0,0,0.75,0
PAY_04440,CUST_2273,1375.15,upi,insufficient_funds,23,570,0,2,1,0.5,0
PAY_04441,CUST_1438,2031.25,card,card_declined,7,175,1,5,5,1.0,1
PAY_04442,CUST_1470,3892.61,upi,insufficient_funds,7,1315,2,11,9,0.818,1
PAY_04443,CUST_1816,1444.18,card,checkout_abandoned,11,119,1,1,1,1.0,1
PAY_04444,CUST_1246,333.19,card,checkout_abandoned,3,618,1,9,6,0.667,0
PAY_04445,CUST_0123,2714.6,upi,card_declined,3,1108,1,1,1,1.0,0
PAY_04446,CUST_1576,759.66,card,network_timeout,18,1981,2,14,7,0.5,1
PAY_04447,CUST_2014,3258.57,upi,insufficient_funds,6,1525,1,3,3,1.0,0
PAY_04448,CUST_2433,1798.09,upi,network_timeout,19,1314,1,10,6,0.6,1
PAY_04449,CUST_0721,3827.74,upi,network_timeout,6,1147,2,9,7,0.778,1
PAY_04450,CUST_0203,842.92,upi,card_declined,18,775,0,5,2,0.4,0
PAY_04451,CUST_1475,1173.05,netbanking,checkout_abandoned,5,1788,2,11,4,0.364,0
PAY_04452,CUST_1415,1371.3,wallet,checkout_abandoned,16,46,2,9,9,1.0,0
PAY_04453,CUST_1766,549.89,card,checkout_abandoned,5,344,1,6,4,0.667,0
PAY_04454,CUST_1207,4379.45,upi,checkout_abandoned,18,346,2,9,5,0.556,1
PAY_04455,CUST_1685,490.39,upi,network_timeout,6,1344,0,4,3,0.75,0
PAY_04456,CUST_2049,4330.3,card,insufficient_funds,20,628,2,11,1,0.091,0
PAY_04457,CUST_0570,2527.69,card,card_declined,12,143,0,10,6,0.6,1
PAY_04458,CUST_0264,1535.25,card,network_timeout,0,350,0,7,6,0.857,1
PAY_04459,CUST_1964,2372.35,upi,card_declined,17,1425,0,9,7,0.778,0
PAY_04460,CUST_1603,2320.94,card,checkout_abandoned,23,1178,1,12,12,1.0,0
PAY_04461,CUST_0385,1306.62,upi,insufficient_funds,5,1160,1,9,8,0.889,0
PAY_04462,CUST_0752,2284.86,upi,insufficient_funds,18,1558,2,4,4,1.0,0
PAY_04463,CUST_1385,3230.81,upi,insufficient_funds,6,1121,1,4,4,1.0,1
PAY_04464,CUST_1903,845.39,card,checkout_abandoned,13,1909,1,14,5,0.357,0
PAY_04465,CUST_1340,2374.39,netbanking,card_declined,4,1230,0,12,9,0.75,0
PAY_04466,CUST_0166,220.19,upi,card_declined,9,1393,0,4,2,0.5,0
PAY_04467,CUST_1937,384.47,card,card_declined,17,687,1,10,9,0.9,1
PAY_04468,CUST_2099,2827.54,card,checkout_abandoned,23,1249,0,0,0,0.75,1
PAY_04469,CUST_0105,1288.56,card,checkout_abandoned,6,394,0,10,5,0.5,1
PAY_04470,CUST_0002,909.41,wallet,card_declined,2,518,0,3,2,0.667,1
PAY_04471,CUST_0327,1725.24,card,checkout_abandoned,16,2072,0,4,3,0.75,0
PAY_04472,CUST_2212,1311.31,card,insufficient_funds,18,1887,0,13,11,0.846,0
PAY_04473,CUST_2334,816.2,card,network_timeout,8,878,0,2,1,0.5,1
PAY_04474,CUST_1207,485.07,card,card_declined,3,683,0,11,5,0.455,1
PAY_04475,CUST_1061,372.79,card,network_timeout,5,1334,0,6,4,0.667,1
PAY_04476,CUST_2313,3250.54,netbanking,checkout_abandoned,13,1518,2,6,3,0.5,0
PAY_04477,CUST_0617,1283.75,upi,network_timeout,3,71,1,6,0,0.0,0
PAY_04478,CUST_0023,3909.57,netbanking,card_declined,11,1614,2,13,10,0.769,0
PAY_04479,CUST_2122,1273.37,card,checkout_abandoned,7,80,2,7,5,0.714,0
PAY_04480,CUST_2304,2391.12,upi,checkout_abandoned,2,97,0,3,3,1.0,1
PAY_04481,CUST_2025,1628.18,netbanking,network_timeout,1,1022,1,0,0,0.75,0
PAY_04482,CUST_1359,1865.15,upi,network_timeout,4,1406,1,3,2,0.667,0
PAY_04483,CUST_2493,1939.08,netbanking,checkout_abandoned,17,743,2,2,2,1.0,0
PAY_04484,CUST_0166,1260.14,card,card_declined,8,2011,1,1,0,0.0,0
PAY_04485,CUST_2204,673.07,upi,checkout_abandoned,7,891,0,14,7,0.5,0
PAY_04486,CUST_2464,3322.42,upi,insufficient_funds,7,1498,2,6,4,0.667,0
PAY_04487,CUST_1355,6440.62,card,checkout_abandoned,0,1106,0,14,7,0.5,1
PAY_04488,CUST_0703,6788.02,netbanking,card_declined,5,1030,2,7,5,0.714,0
PAY_04489,CUST_0511,1156.24,card,insufficient_funds,19,631,1,3,3,1.0,1
PAY_04490,CUST_0461,1001.25,card,network_timeout,11,870,0,2,1,0.5,1
PAY_04491,CUST_0260,1155.3,netbanking,network_timeout,17,804,1,11,5,0.455,1
PAY_04492,CUST_0169,1563.8,upi,checkout_abandoned,14,324,2,1,1,1.0,1
PAY_04493,CUST_1331,1726.02,netbanking,checkout_abandoned,0,1615,1,0,0,0.75,0
PAY_04494,CUST_1294,810.13,netbanking,card_declined,17,486,0,5,2,0.4,0
PAY_04495,CUST_0271,551.01,card,insufficient_funds,11,6,1,4,2,0.5,1
PAY_04496,CUST_1690,1873.37,upi,insufficient_funds,7,1920,2,3,2,0.667,0
PAY_04497,CUST_1331,106.83,wallet,network_timeout,1,1509,0,7,5,0.714,1
PAY_04498,CUST_0751,1660.74,card,network_timeout,15,843,2,8,8,1.0,0
PAY_04499,CUST_2245,845.34,upi,checkout_abandoned,13,1598,2,6,1,0.167,0
PAY_04500,CUST_1738,3359.9,wallet,checkout_abandoned,14,351,2,7,3,0.429,1
PAY_04501,CUST_0949,4161.58,card,card_declined,14,778,2,10,8,0.8,1
PAY_04502,CUST_2113,4240.93,wallet,network_timeout,16,861,0,2,2,1.0,1
PAY_04503,CUST_2447,1364.28,upi,network_timeout,18,1015,2,5,1,0.2,0
PAY_04504,CUST_1136,725.91,netbanking,network_timeout,22,946,0,0,0,0.75,1
PAY_04505,CUST_1545,938.11,upi,card_declined,23,919,0,14,10,0.714,0
PAY_04506,CUST_2412,2265.68,upi,insufficient_funds,21,733,0,9,3,0.333,1
PAY_04507,CUST_1137,482.44,netbanking,insufficient_funds,23,864,0,12,4,0.333,0
PAY_04508,CUST_0267,5488.34,card,card_declined,20,37,0,11,8,0.727,1
PAY_04509,CUST_1031,1381.66,upi,checkout_abandoned,9,30,2,0,0,0.75,0
PAY_04510,CUST_1823,2685.66,wallet,insufficient_funds,17,793,0,7,4,0.571,0
PAY_04511,CUST_2449,432.85,wallet,network_timeout,13,1457,1,13,12,0.923,1
PAY_04512,CUST_1842,858.13,wallet,network_timeout,6,1937,0,8,7,0.875,0
PAY_04513,CUST_2404,391.9,upi,checkout_abandoned,0,1953,2,8,7,0.875,1
PAY_04514,CUST_1394,4074.46,upi,card_declined,3,594,1,14,6,0.429,0
PAY_04515,CUST_1847,1583.48,upi,card_declined,23,1179,1,11,9,0.818,0
PAY_04516,CUST_0349,2842.92,upi,insufficient_funds,16,783,0,11,5,0.455,0
PAY_04517,CUST_2123,1893.67,upi,insufficient_funds,20,138,2,11,10,0.909,0
PAY_04518,CUST_1360,2618.41,card,insufficient_funds,14,1546,1,5,0,0.0,0
PAY_04519,CUST_0070,1374.15,card,checkout_abandoned,3,98,0,14,11,0.786,0
PAY_04520,CUST_0414,1529.51,upi,card_declined,13,337,2,12,4,0.333,0
PAY_04521,CUST_1832,1672.64,card,card_declined,22,1862,2,0,0,0.75,0
PAY_04522,CUST_0213,2490.02,card,insufficient_funds,16,1817,0,8,7,0.875,1
PAY_04523,CUST_1593,2543.35,card,checkout_abandoned,7,1282,0,3,2,0.667,0
PAY_04524,CUST_1353,17063.41,netbanking,checkout_abandoned,15,1178,1,7,0,0.0,0
PAY_04525,CUST_1154,6910.68,wallet,checkout_abandoned,15,1593,0,12,8,0.667,0
PAY_04526,CUST_1519,433.78,upi,network_timeout,5,1152,2,10,6,0.6,0
PAY_04527,CUST_1678,1605.29,wallet,checkout_abandoned,11,1600,1,11,10,0.909,1
PAY_04528,CUST_2008,1300.92,netbanking,checkout_abandoned,21,276,1,6,2,0.333,1
PAY_04529,CUST_1346,5012.28,card,card_declined,13,2119,0,1,0,0.0,0
PAY_04530,CUST_0512,1398.2,card,network_timeout,21,146,1,13,5,0.385,1
PAY_04531,CUST_2202,2609.65,card,checkout_abandoned,16,1590,0,1,0,0.0,0
PAY_04532,CUST_2331,277.52,card,insufficient_funds,3,1832,2,2,2,1.0,0
PAY_04533,CUST_0479,536.28,upi,checkout_abandoned,13,66,1,10,5,0.5,1
PAY_04534,CUST_1428,9598.64,card,network_timeout,14,478,1,6,3,0.5,1
PAY_04535,CUST_1196,1873.83,wallet,network_timeout,15,598,2,7,3,0.429,1
PAY_04536,CUST_1613,809.79,upi,card_declined,21,942,1,0,0,0.75,0
PAY_04537,CUST_0152,2186.02,card,checkout_abandoned,8,364,1,2,1,0.5,0
PAY_04538,CUST_0418,775.18,wallet,checkout_abandoned,16,1096,2,10,8,0.8,0
PAY_04539,CUST_0404,1434.89,wallet,card_declined,20,2067,2,8,5,0.625,0
PAY_04540,CUST_2002,563.09,netbanking,insufficient_funds,12,52,2,4,3,0.75,0
PAY_04541,CUST_1545,957.73,netbanking,card_declined,0,1910,1,6,6,1.0,1
PAY_04542,CUST_1644,1290.1,wallet,card_declined,21,1520,1,6,2,0.333,0
PAY_04543,CUST_0788,4412.08,upi,checkout_abandoned,5,950,0,13,8,0.615,1
PAY_04544,CUST_0463,2609.15,netbanking,network_timeout,18,1172,1,13,6,0.462,0
PAY_04545,CUST_0245,2999.98,card,insufficient_funds,17,334,2,7,5,0.714,1
PAY_04546,CUST_1254,1763.26,upi,insufficient_funds,15,1963,2,2,2,1.0,0
PAY_04547,CUST_1892,3476.64,upi,checkout_abandoned,18,101,0,8,7,0.875,1
PAY_04548,CUST_0966,894.91,card,insufficient_funds,10,283,1,0,0,0.75,0
PAY_04549,CUST_2434,1001.62,card,checkout_abandoned,2,1526,2,9,9,1.0,0
PAY_04550,CUST_2496,2493.93,card,insufficient_funds,18,364,2,8,7,0.875,0
PAY_04551,CUST_0170,1439.75,card,card_declined,13,172,2,13,9,0.692,0
PAY_04552,CUST_2461,1780.17,card,checkout_abandoned,20,559,0,6,6,1.0,0
PAY_04553,CUST_1921,1578.51,card,card_declined,7,1229,1,8,2,0.25,0
PAY_04554,CUST_1478,4906.43,netbanking,checkout_abandoned,3,659,0,0,0,0.75,0
PAY_04555,CUST_0488,5115.26,upi,insufficient_funds,4,1818,2,12,3,0.25,0
PAY_04556,CUST_0965,1090.74,upi,checkout_abandoned,16,2036,1,4,4,1.0,0
PAY_04557,CUST_2068,440.38,card,checkout_abandoned,2,902,1,11,7,0.636,1
PAY_04558,CUST_1192,1018.76,netbanking,checkout_abandoned,16,1226,2,3,3,1.0,1
PAY_04559,CUST_2271,878.29,card,card_declined,5,1296,2,5,4,0.8,0
PAY_04560,CUST_0664,3501.48,card,checkout_abandoned,3,584,0,3,0,0.0,1
PAY_04561,CUST_0777,3759.12,upi,checkout_abandoned,8,1040,2,13,6,0.462,1
PAY_04562,CUST_1934,788.93,wallet,card_declined,20,464,2,11,11,1.0,0
PAY_04563,CUST_0304,984.31,wallet,insufficient_funds,1,2087,0,10,9,0.9,0
PAY_04564,CUST_1259,551.33,netbanking,checkout_abandoned,20,1128,2,4,3,0.75,0
PAY_04565,CUST_0847,2004.29,upi,card_declined,21,912,0,11,7,0.636,0
PAY_04566,CUST_1392,1736.47,upi,checkout_abandoned,3,435,2,7,6,0.857,0
PAY_04567,CUST_0411,3384.09,upi,checkout_abandoned,8,315,2,10,4,0.4,0
PAY_04568,CUST_0114,2679.13,card,card_declined,17,174,2,3,1,0.333,1
PAY_04569,CUST_1925,2932.77,card,network_timeout,11,650,1,8,1,0.125,0
PAY_04570,CUST_0213,524.24,wallet,network_timeout,5,1348,0,14,7,0.5,0
PAY_04571,CUST_0963,1090.6,wallet,insufficient_funds,12,2019,2,1,1,1.0,1
PAY_04572,CUST_0537,3845.5,card,checkout_abandoned,5,1443,0,11,9,0.818,0
PAY_04573,CUST_1749,1169.91,card,card_declined,0,350,0,10,7,0.7,1
PAY_04574,CUST_1096,489.55,card,insufficient_funds,3,161,0,6,6,1.0,1
PAY_04575,CUST_2500,3435.55,upi,checkout_abandoned,21,1114,2,13,5,0.385,0
PAY_04576,CUST_1095,1134.25,card,card_declined,16,1092,1,10,3,0.3,0
PAY_04577,CUST_0664,4211.83,upi,checkout_abandoned,19,160,0,7,4,0.571,1
PAY_04578,CUST_2124,1773.68,card,card_declined,21,1235,0,4,3,0.75,1
PAY_04579,CUST_2062,1441.97,card,network_timeout,4,230,0,10,7,0.7,1
PAY_04580,CUST_1949,5356.65,card,card_declined,13,1372,2,1,1,1.0,0
PAY_04581,CUST_1141,634.87,netbanking,checkout_abandoned,8,2126,0,3,3,1.0,0
PAY_04582,CUST_1587,5669.86,card,checkout_abandoned,6,18,2,6,4,0.667,1
PAY_04583,CUST_0687,1079.29,upi,checkout_abandoned,8,595,1,3,2,0.667,0
PAY_04584,CUST_0079,2049.68,upi,checkout_abandoned,4,1715,0,8,2,0.25,0
PAY_04585,CUST_0225,2065.23,netbanking,checkout_abandoned,13,1581,2,13,8,0.615,0
PAY_04586,CUST_1379,1279.02,card,checkout_abandoned,4,1142,1,5,4,0.8,0
PAY_04587,CUST_0595,978.33,upi,network_timeout,2,2016,1,6,6,1.0,0
PAY_04588,CUST_2463,1339.01,card,checkout_abandoned,4,891,2,6,5,0.833,0
PAY_04589,CUST_0160,799.42,upi,network_timeout,14,1437,1,10,10,1.0,1
PAY_04590,CUST_1247,8648.23,upi,checkout_abandoned,13,949,2,10,2,0.2,0
PAY_04591,CUST_1405,1224.93,wallet,card_declined,19,2092,1,3,1,0.333,0
PAY_04592,CUST_1380,4549.17,wallet,network_timeout,23,979,2,13,4,0.308,0
PAY_04593,CUST_1271,4094.01,netbanking,checkout_abandoned,5,246,1,9,8,0.889,0
PAY_04594,CUST_0118,2406.4,wallet,card_declined,22,1838,0,13,4,0.308,0
PAY_04595,CUST_1664,1614.85,card,card_declined,6,883,0,13,10,0.769,0
PAY_04596,CUST_0656,2101.84,upi,checkout_abandoned,2,1485,0,8,2,0.25,0
PAY_04597,CUST_0652,2844.88,card,insufficient_funds,19,876,2,10,6,0.6,0
PAY_04598,CUST_1515,1950.65,card,card_declined,4,618,2,9,9,1.0,0
PAY_04599,CUST_1960,513.96,upi,insufficient_funds,6,537,0,9,9,1.0,1
PAY_04600,CUST_2163,420.27,upi,insufficient_funds,16,28,0,7,5,0.714,1
PAY_04601,CUST_2142,6019.34,upi,network_timeout,19,196,2,3,1,0.333,1
PAY_04602,CUST_1904,218.72,netbanking,checkout_abandoned,16,814,2,5,2,0.4,1
PAY_04603,CUST_1073,2105.04,upi,checkout_abandoned,3,1674,0,10,1,0.1,0
PAY_04604,CUST_2091,1491.53,wallet,checkout_abandoned,5,410,0,11,8,0.727,0
PAY_04605,CUST_2265,2047.11,netbanking,checkout_abandoned,12,1505,1,7,1,0.143,0
PAY_04606,CUST_1980,723.12,netbanking,insufficient_funds,22,1311,1,1,0,0.0,0
PAY_04607,CUST_0009,2382.92,card,checkout_abandoned,4,1488,0,2,2,1.0,0
PAY_04608,CUST_1565,2122.51,upi,card_declined,14,1384,1,13,5,0.385,1
PAY_04609,CUST_2288,16388.77,upi,card_declined,23,1840,1,1,1,1.0,1
PAY_04610,CUST_1330,1997.25,wallet,checkout_abandoned,12,697,2,4,3,0.75,0
PAY_04611,CUST_0204,5292.94,card,checkout_abandoned,6,1446,2,0,0,0.75,1
PAY_04612,CUST_0896,542.72,card,insufficient_funds,19,1864,0,3,3,1.0,0
PAY_04613,CUST_1750,4070.9,card,checkout_abandoned,4,1427,1,12,12,1.0,0
PAY_04614,CUST_2023,2157.19,card,network_timeout,9,2121,2,4,2,0.5,0
PAY_04615,CUST_1546,2233.52,netbanking,insufficient_funds,4,1776,0,12,9,0.75,0
PAY_04616,CUST_1087,2258.37,card,insufficient_funds,17,1015,2,12,10,0.833,0
PAY_04617,CUST_1286,7048.8,card,card_declined,23,1669,1,10,9,0.9,0
PAY_04618,CUST_1351,2207.52,upi,network_timeout,22,1021,2,4,1,0.25,0
PAY_04619,CUST_2473,961.26,card,insufficient_funds,1,1962,1,14,5,0.357,0
PAY_04620,CUST_2498,1099.7,card,network_timeout,22,170,2,9,8,0.889,1
PAY_04621,CUST_1118,3460.76,upi,card_declined,14,2142,0,11,8,0.727,0
PAY_04622,CUST_0708,2574.75,upi,checkout_abandoned,0,1897,2,5,2,0.4,1
PAY_04623,CUST_0574,529.09,wallet,network_timeout,3,647,1,9,8,0.889,0
PAY_04624,CUST_1060,2716.92,upi,checkout_abandoned,1,310,2,9,5,0.556,1
PAY_04625,CUST_0403,757.23,wallet,card_declined,11,1252,2,8,7,0.875,0
PAY_04626,CUST_0203,2555.87,card,network_timeout,16,1357,1,8,5,0.625,0
PAY_04627,CUST_0798,944.92,netbanking,checkout_abandoned,10,803,1,10,9,0.9,0
PAY_04628,CUST_0841,1437.06,upi,insufficient_funds,0,1394,2,14,7,0.5,0
PAY_04629,CUST_1870,1164.09,upi,card_declined,7,1154,1,13,13,1.0,1
PAY_04630,CUST_2239,6067.32,upi,insufficient_funds,15,746,2,4,3,0.75,0
PAY_04631,CUST_0827,2482.5,card,insufficient_funds,11,1036,2,13,8,0.615,0
PAY_04632,CUST_0673,4936.6,card,insufficient_funds,19,215,1,5,4,0.8,1
PAY_04633,CUST_0968,18246.2,netbanking,insufficient_funds,18,1175,1,3,3,1.0,0
PAY_04634,CUST_2091,1868.68,netbanking,insufficient_funds,2,1413,0,2,2,1.0,0
PAY_04635,CUST_0795,5985.73,card,network_timeout,17,2083,2,10,10,1.0,1
PAY_04636,CUST_1343,1028.62,upi,card_declined,0,739,0,6,4,0.667,1
PAY_04637,CUST_1153,4912.04,upi,insufficient_funds,0,190,1,12,10,0.833,0
PAY_04638,CUST_1356,943.44,upi,checkout_abandoned,12,331,2,12,8,0.667,1
PAY_04639,CUST_1251,1773.68,card,card_declined,23,1898,1,8,7,0.875,1
PAY_04640,CUST_2457,2765.69,netbanking,card_declined,23,1974,2,3,2,0.667,0
PAY_04641,CUST_0342,3136.7,upi,card_declined,18,1696,0,1,1,1.0,0
PAY_04642,CUST_1168,650.34,upi,card_declined,12,1051,0,14,9,0.643,0
PAY_04643,CUST_1629,899.58,upi,network_timeout,17,2122,0,4,4,1.0,0
PAY_04644,CUST_0761,2935.7,upi,card_declined,23,1513,2,0,0,0.75,0
PAY_04645,CUST_1234,1341.27,card,insufficient_funds,23,485,1,5,4,0.8,1
PAY_04646,CUST_1611,588.55,wallet,checkout_abandoned,16,649,0,12,9,0.75,1
PAY_04647,CUST_1999,1700.64,card,checkout_abandoned,4,2041,2,1,1,1.0,0
PAY_04648,CUST_1255,1636.58,netbanking,card_declined,7,320,1,10,7,0.7,1
PAY_04649,CUST_1783,2073.67,netbanking,insufficient_funds,8,1553,0,6,4,0.667,0
PAY_04650,CUST_1188,2748.84,upi,network_timeout,5,75,2,13,12,0.923,1
PAY_04651,CUST_1077,2612.5,upi,checkout_abandoned,22,1509,0,6,4,0.667,0
PAY_04652,CUST_2232,973.6,card,checkout_abandoned,14,744,2,7,4,0.571,0
PAY_04653,CUST_0943,1295.79,card,card_declined,9,35,0,6,4,0.667,1
PAY_04654,CUST_1844,3781.11,upi,card_declined,7,109,1,10,4,0.4,1
PAY_04655,CUST_0541,1165.6,card,insufficient_funds,19,403,1,1,1,1.0,1
PAY_04656,CUST_1044,1312.21,card,checkout_abandoned,5,2138,2,0,0,0.75,0
PAY_04657,CUST_0423,540.3,wallet,checkout_abandoned,17,2103,2,8,5,0.625,0
PAY_04658,CUST_0455,1759.17,card,card_declined,9,504,2,5,4,0.8,0
PAY_04659,CUST_0791,2372.64,card,network_timeout,1,648,2,2,2,1.0,1
PAY_04660,CUST_0182,370.61,card,card_declined,12,272,2,11,8,0.727,0
PAY_04661,CUST_1554,764.59,upi,checkout_abandoned,2,1080,1,11,7,0.636,0
PAY_04662,CUST_0620,577.18,upi,checkout_abandoned,22,1774,2,1,0,0.0,1
PAY_04663,CUST_1597,3382.0,netbanking,network_timeout,5,1151,2,2,0,0.0,0
PAY_04664,CUST_2441,389.81,upi,card_declined,22,1726,1,11,10,0.909,1
PAY_04665,CUST_2318,1690.19,card,network_timeout,15,2098,2,7,5,0.714,0
PAY_04666,CUST_0289,3196.56,upi,insufficient_funds,17,2152,0,4,1,0.25,0
PAY_04667,CUST_1539,2091.84,card,checkout_abandoned,2,717,0,7,3,0.429,0
PAY_04668,CUST_2494,1265.95,netbanking,insufficient_funds,5,527,0,5,4,0.8,0
PAY_04669,CUST_1744,2374.91,card,checkout_abandoned,0,1056,1,1,1,1.0,1
PAY_04670,CUST_1587,4126.23,card,insufficient_funds,11,104,0,9,4,0.444,1
PAY_04671,CUST_2001,1651.52,upi,card_declined,6,973,0,10,9,0.9,1
PAY_04672,CUST_1229,300.18,card,insufficient_funds,2,1562,0,1,0,0.0,0
PAY_04673,CUST_1760,4508.54,upi,card_declined,7,418,0,3,0,0.0,0
PAY_04674,CUST_2122,2479.35,upi,insufficient_funds,13,1745,0,9,3,0.333,0
PAY_04675,CUST_1466,1752.99,wallet,checkout_abandoned,12,1845,0,11,9,0.818,0
PAY_04676,CUST_0757,369.17,card,card_declined,15,756,0,13,3,0.231,1
PAY_04677,CUST_1917,1417.85,upi,card_declined,19,665,2,9,7,0.778,0
PAY_04678,CUST_0138,893.51,upi,card_declined,9,2021,1,1,0,0.0,0
PAY_04679,CUST_1689,680.29,card,card_declined,21,1765,0,5,4,0.8,1
PAY_04680,CUST_0443,1613.86,upi,checkout_abandoned,5,1667,0,3,2,0.667,1
PAY_04681,CUST_0040,1172.35,netbanking,checkout_abandoned,12,728,1,14,14,1.0,0
PAY_04682,CUST_2001,1235.79,netbanking,card_declined,23,885,0,0,0,0.75,0
PAY_04683,CUST_2001,3252.71,wallet,checkout_abandoned,0,1500,2,5,4,0.8,0
PAY_04684,CUST_1451,2208.35,upi,checkout_abandoned,0,1555,0,7,6,0.857,0
PAY_04685,CUST_0045,1210.91,card,checkout_abandoned,13,527,2,4,3,0.75,1
PAY_04686,CUST_1173,1094.04,wallet,insufficient_funds,17,3,0,10,3,0.3,0
PAY_04687,CUST_1115,1250.95,card,insufficient_funds,3,122,2,1,0,0.0,0
PAY_04688,CUST_1896,1476.73,upi,network_timeout,16,734,2,13,8,0.615,0
PAY_04689,CUST_2156,2872.05,netbanking,checkout_abandoned,0,1008,2,6,3,0.5,0
PAY_04690,CUST_1201,781.72,netbanking,checkout_abandoned,13,368,2,5,1,0.2,0
PAY_04691,CUST_1741,5780.78,wallet,network_timeout,4,67,1,13,11,0.846,1
PAY_04692,CUST_1180,2873.71,card,card_declined,4,660,2,2,0,0.0,0
PAY_04693,CUST_2298,201.38,upi,checkout_abandoned,23,1883,1,7,6,0.857,1
PAY_04694,CUST_2292,1927.2,card,checkout_abandoned,20,452,2,0,0,0.75,1
PAY_04695,CUST_1824,4138.68,netbanking,insufficient_funds,8,1431,1,7,6,0.857,0
PAY_04696,CUST_1430,2456.53,upi,checkout_abandoned,14,1544,2,4,4,1.0,1
PAY_04697,CUST_1250,1294.23,card,insufficient_funds,23,1342,0,11,3,0.273,1
PAY_04698,CUST_1624,1714.14,netbanking,network_timeout,16,1790,2,7,7,1.0,1
PAY_04699,CUST_0903,2076.0,upi,network_timeout,17,621,0,9,6,0.667,1
PAY_04700,CUST_1590,3331.62,upi,checkout_abandoned,17,390,0,13,11,0.846,1
PAY_04701,CUST_0054,580.25,wallet,checkout_abandoned,12,354,2,14,12,0.857,0
PAY_04702,CUST_0688,1109.35,upi,insufficient_funds,2,901,0,3,0,0.0,0
PAY_04703,CUST_1803,6676.87,upi,insufficient_funds,0,1131,0,7,5,0.714,1
PAY_04704,CUST_2496,1848.07,card,insufficient_funds,11,1293,1,11,9,0.818,0
PAY_04705,CUST_0480,6111.11,card,card_declined,13,1908,1,1,1,1.0,0
PAY_04706,CUST_0103,19614.34,card,insufficient_funds,18,312,1,7,6,0.857,1
PAY_04707,CUST_0880,1214.29,card,card_declined,0,1318,1,8,6,0.75,0
PAY_04708,CUST_0796,690.71,card,insufficient_funds,9,779,2,13,8,0.615,0
PAY_04709,CUST_2490,1455.52,upi,card_declined,8,1491,0,1,1,1.0,0
PAY_04710,CUST_0861,4336.12,upi,insufficient_funds,17,423,0,12,11,0.917,0
PAY_04711,CUST_2307,4849.63,card,checkout_abandoned,13,37,1,3,2,0.667,0
PAY_04712,CUST_2449,11082.52,upi,card_declined,9,1214,2,12,4,0.333,0
PAY_04713,CUST_0019,1747.77,wallet,network_timeout,17,657,2,9,7,0.778,1
PAY_04714,CUST_1499,2659.75,card,checkout_abandoned,19,1948,1,6,4,0.667,0
PAY_04715,CUST_0682,1018.54,upi,network_timeout,15,1577,2,2,0,0.0,0
PAY_04716,CUST_0937,242.25,card,card_declined,20,1000,2,5,2,0.4,0
PAY_04717,CUST_1068,1743.8,upi,insufficient_funds,12,825,0,11,10,0.909,1
PAY_04718,CUST_0800,715.18,upi,network_timeout,20,1449,1,3,3,1.0,1
PAY_04719,CUST_0433,3011.6,card,network_timeout,17,994,2,10,8,0.8,1
PAY_04720,CUST_0221,399.59,card,card_declined,15,1556,0,3,3,1.0,0
PAY_04721,CUST_0374,996.33,netbanking,insufficient_funds,11,1580,0,1,1,1.0,0
PAY_04722,CUST_0082,2229.84,card,network_timeout,12,2139,1,9,5,0.556,0
PAY_04723,CUST_1009,2424.62,upi,insufficient_funds,16,674,2,12,6,0.5,0
PAY_04724,CUST_0393,1732.97,upi,network_timeout,20,1356,0,14,4,0.286,0
PAY_04725,CUST_0473,8017.79,card,card_declined,17,1067,1,7,5,0.714,0
PAY_04726,CUST_1151,6317.71,upi,insufficient_funds,9,400,0,9,6,0.667,1
PAY_04727,CUST_1472,1041.15,upi,checkout_abandoned,1,499,2,10,3,0.3,0
PAY_04728,CUST_0722,6522.87,card,insufficient_funds,23,23,2,6,3,0.5,0
PAY_04729,CUST_1196,7370.96,wallet,network_timeout,6,647,0,0,0,0.75,1
PAY_04730,CUST_2462,1630.14,upi,insufficient_funds,19,300,1,3,2,0.667,1
PAY_04731,CUST_2210,1866.58,upi,insufficient_funds,2,399,1,5,4,0.8,1
PAY_04732,CUST_0696,1728.42,card,checkout_abandoned,6,270,0,9,9,1.0,1
PAY_04733,CUST_1753,1074.43,card,insufficient_funds,0,5,1,4,4,1.0,1
PAY_04734,CUST_2087,1163.29,upi,card_declined,9,1130,1,3,3,1.0,0
PAY_04735,CUST_1398,5171.92,upi,checkout_abandoned,2,2010,0,13,10,0.769,0
PAY_04736,CUST_2133,2554.07,card,checkout_abandoned,21,949,1,1,1,1.0,1
PAY_04737,CUST_0811,1155.39,upi,checkout_abandoned,9,1092,0,11,8,0.727,1
PAY_04738,CUST_0540,858.12,upi,card_declined,6,1327,0,1,1,1.0,0
PAY_04739,CUST_1066,981.47,card,card_declined,7,1255,0,4,3,0.75,0
PAY_04740,CUST_0568,1578.86,netbanking,network_timeout,1,168,0,12,4,0.333,1
PAY_04741,CUST_1507,3737.15,upi,card_declined,4,962,1,12,10,0.833,0
PAY_04742,CUST_1782,904.59,upi,card_declined,1,1772,2,5,5,1.0,0
PAY_04743,CUST_2237,3703.02,netbanking,checkout_abandoned,0,467,0,0,0,0.75,0
PAY_04744,CUST_2406,2107.18,upi,insufficient_funds,20,236,0,14,8,0.571,1
PAY_04745,CUST_1230,2017.91,wallet,card_declined,16,1390,2,13,12,0.923,0
PAY_04746,CUST_1328,4089.5,netbanking,card_declined,8,1476,2,7,6,0.857,0
PAY_04747,CUST_0021,3534.15,card,insufficient_funds,6,1564,0,0,0,0.75,1
PAY_04748,CUST_0941,585.18,upi,network_timeout,5,1496,0,10,9,0.9,1
PAY_04749,CUST_0724,756.22,wallet,checkout_abandoned,8,641,2,11,8,0.727,0
PAY_04750,CUST_0077,1498.06,netbanking,card_declined,6,1227,1,12,9,0.75,1
PAY_04751,CUST_0122,2393.04,card,card_declined,19,1837,2,10,9,0.9,0
PAY_04752,CUST_1975,5362.59,card,network_timeout,14,378,1,13,11,0.846,1
PAY_04753,CUST_0287,1896.18,card,insufficient_funds,2,1495,2,7,6,0.857,0
PAY_04754,CUST_0639,7033.92,netbanking,network_timeout,10,1324,0,2,0,0.0,1
PAY_04755,CUST_1563,1022.7,wallet,checkout_abandoned,3,591,0,10,5,0.5,1
PAY_04756,CUST_0498,1170.84,netbanking,network_timeout,3,1997,1,3,2,0.667,0
PAY_04757,CUST_1441,1409.51,card,insufficient_funds,15,357,2,9,7,0.778,1
PAY_04758,CUST_0533,936.14,netbanking,checkout_abandoned,11,1739,1,2,2,1.0,0
PAY_04759,CUST_0912,4550.83,card,card_declined,4,1227,1,0,0,0.75,0
PAY_04760,CUST_1680,196.31,card,checkout_abandoned,15,281,1,6,4,0.667,0
PAY_04761,CUST_2047,1203.14,card,network_timeout,10,952,0,8,7,0.875,1
PAY_04762,CUST_1030,4510.25,upi,network_timeout,9,715,2,2,1,0.5,0
PAY_04763,CUST_1488,1402.04,upi,checkout_abandoned,0,901,2,11,9,0.818,0
PAY_04764,CUST_2023,4246.5,card,network_timeout,14,1706,2,9,9,1.0,1
PAY_04765,CUST_2022,10443.02,card,insufficient_funds,6,1387,1,12,8,0.667,0
PAY_04766,CUST_0229,1919.56,netbanking,insufficient_funds,16,425,0,5,3,0.6,0
PAY_04767,CUST_0127,4585.66,card,checkout_abandoned,7,1605,1,9,6,0.667,0
PAY_04768,CUST_1717,12467.14,upi,network_timeout,15,1544,2,14,8,0.571,1
PAY_04769,CUST_1220,2482.98,card,card_declined,14,203,0,2,1,0.5,0
PAY_04770,CUST_2171,1732.1,card,checkout_abandoned,3,1983,0,12,3,0.25,0
PAY_04771,CUST_1486,3705.28,card,network_timeout,2,15,2,9,6,0.667,1
PAY_04772,CUST_2131,4642.07,upi,insufficient_funds,10,614,0,10,2,0.2,0
PAY_04773,CUST_1931,1744.96,upi,card_declined,6,627,1,9,8,0.889,0
PAY_04774,CUST_0422,1222.27,card,insufficient_funds,21,204,0,10,5,0.5,0
PAY_04775,CUST_2204,7111.43,netbanking,card_declined,2,1432,0,11,3,0.273,0
PAY_04776,CUST_1496,1449.61,card,card_declined,3,994,1,0,0,0.75,0
PAY_04777,CUST_0237,4677.53,netbanking,insufficient_funds,11,1762,0,0,0,0.75,0
PAY_04778,CUST_2387,2221.27,card,card_declined,21,677,2,1,0,0.0,0
PAY_04779,CUST_0580,7762.92,wallet,insufficient_funds,10,1846,2,13,12,0.923,0
PAY_04780,CUST_1998,912.61,card,checkout_abandoned,10,1099,1,6,5,0.833,0
PAY_04781,CUST_0945,911.2,upi,insufficient_funds,21,12,0,14,14,1.0,1
PAY_04782,CUST_2154,3565.75,upi,checkout_abandoned,14,654,2,13,4,0.308,0
PAY_04783,CUST_0245,728.71,upi,checkout_abandoned,20,782,1,5,4,0.8,1
PAY_04784,CUST_2321,1976.03,netbanking,network_timeout,7,1088,2,1,1,1.0,0
PAY_04785,CUST_1250,6212.19,card,checkout_abandoned,4,1521,0,12,6,0.5,0
PAY_04786,CUST_0282,431.68,card,checkout_abandoned,17,341,0,6,5,0.833,1
PAY_04787,CUST_1129,2483.08,netbanking,insufficient_funds,6,1742,2,4,3,0.75,0
PAY_04788,CUST_0461,4745.43,netbanking,checkout_abandoned,4,373,0,11,5,0.455,0
PAY_04789,CUST_1309,1763.08,upi,card_declined,14,2148,1,7,7,1.0,0
PAY_04790,CUST_1989,857.37,upi,checkout_abandoned,18,831,1,4,3,0.75,0
PAY_04791,CUST_0283,1458.93,netbanking,network_timeout,21,2024,0,5,3,0.6,1
PAY_04792,CUST_1984,920.32,netbanking,card_declined,3,194,0,13,13,1.0,1
PAY_04793,CUST_2032,1902.39,netbanking,insufficient_funds,21,439,0,4,4,1.0,1
PAY_04794,CUST_0254,1442.56,netbanking,checkout_abandoned,4,2125,0,14,5,0.357,0
PAY_04795,CUST_2094,1193.84,card,insufficient_funds,16,362,2,8,8,1.0,0
PAY_04796,CUST_2146,2613.54,upi,card_declined,0,697,0,0,0,0.75,1
PAY_04797,CUST_1574,6366.69,upi,card_declined,12,1212,2,1,0,0.0,0
PAY_04798,CUST_0773,2339.75,card,network_timeout,20,432,1,9,3,0.333,0
PAY_04799,CUST_0430,5273.63,netbanking,checkout_abandoned,4,752,0,2,1,0.5,0
PAY_04800,CUST_2311,6365.21,upi,checkout_abandoned,20,1519,1,2,1,0.5,0
PAY_04801,CUST_1990,1125.78,card,insufficient_funds,1,1035,2,6,1,0.167,0
PAY_04802,CUST_0155,2242.68,upi,card_declined,9,910,1,6,6,1.0,0
PAY_04803,CUST_0639,1281.24,card,card_declined,4,1448,0,14,11,0.786,1
PAY_04804,CUST_1517,549.94,card,network_timeout,0,2069,2,13,11,0.846,0
PAY_04805,CUST_1501,2392.64,upi,checkout_abandoned,6,1819,2,13,13,1.0,0
PAY_04806,CUST_2461,775.74,upi,checkout_abandoned,22,115,2,1,1,1.0,0
PAY_04807,CUST_1710,2651.78,upi,insufficient_funds,21,1358,0,12,5,0.417,1
PAY_04808,CUST_1472,518.45,card,network_timeout,4,1035,2,14,12,0.857,1
PAY_04809,CUST_0834,2063.87,upi,insufficient_funds,13,930,1,9,6,0.667,0
PAY_04810,CUST_0288,512.32,card,network_timeout,3,507,1,14,11,0.786,0
PAY_04811,CUST_0703,3086.01,wallet,network_timeout,21,578,1,12,7,0.583,1
PAY_04812,CUST_0225,1314.01,card,checkout_abandoned,5,1519,1,10,6,0.6,1
PAY_04813,CUST_2387,1216.47,netbanking,network_timeout,21,2104,0,6,2,0.333,1
PAY_04814,CUST_1432,4432.62,card,checkout_abandoned,6,1178,0,5,2,0.4,0
PAY_04815,CUST_1048,1391.71,card,insufficient_funds,3,450,1,5,5,1.0,0
PAY_04816,CUST_1818,1966.92,upi,card_declined,22,515,2,3,2,0.667,1
PAY_04817,CUST_1602,1535.56,netbanking,card_declined,3,410,0,8,6,0.75,1
PAY_04818,CUST_2001,2701.21,wallet,network_timeout,15,1134,1,6,6,1.0,0
PAY_04819,CUST_0115,4145.99,upi,network_timeout,15,1530,0,4,2,0.5,0
PAY_04820,CUST_1456,3512.38,card,network_timeout,8,1681,0,2,0,0.0,0
PAY_04821,CUST_0008,1239.18,card,checkout_abandoned,17,1393,2,7,3,0.429,0
PAY_04822,CUST_0762,4735.2,upi,insufficient_funds,18,2105,2,0,0,0.75,1
PAY_04823,CUST_0840,864.77,card,checkout_abandoned,14,1930,1,5,5,1.0,0
PAY_04824,CUST_0254,993.82,wallet,checkout_abandoned,18,490,1,0,0,0.75,1
PAY_04825,CUST_2358,1625.06,upi,insufficient_funds,6,1970,1,5,2,0.4,0
PAY_04826,CUST_1645,4158.8,netbanking,insufficient_funds,5,118,2,9,7,0.778,0
PAY_04827,CUST_2034,705.86,netbanking,card_declined,11,1608,2,9,6,0.667,0
PAY_04828,CUST_1390,3672.87,card,insufficient_funds,4,1222,0,0,0,0.75,0
PAY_04829,CUST_1228,1722.87,card,checkout_abandoned,2,61,2,10,6,0.6,0
PAY_04830,CUST_0646,1272.27,netbanking,checkout_abandoned,3,666,1,4,2,0.5,1
PAY_04831,CUST_0564,4332.01,card,network_timeout,0,1874,1,7,7,1.0,0
PAY_04832,CUST_2377,947.1,upi,insufficient_funds,8,1609,2,10,5,0.5,0
PAY_04833,CUST_2295,11204.64,netbanking,checkout_abandoned,7,1224,1,0,0,0.75,0
PAY_04834,CUST_1417,1562.79,card,checkout_abandoned,0,1659,1,2,1,0.5,0
PAY_04835,CUST_2159,2029.24,netbanking,insufficient_funds,16,422,1,2,0,0.0,0
PAY_04836,CUST_1956,6184.9,card,checkout_abandoned,10,409,0,4,2,0.5,1
PAY_04837,CUST_1867,2072.03,upi,card_declined,7,1334,0,0,0,0.75,0
PAY_04838,CUST_1518,4659.38,card,card_declined,4,966,1,0,0,0.75,0
PAY_04839,CUST_0929,377.29,upi,card_declined,11,491,0,7,7,1.0,1
PAY_04840,CUST_0388,1263.28,card,card_declined,18,52,1,1,1,1.0,0
PAY_04841,CUST_1156,2472.36,card,checkout_abandoned,0,950,0,6,3,0.5,1
PAY_04842,CUST_2328,4275.59,card,insufficient_funds,7,1567,0,3,3,1.0,0
PAY_04843,CUST_0269,3331.9,card,insufficient_funds,9,822,0,14,10,0.714,0
PAY_04844,CUST_1440,3091.36,upi,insufficient_funds,15,1181,0,1,1,1.0,1
PAY_04845,CUST_1208,4206.51,card,insufficient_funds,19,419,0,7,7,1.0,0
PAY_04846,CUST_1622,2632.15,card,insufficient_funds,16,2114,0,7,5,0.714,0
PAY_04847,CUST_1778,324.08,card,card_declined,14,1747,1,11,5,0.455,0
PAY_04848,CUST_1293,5706.18,card,checkout_abandoned,19,730,0,1,1,1.0,1
PAY_04849,CUST_1488,920.95,card,card_declined,15,1053,1,14,7,0.5,0
PAY_04850,CUST_1928,2313.33,card,checkout_abandoned,11,1419,1,4,3,0.75,1
PAY_04851,CUST_0504,2080.46,upi,card_declined,16,315,0,0,0,0.75,1
PAY_04852,CUST_2360,1869.46,upi,checkout_abandoned,9,1237,1,10,7,0.7,1
PAY_04853,CUST_1283,743.01,upi,checkout_abandoned,21,514,0,8,6,0.75,1
PAY_04854,CUST_0825,381.68,card,card_declined,6,1198,2,9,3,0.333,0
PAY_04855,CUST_2231,807.25,netbanking,card_declined,15,1076,1,13,12,0.923,0
PAY_04856,CUST_2127,3486.08,upi,checkout_abandoned,0,917,1,5,3,0.6,0
PAY_04857,CUST_0428,565.8,upi,network_timeout,17,1375,0,13,10,0.769,1
PAY_04858,CUST_0295,890.09,card,network_timeout,3,806,1,13,11,0.846,0
PAY_04859,CUST_2122,2514.88,card,card_declined,13,1663,2,8,6,0.75,0
PAY_04860,CUST_1065,791.24,upi,insufficient_funds,5,497,0,11,6,0.545,0
PAY_04861,CUST_2464,1165.73,card,network_timeout,0,99,2,0,0,0.75,0
PAY_04862,CUST_2242,1921.76,upi,checkout_abandoned,15,1493,1,9,6,0.667,1
PAY_04863,CUST_0280,2256.69,card,insufficient_funds,16,1293,0,1,1,1.0,1
PAY_04864,CUST_1458,778.81,card,checkout_abandoned,18,1520,0,6,6,1.0,0
PAY_04865,CUST_1380,2014.84,card,checkout_abandoned,18,840,1,11,9,0.818,0
PAY_04866,CUST_0097,2476.56,card,card_declined,11,1440,2,0,0,0.75,0
PAY_04867,CUST_0828,650.01,card,insufficient_funds,22,102,1,6,6,1.0,0
PAY_04868,CUST_0918,2137.55,card,card_declined,19,2112,0,6,2,0.333,0
PAY_04869,CUST_1492,1014.63,upi,insufficient_funds,1,1909,1,3,2,0.667,0
PAY_04870,CUST_1799,1987.58,card,network_timeout,8,704,2,8,6,0.75,1
PAY_04871,CUST_0368,3209.93,upi,insufficient_funds,16,656,2,12,12,1.0,0
PAY_04872,CUST_0812,1563.27,wallet,card_declined,15,348,1,14,11,0.786,1
PAY_04873,CUST_1006,3737.88,netbanking,checkout_abandoned,20,2090,2,13,12,0.923,0
PAY_04874,CUST_0603,3388.67,upi,network_timeout,13,128,2,14,6,0.429,1
PAY_04875,CUST_2149,3721.22,card,network_timeout,9,1780,1,3,3,1.0,0
PAY_04876,CUST_2005,2485.0,upi,network_timeout,3,288,2,1,1,1.0,1
PAY_04877,CUST_0272,4342.28,wallet,card_declined,23,2092,0,2,2,1.0,0
PAY_04878,CUST_0617,2449.45,upi,checkout_abandoned,11,573,2,14,9,0.643,0
PAY_04879,CUST_0709,474.25,card,insufficient_funds,19,948,1,3,0,0.0,0
PAY_04880,CUST_0510,955.17,netbanking,insufficient_funds,23,130,1,11,9,0.818,1
PAY_04881,CUST_0389,1520.11,card,card_declined,16,636,2,6,4,0.667,0
PAY_04882,CUST_1736,1678.68,netbanking,network_timeout,3,2038,0,10,5,0.5,1
PAY_04883,CUST_2134,2396.42,card,network_timeout,12,1276,0,11,9,0.818,1
PAY_04884,CUST_1732,943.86,card,insufficient_funds,9,703,1,13,10,0.769,0
PAY_04885,CUST_1743,8977.79,netbanking,checkout_abandoned,14,1923,2,1,0,0.0,0
PAY_04886,CUST_0004,1658.34,upi,checkout_abandoned,7,2010,0,4,4,1.0,0
PAY_04887,CUST_0234,1788.96,upi,card_declined,3,887,1,1,1,1.0,0
PAY_04888,CUST_1406,1052.52,netbanking,checkout_abandoned,17,813,1,5,4,0.8,0
PAY_04889,CUST_1598,806.61,netbanking,insufficient_funds,21,1803,2,5,3,0.6,0
PAY_04890,CUST_0159,1627.01,upi,checkout_abandoned,0,1166,2,13,7,0.538,0
PAY_04891,CUST_1821,1840.11,wallet,card_declined,5,616,0,10,7,0.7,0
PAY_04892,CUST_2275,1679.11,card,insufficient_funds,10,1284,1,1,1,1.0,0
PAY_04893,CUST_1618,6766.01,card,insufficient_funds,17,785,2,6,3,0.5,0
PAY_04894,CUST_1846,1627.0,netbanking,insufficient_funds,6,861,0,10,6,0.6,0
PAY_04895,CUST_1871,1680.42,card,checkout_abandoned,13,1431,2,11,9,0.818,0
PAY_04896,CUST_1837,3455.69,netbanking,network_timeout,7,772,2,12,7,0.583,0
PAY_04897,CUST_1323,1569.78,card,card_declined,8,1137,0,3,3,1.0,0
PAY_04898,CUST_1851,2771.14,card,network_timeout,9,1432,0,13,9,0.692,0
PAY_04899,CUST_0012,646.97,card,checkout_abandoned,9,1963,1,13,7,0.538,0
PAY_04900,CUST_0464,651.08,upi,checkout_abandoned,6,1946,2,3,3,1.0,1
PAY_04901,CUST_1186,1984.63,netbanking,network_timeout,3,1914,2,9,8,0.889,1
PAY_04902,CUST_0266,1495.55,card,insufficient_funds,13,1615,2,10,7,0.7,0
PAY_04903,CUST_1134,942.3,card,card_declined,18,988,2,13,3,0.231,0
PAY_04904,CUST_1122,1984.3,card,checkout_abandoned,6,952,0,1,1,1.0,1
PAY_04905,CUST_1205,2127.75,card,checkout_abandoned,7,146,0,3,1,0.333,0
PAY_04906,CUST_1749,1020.07,upi,network_timeout,22,1696,0,12,6,0.5,1
PAY_04907,CUST_0881,1188.57,upi,checkout_abandoned,7,2016,2,0,0,0.75,1
PAY_04908,CUST_2483,2140.59,card,card_declined,10,1367,2,7,4,0.571,0
PAY_04909,CUST_0098,795.27,card,checkout_abandoned,8,2011,2,4,3,0.75,1
PAY_04910,CUST_0697,1110.22,upi,card_declined,3,1104,0,9,5,0.556,1
PAY_04911,CUST_2185,2759.18,card,card_declined,9,246,2,7,7,1.0,1
PAY_04912,CUST_2272,1766.0,card,network_timeout,6,1911,2,12,5,0.417,0
PAY_04913,CUST_2235,1228.78,upi,insufficient_funds,7,880,2,1,1,1.0,0
PAY_04914,CUST_0193,874.01,card,checkout_abandoned,19,1090,1,7,2,0.286,0
PAY_04915,CUST_1183,800.29,card,insufficient_funds,21,1323,0,7,5,0.714,1
PAY_04916,CUST_0753,1619.93,card,checkout_abandoned,2,949,1,7,1,0.143,1
PAY_04917,CUST_0186,9101.48,netbanking,checkout_abandoned,4,947,0,1,0,0.0,1
PAY_04918,CUST_1027,2830.39,card,checkout_abandoned,9,1441,1,6,3,0.5,0
PAY_04919,CUST_0080,619.71,netbanking,checkout_abandoned,12,691,2,13,8,0.615,0
PAY_04920,CUST_0885,3169.45,upi,insufficient_funds,22,937,1,9,7,0.778,0
PAY_04921,CUST_1447,980.86,upi,insufficient_funds,19,322,0,1,1,1.0,1
PAY_04922,CUST_2084,1793.02,netbanking,card_declined,0,620,1,10,7,0.7,0
PAY_04923,CUST_0228,1123.78,card,insufficient_funds,16,1560,2,13,13,1.0,0
PAY_04924,CUST_1092,9079.24,card,checkout_abandoned,23,1112,1,12,6,0.5,0
PAY_04925,CUST_1034,726.51,card,network_timeout,4,792,0,1,1,1.0,1
PAY_04926,CUST_1922,2313.3,upi,insufficient_funds,8,2026,1,0,0,0.75,0
PAY_04927,CUST_0638,1040.32,upi,card_declined,6,433,1,2,2,1.0,1
PAY_04928,CUST_2210,3250.63,netbanking,network_timeout,5,1084,0,5,1,0.2,1
PAY_04929,CUST_0672,2276.3,upi,checkout_abandoned,9,146,1,13,10,0.769,0
PAY_04930,CUST_1266,4910.76,card,insufficient_funds,19,2138,2,6,3,0.5,0
PAY_04931,CUST_2032,3197.22,card,checkout_abandoned,1,1814,0,14,11,0.786,0
PAY_04932,CUST_0961,1033.51,card,network_timeout,11,1771,1,1,1,1.0,0
PAY_04933,CUST_1887,18555.18,netbanking,checkout_abandoned,21,582,1,11,10,0.909,0
PAY_04934,CUST_0006,2807.03,card,insufficient_funds,2,1048,2,11,8,0.727,0
PAY_04935,CUST_2411,1158.65,wallet,network_timeout,18,978,0,14,11,0.786,0
PAY_04936,CUST_1823,2121.7,card,card_declined,16,729,1,7,6,0.857,1
PAY_04937,CUST_0367,2981.58,upi,insufficient_funds,4,51,2,9,4,0.444,1
PAY_04938,CUST_2406,2892.21,card,checkout_abandoned,18,1394,1,0,0,0.75,0
PAY_04939,CUST_2142,2676.77,netbanking,network_timeout,5,41,2,13,12,0.923,0
PAY_04940,CUST_0596,3899.98,card,card_declined,10,2062,0,9,9,1.0,0
PAY_04941,CUST_0912,3605.01,upi,checkout_abandoned,21,315,0,10,4,0.4,1
PAY_04942,CUST_2341,913.69,wallet,card_declined,17,894,2,5,3,0.6,0
PAY_04943,CUST_0925,9720.43,upi,network_timeout,11,652,2,1,1,1.0,1
PAY_04944,CUST_2453,8696.29,card,checkout_abandoned,2,462,1,10,10,1.0,1
PAY_04945,CUST_0685,3416.3,netbanking,network_timeout,2,2126,1,10,4,0.4,0
PAY_04946,CUST_1657,1856.59,card,checkout_abandoned,0,283,2,2,1,0.5,0
PAY_04947,CUST_0501,1882.3,card,network_timeout,1,1734,2,12,10,0.833,1
PAY_04948,CUST_1592,1389.27,upi,checkout_abandoned,5,1116,2,0,0,0.75,0
PAY_04949,CUST_2059,1540.77,netbanking,checkout_abandoned,12,1464,1,9,2,0.222,0
PAY_04950,CUST_2100,312.97,card,checkout_abandoned,23,959,2,1,1,1.0,0
PAY_04951,CUST_1033,6122.66,netbanking,card_declined,20,16,1,11,8,0.727,1
PAY_04952,CUST_2435,4617.02,upi,checkout_abandoned,4,1111,1,6,3,0.5,1
PAY_04953,CUST_1057,470.69,upi,card_declined,20,58,2,4,4,1.0,1
PAY_04954,CUST_1560,3668.48,card,checkout_abandoned,22,1050,0,11,5,0.455,1
PAY_04955,CUST_2204,1788.93,upi,card_declined,14,1249,2,12,7,0.583,0
PAY_04956,CUST_0057,1535.03,card,card_declined,7,1240,0,9,7,0.778,1
PAY_04957,CUST_1747,2669.95,card,checkout_abandoned,8,1532,1,11,11,1.0,1
PAY_04958,CUST_1901,446.44,card,card_declined,11,678,1,0,0,0.75,0
PAY_04959,CUST_1051,1783.87,netbanking,insufficient_funds,5,2128,0,12,6,0.5,0
PAY_04960,CUST_0748,1918.17,card,checkout_abandoned,16,1027,0,8,6,0.75,0
PAY_04961,CUST_1831,1919.66,card,card_declined,15,1496,0,2,2,1.0,0
PAY_04962,CUST_1274,602.78,card,card_declined,4,923,0,7,5,0.714,0
PAY_04963,CUST_0301,2573.64,card,network_timeout,0,788,2,9,3,0.333,0
PAY_04964,CUST_1560,4202.33,wallet,card_declined,4,1138,1,11,4,0.364,1
PAY_04965,CUST_2380,2493.41,upi,card_declined,9,1802,2,7,5,0.714,0
PAY_04966,CUST_0924,1498.46,upi,card_declined,6,971,0,3,3,1.0,1
PAY_04967,CUST_1968,15471.8,netbanking,insufficient_funds,13,145,2,3,2,0.667,0
PAY_04968,CUST_0297,859.1,card,insufficient_funds,11,1404,0,10,10,1.0,0
PAY_04969,CUST_0135,3341.93,netbanking,card_declined,9,753,1,12,12,1.0,1
PAY_04970,CUST_1356,2186.73,wallet,network_timeout,8,1534,1,9,4,0.444,1
PAY_04971,CUST_0637,9003.71,upi,network_timeout,17,1798,2,11,8,0.727,0
PAY_04972,CUST_1193,2452.69,upi,card_declined,2,865,0,9,5,0.556,0
PAY_04973,CUST_0959,2911.62,card,insufficient_funds,8,2004,2,7,7,1.0,0
PAY_04974,CUST_2442,2697.59,netbanking,checkout_abandoned,6,1580,0,6,2,0.333,0
PAY_04975,CUST_0898,771.92,card,network_timeout,18,1452,1,7,6,0.857,0
PAY_04976,CUST_0197,898.24,upi,insufficient_funds,19,1970,0,0,0,0.75,0
PAY_04977,CUST_0608,1443.76,card,network_timeout,20,1899,2,8,5,0.625,1
PAY_04978,CUST_2172,3871.7,upi,card_declined,12,1660,1,2,2,1.0,1
PAY_04979,CUST_1217,2169.0,netbanking,checkout_abandoned,22,2134,2,13,6,0.462,0
PAY_04980,CUST_1236,1525.62,upi,checkout_abandoned,22,1674,2,12,9,0.75,1
PAY_04981,CUST_2064,5395.4,card,checkout_abandoned,21,1844,0,7,5,0.714,0
PAY_04982,CUST_0526,368.56,upi,card_declined,6,1583,0,9,4,0.444,0
PAY_04983,CUST_2088,638.35,wallet,insufficient_funds,8,991,0,0,0,0.75,0
PAY_04984,CUST_0737,244.27,upi,card_declined,6,850,2,8,5,0.625,0
PAY_04985,CUST_1924,4732.41,netbanking,insufficient_funds,15,1742,0,12,8,0.667,0
PAY_04986,CUST_0022,1665.97,netbanking,insufficient_funds,10,2062,0,7,4,0.571,0
PAY_04987,CUST_0983,3899.39,netbanking,network_timeout,15,1260,2,12,11,0.917,0
PAY_04988,CUST_1354,1649.35,card,card_declined,1,415,1,1,1,1.0,0
PAY_04989,CUST_1246,4080.97,upi,checkout_abandoned,3,1750,1,14,10,0.714,0
PAY_04990,CUST_2309,1626.43,netbanking,card_declined,7,633,0,5,4,0.8,0
PAY_04991,CUST_0858,2498.56,wallet,card_declined,23,1585,2,0,0,0.75,0
PAY_04992,CUST_1880,2222.42,card,checkout_abandoned,8,449,2,9,4,0.444,0
PAY_04993,CUST_2237,2358.33,card,checkout_abandoned,6,1854,0,9,8,0.889,0
PAY_04994,CUST_0727,6928.04,card,insufficient_funds,14,1046,2,1,0,0.0,0
PAY_04995,CUST_1855,490.78,netbanking,network_timeout,23,802,0,5,4,0.8,1
PAY_04996,CUST_0885,1704.17,netbanking,card_declined,3,1615,2,13,11,0.846,0
PAY_04997,CUST_1118,2108.92,upi,card_declined,8,1526,0,2,1,0.5,1
PAY_04998,CUST_0743,1870.89,card,network_timeout,21,558,0,1,1,1.0,1
PAY_04999,CUST_0840,1309.28,card,insufficient_funds,22,145,2,12,7,0.583,0
PAY_05000,CUST_0316,1173.53,netbanking,network_timeout,21,2075,2,10,9,0.9,0
PAY_05001,CUST_1925,6121.45,card,card_declined,8,2096,2,7,4,0.571,0
PAY_05002,CUST_0397,1700.99,card,checkout_abandoned,12,1427,0,4,1,0.25,0
PAY_05003,CUST_1839,12656.16,card,checkout_abandoned,20,239,1,13,12,0.923,1
PAY_05004,CUST_1792,2746.72,netbanking,card_declined,10,2021,1,12,12,1.0,0
PAY_05005,CUST_2197,1427.7,upi,card_declined,21,998,2,0,0,0.75,0
PAY_05006,CUST_1457,2800.87,card,insufficient_funds,16,1309,2,12,11,0.917,0
PAY_05007,CUST_0362,1963.9,card,checkout_abandoned,4,1458,2,7,6,0.857,0
PAY_05008,CUST_0722,5266.61,wallet,checkout_abandoned,4,1268,1,4,4,1.0,1
PAY_05009,CUST_1950,707.24,card,checkout_abandoned,13,498,2,5,4,0.8,0
PAY_05010,CUST_0657,426.07,card,insufficient_funds,13,2083,2,6,2,0.333,0
PAY_05011,CUST_2023,2402.65,card,card_declined,21,1143,0,8,4,0.5,0
PAY_05012,CUST_1810,3512.55,card,network_timeout,6,2042,2,14,6,0.429,0
PAY_05013,CUST_1583,2262.59,netbanking,card_declined,17,290,0,0,0,0.75,0
PAY_05014,CUST_0239,3082.58,netbanking,checkout_abandoned,22,1498,2,9,6,0.667,0
PAY_05015,CUST_1398,2740.49,card,card_declined,16,391,0,0,0,0.75,1
PAY_05016,CUST_0543,550.72,netbanking,insufficient_funds,11,248,0,0,0,0.75,0
PAY_05017,CUST_2482,2254.16,card,network_timeout,22,1897,1,4,1,0.25,0
PAY_05018,CUST_0883,5161.42,netbanking,network_timeout,12,256,1,11,8,0.727,0
PAY_05019,CUST_1093,2065.14,card,network_timeout,10,88,1,5,4,0.8,1
PAY_05020,CUST_2189,631.17,card,insufficient_funds,18,73,1,5,5,1.0,1
PAY_05021,CUST_0084,1378.09,netbanking,checkout_abandoned,3,791,1,13,13,1.0,0
PAY_05022,CUST_2045,2810.02,wallet,checkout_abandoned,18,319,1,4,4,1.0,1
PAY_05023,CUST_0710,7570.74,netbanking,checkout_abandoned,5,160,0,11,3,0.273,1
PAY_05024,CUST_0207,376.33,upi,network_timeout,5,1182,2,12,8,0.667,1
PAY_05025,CUST_0473,2403.13,netbanking,network_timeout,2,449,2,9,8,0.889,0
PAY_05026,CUST_1390,853.87,upi,network_timeout,14,962,1,14,9,0.643,1
PAY_05027,CUST_0567,2701.94,card,insufficient_funds,3,217,1,14,12,0.857,0
PAY_05028,CUST_2092,2880.75,upi,insufficient_funds,20,1499,2,0,0,0.75,0
PAY_05029,CUST_0181,1493.72,upi,network_timeout,1,905,0,2,1,0.5,1
PAY_05030,CUST_1362,2983.41,upi,card_declined,9,1927,0,5,2,0.4,1
PAY_05031,CUST_0078,4480.36,netbanking,card_declined,10,1744,1,9,9,1.0,1
PAY_05032,CUST_1157,1577.95,upi,checkout_abandoned,2,813,1,4,3,0.75,1
PAY_05033,CUST_1843,617.58,card,card_declined,21,718,2,9,8,0.889,1
PAY_05034,CUST_2231,5630.76,card,network_timeout,20,1877,2,13,12,0.923,1
PAY_05035,CUST_2124,3492.94,netbanking,network_timeout,23,788,2,0,0,0.75,0
PAY_05036,CUST_1836,2825.8,card,card_declined,21,1935,0,13,10,0.769,1
PAY_05037,CUST_2141,1035.63,netbanking,checkout_abandoned,2,211,0,7,3,0.429,0
PAY_05038,CUST_1273,3959.57,card,card_declined,3,1464,0,13,7,0.538,0
PAY_05039,CUST_2231,9223.25,card,checkout_abandoned,22,963,0,10,6,0.6,0
PAY_05040,CUST_0439,1633.52,netbanking,checkout_abandoned,5,1804,2,0,0,0.75,1
PAY_05041,CUST_1152,1941.34,card,card_declined,15,189,2,13,13,1.0,0
PAY_05042,CUST_0446,767.69,netbanking,card_declined,5,1999,0,0,0,0.75,0
PAY_05043,CUST_0365,1012.23,card,insufficient_funds,17,2157,2,3,2,0.667,0
PAY_05044,CUST_0592,761.95,upi,insufficient_funds,20,987,1,8,7,0.875,1
PAY_05045,CUST_1848,1998.6,upi,card_declined,3,1417,2,13,8,0.615,0
PAY_05046,CUST_1466,1370.48,netbanking,checkout_abandoned,22,1087,2,2,1,0.5,1
PAY_05047,CUST_1408,2425.47,card,card_declined,8,1318,0,8,1,0.125,0
PAY_05048,CUST_1368,881.85,card,checkout_abandoned,9,1115,1,1,1,1.0,0
PAY_05049,CUST_1071,1574.19,upi,card_declined,23,1433,0,5,0,0.0,0
PAY_05050,CUST_1583,839.42,wallet,checkout_abandoned,22,994,2,3,3,1.0,0
PAY_05051,CUST_0418,2091.42,netbanking,card_declined,15,2137,1,6,4,0.667,0
PAY_05052,CUST_0494,487.69,netbanking,insufficient_funds,0,2047,2,10,10,1.0,0
PAY_05053,CUST_0757,2032.06,upi,network_timeout,8,1726,1,10,7,0.7,0
PAY_05054,CUST_1297,1440.23,upi,card_declined,9,198,1,10,6,0.6,1
PAY_05055,CUST_1597,2080.4,netbanking,checkout_abandoned,21,500,0,0,0,0.75,0
PAY_05056,CUST_1526,479.97,netbanking,insufficient_funds,2,785,2,11,3,0.273,0
PAY_05057,CUST_0335,3039.09,netbanking,network_timeout,21,271,2,9,4,0.444,1
PAY_05058,CUST_2145,1417.35,netbanking,network_timeout,23,1957,0,0,0,0.75,0
PAY_05059,CUST_1822,2141.44,netbanking,network_timeout,5,592,2,14,14,1.0,1
PAY_05060,CUST_0689,403.22,card,card_declined,4,1672,0,11,5,0.455,0
PAY_05061,CUST_0400,666.04,card,card_declined,23,1952,0,10,10,1.0,0
PAY_05062,CUST_0696,1317.4,wallet,card_declined,22,623,2,7,7,1.0,0
PAY_05063,CUST_2435,5409.66,upi,insufficient_funds,10,1565,2,11,11,1.0,0
PAY_05064,CUST_2482,2744.51,card,card_declined,18,1433,1,4,2,0.5,0
PAY_05065,CUST_1051,1997.08,upi,checkout_abandoned,23,1381,2,10,5,0.5,1
PAY_05066,CUST_0156,859.28,upi,network_timeout,21,5,0,9,9,1.0,1
PAY_05067,CUST_0866,742.88,netbanking,network_timeout,7,1188,0,9,7,0.778,1
PAY_05068,CUST_1221,2245.91,netbanking,insufficient_funds,12,1151,1,11,8,0.727,0
PAY_05069,CUST_2408,3152.95,card,insufficient_funds,2,10,0,2,1,0.5,0
PAY_05070,CUST_2322,2127.54,upi,network_timeout,12,1983,0,1,0,0.0,1
PAY_05071,CUST_1742,7066.97,card,insufficient_funds,1,1640,0,8,5,0.625,0
PAY_05072,CUST_1374,1042.7,netbanking,insufficient_funds,3,1335,0,12,11,0.917,0
PAY_05073,CUST_1269,2077.74,card,network_timeout,9,786,1,3,3,1.0,0
PAY_05074,CUST_1451,464.52,upi,network_timeout,2,1963,1,8,7,0.875,1
PAY_05075,CUST_0247,2131.07,upi,checkout_abandoned,6,919,1,14,8,0.571,0
PAY_05076,CUST_0671,5831.56,upi,card_declined,15,164,2,9,4,0.444,0
PAY_05077,CUST_1445,782.38,upi,network_timeout,22,2158,0,1,1,1.0,1
PAY_05078,CUST_1837,3530.68,upi,card_declined,6,1153,2,13,8,0.615,0
PAY_05079,CUST_1067,5700.87,upi,insufficient_funds,15,1273,0,14,7,0.5,1
PAY_05080,CUST_2405,1036.67,card,checkout_abandoned,11,1478,1,10,10,1.0,0
PAY_05081,CUST_1875,2615.19,card,card_declined,15,356,0,9,5,0.556,1
PAY_05082,CUST_1165,6369.32,upi,network_timeout,2,72,1,8,7,0.875,1
PAY_05083,CUST_2449,2164.45,card,insufficient_funds,17,989,2,9,3,0.333,0
PAY_05084,CUST_2165,3377.58,netbanking,card_declined,14,1871,0,5,3,0.6,0
PAY_05085,CUST_1282,435.45,card,checkout_abandoned,13,2146,1,9,5,0.556,0
PAY_05086,CUST_0087,2902.28,netbanking,insufficient_funds,1,554,1,7,4,0.571,0
PAY_05087,CUST_1460,2722.57,card,checkout_abandoned,23,2132,1,11,3,0.273,0
PAY_05088,CUST_2104,623.02,netbanking,insufficient_funds,4,1868,1,12,11,0.917,0
PAY_05089,CUST_2243,832.21,card,checkout_abandoned,0,1765,0,10,6,0.6,0
PAY_05090,CUST_2395,2918.26,upi,insufficient_funds,3,604,2,14,11,0.786,0
PAY_05091,CUST_0182,1412.86,card,insufficient_funds,16,1583,0,6,2,0.333,0
PAY_05092,CUST_2126,4381.26,upi,checkout_abandoned,3,2120,1,11,8,0.727,0
PAY_05093,CUST_1014,2307.97,card,insufficient_funds,22,1255,1,5,4,0.8,1
PAY_05094,CUST_0219,1883.16,netbanking,insufficient_funds,15,1916,2,11,6,0.545,0
PAY_05095,CUST_1085,1570.55,upi,checkout_abandoned,7,598,1,4,4,1.0,1
PAY_05096,CUST_1591,2274.89,wallet,network_timeout,0,1849,2,10,5,0.5,0
PAY_05097,CUST_1541,3421.68,upi,checkout_abandoned,2,384,0,0,0,0.75,0
PAY_05098,CUST_0187,2759.0,upi,network_timeout,16,1485,0,11,5,0.455,1
PAY_05099,CUST_0270,1283.23,netbanking,checkout_abandoned,11,783,1,4,3,0.75,0
PAY_05100,CUST_0170,4851.73,card,checkout_abandoned,16,867,2,3,2,0.667,0
PAY_05101,CUST_0194,3046.34,upi,network_timeout,9,1586,0,5,2,0.4,1
PAY_05102,CUST_0194,2449.72,card,insufficient_funds,4,989,0,6,5,0.833,1
PAY_05103,CUST_0482,1937.01,upi,card_declined,21,1822,0,1,1,1.0,0
PAY_05104,CUST_0358,2685.39,card,network_timeout,11,1268,2,8,7,0.875,1
PAY_05105,CUST_1893,415.8,card,checkout_abandoned,22,1107,0,1,0,0.0,0
PAY_05106,CUST_1341,2183.29,upi,network_timeout,4,578,1,8,1,0.125,1
PAY_05107,CUST_1420,6685.45,upi,card_declined,14,1393,1,5,4,0.8,0
PAY_05108,CUST_1867,2146.37,card,insufficient_funds,7,554,1,8,6,0.75,0
PAY_05109,CUST_1493,1924.31,upi,network_timeout,7,1616,2,2,0,0.0,0
PAY_05110,CUST_0408,1117.48,netbanking,checkout_abandoned,18,1048,1,14,5,0.357,1
PAY_05111,CUST_2229,2669.71,card,card_declined,0,1148,0,0,0,0.75,1
PAY_05112,CUST_0017,1539.91,card,network_timeout,12,1142,1,12,9,0.75,1
PAY_05113,CUST_0763,5130.62,wallet,checkout_abandoned,11,93,0,5,5,1.0,0
PAY_05114,CUST_1067,902.03,wallet,checkout_abandoned,23,1722,2,12,8,0.667,0
PAY_05115,CUST_0535,1253.5,card,card_declined,1,2144,2,8,4,0.5,0
PAY_05116,CUST_1064,1113.03,upi,checkout_abandoned,22,1609,2,12,11,0.917,0
PAY_05117,CUST_0419,7810.35,card,network_timeout,23,393,1,8,4,0.5,1
PAY_05118,CUST_1096,1546.47,wallet,checkout_abandoned,5,1350,1,11,2,0.182,0
PAY_05119,CUST_0285,1161.05,card,card_declined,14,348,1,9,4,0.444,0
PAY_05120,CUST_1394,338.01,card,network_timeout,19,1413,2,10,5,0.5,0
PAY_05121,CUST_1401,868.22,card,network_timeout,23,957,2,8,2,0.25,0
PAY_05122,CUST_2430,2745.86,upi,insufficient_funds,8,1882,1,3,2,0.667,0
PAY_05123,CUST_0425,2737.07,card,insufficient_funds,6,1257,2,12,5,0.417,0
PAY_05124,CUST_0707,1069.11,netbanking,network_timeout,9,126,1,12,10,0.833,1
PAY_05125,CUST_1560,1117.69,upi,network_timeout,7,1881,2,10,8,0.8,0
PAY_05126,CUST_1426,7969.99,upi,card_declined,14,1232,0,4,3,0.75,0
PAY_05127,CUST_1491,15562.91,netbanking,insufficient_funds,22,1918,1,6,6,1.0,0
PAY_05128,CUST_2108,4515.9,card,card_declined,12,131,2,10,5,0.5,1
PAY_05129,CUST_1229,6266.45,card,checkout_abandoned,19,513,0,2,2,1.0,0
PAY_05130,CUST_1088,7425.55,card,checkout_abandoned,22,238,1,1,1,1.0,0
PAY_05131,CUST_0860,10585.06,netbanking,insufficient_funds,23,641,0,6,3,0.5,0
PAY_05132,CUST_0038,1413.75,card,card_declined,21,1027,1,8,8,1.0,0
PAY_05133,CUST_0996,891.52,netbanking,card_declined,8,1414,0,13,13,1.0,1
PAY_05134,CUST_0880,7803.55,upi,network_timeout,10,846,1,4,1,0.25,1
PAY_05135,CUST_1809,832.23,upi,checkout_abandoned,6,1035,2,3,1,0.333,0
PAY_05136,CUST_1759,790.5,upi,network_timeout,19,1585,2,10,4,0.4,1
PAY_05137,CUST_0677,805.15,card,card_declined,14,893,1,13,13,1.0,1
PAY_05138,CUST_0467,1620.39,card,card_declined,21,1768,0,12,7,0.583,0
PAY_05139,CUST_1695,367.98,netbanking,card_declined,21,250,2,9,6,0.667,0
PAY_05140,CUST_1667,571.95,card,checkout_abandoned,17,1706,1,0,0,0.75,1
PAY_05141,CUST_0719,1094.08,upi,network_timeout,23,1729,1,9,4,0.444,1
PAY_05142,CUST_0131,691.46,wallet,network_timeout,16,1252,1,1,0,0.0,0
PAY_05143,CUST_1218,4211.07,card,insufficient_funds,3,646,2,11,10,0.909,0
PAY_05144,CUST_1678,1809.6,card,checkout_abandoned,13,13,0,13,12,0.923,1
PAY_05145,CUST_0514,2855.95,card,insufficient_funds,17,2125,0,9,7,0.778,0
PAY_05146,CUST_1251,2616.43,card,checkout_abandoned,16,51,1,3,1,0.333,0
PAY_05147,CUST_2282,1525.57,wallet,checkout_abandoned,9,189,1,4,2,0.5,0
PAY_05148,CUST_1757,3968.12,wallet,network_timeout,3,411,2,10,7,0.7,0
PAY_05149,CUST_2132,2584.43,card,checkout_abandoned,11,415,1,11,7,0.636,0
PAY_05150,CUST_0070,1395.24,wallet,insufficient_funds,4,580,0,12,6,0.5,0
PAY_05151,CUST_2345,467.97,card,checkout_abandoned,18,464,0,1,0,0.0,0
PAY_05152,CUST_2381,2730.03,wallet,card_declined,8,996,2,11,9,0.818,0
PAY_05153,CUST_1645,656.22,netbanking,network_timeout,23,1940,1,14,9,0.643,0
PAY_05154,CUST_1451,2440.04,card,card_declined,22,821,2,0,0,0.75,0
PAY_05155,CUST_0430,1917.26,upi,card_declined,19,303,0,6,6,1.0,1
PAY_05156,CUST_1672,606.22,netbanking,card_declined,7,327,0,11,3,0.273,0
PAY_05157,CUST_1571,2213.34,card,insufficient_funds,8,1833,0,7,7,1.0,0
PAY_05158,CUST_2039,2097.7,card,network_timeout,3,209,1,14,10,0.714,0
PAY_05159,CUST_0484,2103.8,upi,network_timeout,2,2054,0,10,1,0.1,0
PAY_05160,CUST_0124,2024.62,card,insufficient_funds,11,47,0,5,2,0.4,1
PAY_05161,CUST_1173,1068.09,card,checkout_abandoned,7,91,2,9,4,0.444,0
PAY_05162,CUST_0400,2889.47,card,checkout_abandoned,8,150,2,10,6,0.6,0
PAY_05163,CUST_2185,1038.38,upi,card_declined,17,1994,1,11,11,1.0,0
PAY_05164,CUST_0395,761.94,card,insufficient_funds,23,2,1,4,4,1.0,1
PAY_05165,CUST_0468,3087.91,upi,network_timeout,0,1913,1,13,11,0.846,0
PAY_05166,CUST_0394,3807.34,card,checkout_abandoned,9,70,1,14,4,0.286,0
PAY_05167,CUST_2197,2923.39,card,insufficient_funds,5,1549,0,3,0,0.0,0
PAY_05168,CUST_0219,1525.06,upi,checkout_abandoned,13,966,2,3,0,0.0,0
PAY_05169,CUST_1206,381.45,card,card_declined,4,530,0,5,1,0.2,1
PAY_05170,CUST_2301,5889.31,upi,insufficient_funds,23,1459,2,4,3,0.75,0
PAY_05171,CUST_0783,376.71,card,checkout_abandoned,14,1539,2,2,0,0.0,0
PAY_05172,CUST_0872,2876.68,upi,network_timeout,21,904,1,2,2,1.0,0
PAY_05173,CUST_1687,9737.42,card,checkout_abandoned,15,230,0,10,10,1.0,1
PAY_05174,CUST_0285,2028.63,netbanking,card_declined,21,567,2,14,7,0.5,0
PAY_05175,CUST_1412,2272.26,card,card_declined,8,42,2,1,1,1.0,0
PAY_05176,CUST_1781,2438.16,netbanking,card_declined,19,1329,2,8,7,0.875,0
PAY_05177,CUST_1022,2109.22,card,card_declined,8,770,0,4,4,1.0,0
PAY_05178,CUST_0917,11802.1,card,card_declined,8,1366,1,3,1,0.333,0
PAY_05179,CUST_0381,916.91,upi,network_timeout,9,1166,0,8,4,0.5,1
PAY_05180,CUST_0514,829.28,card,network_timeout,18,1536,0,2,2,1.0,1
PAY_05181,CUST_0747,1385.12,upi,checkout_abandoned,19,983,0,1,1,1.0,0
PAY_05182,CUST_2322,7246.02,netbanking,insufficient_funds,14,614,2,13,13,1.0,1
PAY_05183,CUST_0387,1134.61,netbanking,card_declined,6,1346,2,6,4,0.667,0
PAY_05184,CUST_2119,2539.65,upi,checkout_abandoned,8,2065,2,0,0,0.75,0
PAY_05185,CUST_0823,4240.13,wallet,card_declined,12,1496,1,13,11,0.846,0
PAY_05186,CUST_1480,3356.75,upi,checkout_abandoned,12,372,1,9,5,0.556,1
PAY_05187,CUST_1986,4064.32,card,card_declined,11,554,0,11,5,0.455,1
PAY_05188,CUST_1244,5596.69,netbanking,network_timeout,20,2081,2,9,8,0.889,0
PAY_05189,CUST_2416,2303.37,card,checkout_abandoned,0,1549,2,7,2,0.286,0
PAY_05190,CUST_0256,1248.76,card,network_timeout,1,1367,1,11,5,0.455,1
PAY_05191,CUST_1615,2024.98,card,network_timeout,5,1562,2,5,5,1.0,0
PAY_05192,CUST_1203,1372.38,card,checkout_abandoned,21,588,1,10,8,0.8,0
PAY_05193,CUST_1304,13531.61,card,card_declined,4,1988,1,13,12,0.923,1
PAY_05194,CUST_1033,1175.46,card,checkout_abandoned,17,430,2,12,5,0.417,0
PAY_05195,CUST_2098,2649.31,upi,checkout_abandoned,23,2036,0,8,7,0.875,1
PAY_05196,CUST_1260,541.77,netbanking,checkout_abandoned,7,501,2,0,0,0.75,0
PAY_05197,CUST_2099,2001.79,wallet,insufficient_funds,20,677,2,0,0,0.75,1
PAY_05198,CUST_1013,1430.61,card,insufficient_funds,9,1395,0,6,2,0.333,0
PAY_05199,CUST_0105,3090.51,card,checkout_abandoned,11,1075,1,9,9,1.0,0
PAY_05200,CUST_1330,3155.63,upi,network_timeout,10,2069,0,1,0,0.0,0
PAY_05201,CUST_2488,5592.27,card,insufficient_funds,7,1843,1,6,4,0.667,0
PAY_05202,CUST_1426,5247.97,card,card_declined,10,1874,1,6,4,0.667,0
PAY_05203,CUST_2362,1707.01,upi,card_declined,3,1229,1,6,6,1.0,0
PAY_05204,CUST_0212,845.59,netbanking,network_timeout,0,2119,1,8,4,0.5,0
PAY_05205,CUST_1671,928.77,card,card_declined,7,1571,1,4,3,0.75,1
PAY_05206,CUST_0525,2293.27,upi,card_declined,4,696,2,8,4,0.5,0
PAY_05207,CUST_0127,2042.18,upi,card_declined,9,1291,2,6,5,0.833,0
PAY_05208,CUST_1144,2212.51,netbanking,checkout_abandoned,10,838,0,13,4,0.308,0
PAY_05209,CUST_1628,1173.16,card,card_declined,13,594,1,4,2,0.5,0
PAY_05210,CUST_2258,5683.55,netbanking,card_declined,2,1613,2,13,4,0.308,0
PAY_05211,CUST_1381,554.13,netbanking,network_timeout,17,884,0,14,11,0.786,1
PAY_05212,CUST_2349,1122.34,card,card_declined,3,541,1,4,1,0.25,0
PAY_05213,CUST_1452,760.41,upi,checkout_abandoned,5,1851,1,6,4,0.667,0
PAY_05214,CUST_1419,1522.89,upi,checkout_abandoned,22,728,2,10,9,0.9,1
PAY_05215,CUST_0503,4879.49,card,insufficient_funds,20,1602,2,6,6,1.0,0
PAY_05216,CUST_1433,1429.87,upi,insufficient_funds,13,619,1,10,9,0.9,0
PAY_05217,CUST_2454,1952.22,card,insufficient_funds,5,826,1,3,3,1.0,0
PAY_05218,CUST_1331,3062.34,netbanking,card_declined,21,881,2,14,14,1.0,0
PAY_05219,CUST_1566,1376.49,card,insufficient_funds,23,1045,1,10,7,0.7,0
PAY_05220,CUST_0728,2444.62,upi,card_declined,15,1667,1,1,1,1.0,0
PAY_05221,CUST_2279,2199.85,card,card_declined,6,762,1,3,0,0.0,0
PAY_05222,CUST_1140,728.43,upi,network_timeout,8,20,1,9,5,0.556,1
PAY_05223,CUST_0985,1241.52,upi,card_declined,0,334,1,4,1,0.25,0
PAY_05224,CUST_1425,2390.39,upi,card_declined,19,57,1,6,6,1.0,1
PAY_05225,CUST_1699,5020.55,upi,network_timeout,23,1970,2,9,6,0.667,0
PAY_05226,CUST_2166,5016.81,card,insufficient_funds,13,8,1,5,2,0.4,1
PAY_05227,CUST_1371,9623.19,card,card_declined,13,1989,2,13,3,0.231,1
PAY_05228,CUST_0862,2654.22,upi,card_declined,12,1381,0,9,4,0.444,0
PAY_05229,CUST_0772,1293.22,card,card_declined,6,21,2,6,4,0.667,0
PAY_05230,CUST_0522,1710.22,netbanking,card_declined,2,792,2,4,3,0.75,0
PAY_05231,CUST_0671,1643.41,upi,checkout_abandoned,7,1672,1,4,3,0.75,1
PAY_05232,CUST_0372,1298.85,netbanking,checkout_abandoned,4,1018,2,0,0,0.75,1
PAY_05233,CUST_1938,2445.26,card,insufficient_funds,18,1745,1,1,0,0.0,0
PAY_05234,CUST_0793,2538.0,upi,insufficient_funds,0,1007,0,11,4,0.364,0
PAY_05235,CUST_2420,703.83,card,checkout_abandoned,20,779,2,11,5,0.455,0
PAY_05236,CUST_1264,4298.74,wallet,network_timeout,2,439,2,1,0,0.0,0
PAY_05237,CUST_0255,414.1,upi,card_declined,12,1435,1,8,8,1.0,1
PAY_05238,CUST_2462,1506.52,upi,card_declined,21,1707,0,4,2,0.5,0
PAY_05239,CUST_1679,4514.25,upi,insufficient_funds,6,1485,2,10,7,0.7,0
PAY_05240,CUST_0489,2926.19,card,network_timeout,18,404,1,8,1,0.125,0
PAY_05241,CUST_1890,1352.84,upi,card_declined,2,765,2,11,9,0.818,0
PAY_05242,CUST_0123,8695.85,netbanking,insufficient_funds,5,1478,0,9,8,0.889,1
PAY_05243,CUST_0214,1265.83,card,insufficient_funds,21,459,1,2,0,0.0,0
PAY_05244,CUST_0678,362.85,wallet,insufficient_funds,5,1597,0,9,8,0.889,0
PAY_05245,CUST_1741,2585.65,netbanking,network_timeout,15,1988,2,12,4,0.333,1
PAY_05246,CUST_1526,433.86,wallet,checkout_abandoned,11,552,1,14,13,0.929,1
PAY_05247,CUST_0801,925.55,netbanking,network_timeout,4,794,0,10,7,0.7,1
PAY_05248,CUST_2386,2962.36,card,card_declined,7,1532,1,6,4,0.667,0
PAY_05249,CUST_1822,1244.96,upi,card_declined,14,1606,1,7,3,0.429,0
PAY_05250,CUST_1690,2864.16,card,checkout_abandoned,13,469,0,2,1,0.5,0
PAY_05251,CUST_0098,712.7,netbanking,network_timeout,19,1048,2,9,8,0.889,1
PAY_05252,CUST_1967,3577.17,card,card_declined,5,1136,0,2,2,1.0,1
PAY_05253,CUST_0345,465.35,netbanking,insufficient_funds,11,1799,0,3,1,0.333,0
PAY_05254,CUST_1546,5169.07,card,checkout_abandoned,9,1548,0,7,6,0.857,0
PAY_05255,CUST_0690,1230.6,card,checkout_abandoned,4,313,2,7,5,0.714,1
PAY_05256,CUST_2409,6127.05,card,checkout_abandoned,21,315,0,5,3,0.6,1
PAY_05257,CUST_2425,918.86,upi,network_timeout,7,1952,0,9,4,0.444,1
PAY_05258,CUST_1469,8394.69,card,insufficient_funds,11,1462,1,13,13,1.0,0
PAY_05259,CUST_1250,836.66,card,insufficient_funds,15,1865,0,13,11,0.846,0
PAY_05260,CUST_1696,428.54,card,card_declined,21,288,0,7,3,0.429,0
PAY_05261,CUST_2205,1863.15,card,checkout_abandoned,3,1141,0,8,6,0.75,1
PAY_05262,CUST_2460,4830.63,wallet,network_timeout,12,154,1,6,4,0.667,1
PAY_05263,CUST_2316,3388.6,upi,card_declined,1,1032,2,13,9,0.692,1
PAY_05264,CUST_1395,4563.84,card,checkout_abandoned,10,754,1,12,7,0.583,0
PAY_05265,CUST_0286,3442.52,card,insufficient_funds,23,682,2,0,0,0.75,0
PAY_05266,CUST_0593,933.86,card,card_declined,12,472,0,11,6,0.545,1
PAY_05267,CUST_0958,3323.17,card,insufficient_funds,23,280,2,0,0,0.75,0
PAY_05268,CUST_2374,1938.77,card,checkout_abandoned,17,323,2,10,7,0.7,0
PAY_05269,CUST_0857,1020.2,card,checkout_abandoned,6,1154,0,5,5,1.0,0
PAY_05270,CUST_1378,2077.72,card,network_timeout,23,559,2,7,4,0.571,0
PAY_05271,CUST_1859,1720.69,card,checkout_abandoned,17,651,2,11,8,0.727,1
PAY_05272,CUST_2020,5587.77,netbanking,checkout_abandoned,0,1646,2,3,3,1.0,0
PAY_05273,CUST_0591,1192.3,card,checkout_abandoned,18,881,0,1,1,1.0,1
PAY_05274,CUST_1007,1148.54,upi,checkout_abandoned,12,1858,1,8,7,0.875,1
PAY_05275,CUST_2223,1029.3,upi,insufficient_funds,23,1356,2,12,4,0.333,1
PAY_05276,CUST_2402,8209.28,netbanking,checkout_abandoned,16,2024,0,1,0,0.0,0
PAY_05277,CUST_1458,1076.42,card,network_timeout,3,1515,1,5,4,0.8,1
PAY_05278,CUST_1971,5079.73,netbanking,checkout_abandoned,9,2054,1,8,6,0.75,0
PAY_05279,CUST_1267,788.74,netbanking,card_declined,18,1571,2,3,2,0.667,0
PAY_05280,CUST_1585,2699.55,wallet,checkout_abandoned,13,1358,2,12,7,0.583,0
PAY_05281,CUST_2464,2220.64,netbanking,checkout_abandoned,0,814,2,8,5,0.625,0
PAY_05282,CUST_1914,4828.24,card,insufficient_funds,1,1498,1,7,4,0.571,0
PAY_05283,CUST_1926,4299.46,wallet,checkout_abandoned,6,878,1,2,1,0.5,1
PAY_05284,CUST_2049,1921.87,netbanking,insufficient_funds,6,659,1,1,0,0.0,1
PAY_05285,CUST_0034,1171.31,card,card_declined,13,62,0,2,1,0.5,0
PAY_05286,CUST_2137,6604.53,card,card_declined,9,1933,1,0,0,0.75,1
PAY_05287,CUST_1522,1081.37,wallet,checkout_abandoned,6,642,1,8,4,0.5,0
PAY_05288,CUST_1389,293.35,card,network_timeout,9,753,2,12,11,0.917,0
PAY_05289,CUST_2352,406.95,netbanking,insufficient_funds,4,1707,2,11,11,1.0,0
PAY_05290,CUST_1758,494.47,card,network_timeout,16,1587,0,3,2,0.667,1
PAY_05291,CUST_1472,2898.93,upi,insufficient_funds,1,1447,1,2,2,1.0,1
PAY_05292,CUST_2423,10584.18,card,insufficient_funds,21,1695,1,7,5,0.714,0
PAY_05293,CUST_1423,351.98,upi,checkout_abandoned,18,2105,2,11,4,0.364,0
PAY_05294,CUST_1431,962.47,upi,checkout_abandoned,1,2112,1,11,5,0.455,0
PAY_05295,CUST_0270,1932.87,wallet,checkout_abandoned,15,1020,1,7,6,0.857,0
PAY_05296,CUST_0022,6197.79,card,network_timeout,10,70,2,3,2,0.667,1
PAY_05297,CUST_0968,958.33,card,checkout_abandoned,14,265,2,7,6,0.857,0
PAY_05298,CUST_0029,2887.6,card,card_declined,9,543,2,11,10,0.909,0
PAY_05299,CUST_1418,1473.61,card,insufficient_funds,7,1161,0,13,11,0.846,1
PAY_05300,CUST_1926,14490.83,wallet,card_declined,23,1019,2,1,1,1.0,0
PAY_05301,CUST_0823,2020.65,card,network_timeout,4,1318,0,11,7,0.636,1
PAY_05302,CUST_0116,2392.5,card,network_timeout,16,1722,2,11,6,0.545,0
PAY_05303,CUST_2202,1925.51,netbanking,checkout_abandoned,12,1547,2,3,3,1.0,0
PAY_05304,CUST_1707,1291.8,card,insufficient_funds,22,1567,1,0,0,0.75,0
PAY_05305,CUST_0210,3848.5,card,card_declined,11,1832,2,4,3,0.75,0
PAY_05306,CUST_2228,712.17,upi,network_timeout,12,163,0,4,1,0.25,0
PAY_05307,CUST_1138,362.84,card,checkout_abandoned,21,843,1,1,1,1.0,1
PAY_05308,CUST_1402,1596.21,netbanking,insufficient_funds,15,1851,2,3,1,0.333,0
PAY_05309,CUST_2020,3456.43,upi,card_declined,10,272,2,2,0,0.0,1
PAY_05310,CUST_0583,1131.07,card,insufficient_funds,20,891,0,13,12,0.923,1
PAY_05311,CUST_0486,2089.61,upi,insufficient_funds,20,1697,1,1,1,1.0,0
PAY_05312,CUST_2322,677.89,netbanking,insufficient_funds,0,1847,0,8,5,0.625,1
PAY_05313,CUST_0276,4211.91,card,insufficient_funds,5,1777,2,4,1,0.25,1
PAY_05314,CUST_1265,3032.28,upi,network_timeout,22,1909,0,12,6,0.5,1
PAY_05315,CUST_0648,1828.63,card,insufficient_funds,21,124,1,7,3,0.429,0
PAY_05316,CUST_0448,2060.13,upi,insufficient_funds,11,1982,1,8,6,0.75,0
PAY_05317,CUST_2247,590.33,upi,card_declined,8,1062,1,5,5,1.0,1
PAY_05318,CUST_1032,611.81,card,checkout_abandoned,23,1697,1,12,5,0.417,1
PAY_05319,CUST_2456,1632.63,upi,insufficient_funds,0,582,0,10,5,0.5,0
PAY_05320,CUST_1918,2714.95,card,insufficient_funds,0,1627,1,8,7,0.875,0
PAY_05321,CUST_1621,2827.21,upi,card_declined,15,299,2,5,3,0.6,0
PAY_05322,CUST_1439,1346.41,upi,network_timeout,2,1103,1,6,2,0.333,1
PAY_05323,CUST_0369,3267.71,card,checkout_abandoned,4,79,0,3,1,0.333,0
PAY_05324,CUST_1403,5609.27,card,card_declined,1,1202,0,9,8,0.889,0
PAY_05325,CUST_2397,1676.74,wallet,card_declined,22,2141,0,4,3,0.75,0
PAY_05326,CUST_0104,2306.01,card,card_declined,1,1116,0,4,3,0.75,1
PAY_05327,CUST_2106,1524.25,card,network_timeout,21,88,0,6,2,0.333,1
PAY_05328,CUST_1050,1627.01,card,checkout_abandoned,3,1114,2,13,11,0.846,1
PAY_05329,CUST_1104,2061.51,upi,insufficient_funds,21,438,2,6,2,0.333,0
PAY_05330,CUST_1718,7031.49,card,insufficient_funds,7,455,2,13,12,0.923,0
PAY_05331,CUST_1928,3743.45,netbanking,checkout_abandoned,10,1256,2,7,5,0.714,0
PAY_05332,CUST_0426,3483.14,upi,checkout_abandoned,3,709,2,1,1,1.0,1
PAY_05333,CUST_1782,1252.06,card,card_declined,6,828,0,8,4,0.5,1
PAY_05334,CUST_2455,877.43,upi,card_declined,3,383,0,13,10,0.769,0
PAY_05335,CUST_0585,2458.16,card,insufficient_funds,5,1373,2,13,11,0.846,0
PAY_05336,CUST_0068,4868.49,card,checkout_abandoned,10,1550,2,2,1,0.5,0
PAY_05337,CUST_0636,7145.7,upi,checkout_abandoned,11,1929,2,4,2,0.5,0
PAY_05338,CUST_0657,253.01,card,checkout_abandoned,15,908,2,10,4,0.4,0
PAY_05339,CUST_1182,12741.92,netbanking,checkout_abandoned,22,53,1,6,3,0.5,1
PAY_05340,CUST_0089,2512.75,upi,insufficient_funds,1,526,1,12,6,0.5,1
PAY_05341,CUST_1436,3724.49,card,insufficient_funds,6,2128,0,7,2,0.286,0
PAY_05342,CUST_0640,447.46,wallet,card_declined,13,1726,2,3,1,0.333,0
PAY_05343,CUST_1398,1489.23,upi,checkout_abandoned,11,1152,0,4,3,0.75,1
PAY_05344,CUST_0777,3476.64,card,network_timeout,13,1934,0,1,0,0.0,0
PAY_05345,CUST_2267,703.27,upi,insufficient_funds,7,545,2,4,1,0.25,0
PAY_05346,CUST_1201,178.55,wallet,card_declined,7,11,1,11,10,0.909,1
PAY_05347,CUST_2461,2354.18,card,checkout_abandoned,17,1416,1,3,0,0.0,0
PAY_05348,CUST_2159,1729.72,card,checkout_abandoned,4,1896,2,6,6,1.0,0
PAY_05349,CUST_1851,5702.22,upi,checkout_abandoned,2,286,2,2,0,0.0,0
PAY_05350,CUST_0751,1583.84,card,card_declined,15,58,1,7,5,0.714,0
PAY_05351,CUST_2103,1679.36,card,checkout_abandoned,13,1594,2,14,8,0.571,0
PAY_05352,CUST_0506,3145.36,upi,checkout_abandoned,18,1533,0,11,9,0.818,0
PAY_05353,CUST_2019,4114.85,netbanking,checkout_abandoned,15,88,1,11,6,0.545,1
PAY_05354,CUST_0510,1021.01,upi,checkout_abandoned,6,1894,1,3,2,0.667,0
PAY_05355,CUST_1316,3832.0,card,checkout_abandoned,11,2112,0,4,2,0.5,0
PAY_05356,CUST_0213,1185.78,card,checkout_abandoned,12,510,2,1,1,1.0,1
PAY_05357,CUST_1418,1823.95,card,network_timeout,2,1823,0,13,4,0.308,1
PAY_05358,CUST_0372,3078.38,card,insufficient_funds,2,2038,2,14,7,0.5,0
PAY_05359,CUST_2130,3539.18,upi,insufficient_funds,23,967,2,5,3,0.6,0
PAY_05360,CUST_0743,2322.02,card,checkout_abandoned,18,1555,1,10,7,0.7,0
PAY_05361,CUST_2472,758.31,netbanking,network_timeout,19,1025,0,3,2,0.667,1
PAY_05362,CUST_0577,403.16,upi,card_declined,15,2124,2,9,8,0.889,0
PAY_05363,CUST_1883,1548.71,upi,card_declined,20,198,2,1,1,1.0,1
PAY_05364,CUST_0195,3915.0,netbanking,checkout_abandoned,10,431,0,4,2,0.5,1
PAY_05365,CUST_1403,2579.37,upi,checkout_abandoned,3,509,2,5,0,0.0,0
PAY_05366,CUST_2398,2184.56,netbanking,checkout_abandoned,14,277,0,14,6,0.429,1
PAY_05367,CUST_0557,1789.91,netbanking,insufficient_funds,1,155,1,7,5,0.714,0
PAY_05368,CUST_0194,2304.97,upi,checkout_abandoned,22,1429,0,3,2,0.667,1
PAY_05369,CUST_1507,812.62,card,checkout_abandoned,14,1287,1,0,0,0.75,1
PAY_05370,CUST_1844,3360.02,card,insufficient_funds,13,1112,2,2,2,1.0,0
PAY_05371,CUST_0676,3542.5,netbanking,card_declined,16,1605,2,3,2,0.667,0
PAY_05372,CUST_0665,1354.69,card,checkout_abandoned,10,1760,2,4,1,0.25,0
PAY_05373,CUST_1474,2553.32,wallet,card_declined,15,583,2,2,2,1.0,1
PAY_05374,CUST_1383,455.91,card,network_timeout,10,927,2,11,11,1.0,1
PAY_05375,CUST_0668,2078.87,upi,checkout_abandoned,5,1407,2,5,4,0.8,0
PAY_05376,CUST_0004,1618.15,card,checkout_abandoned,4,5,2,3,0,0.0,0
PAY_05377,CUST_0974,4929.18,wallet,insufficient_funds,3,1098,2,7,1,0.143,0
PAY_05378,CUST_0019,1535.53,card,checkout_abandoned,21,1048,1,4,2,0.5,0
PAY_05379,CUST_2021,3606.43,card,card_declined,8,591,0,10,3,0.3,1
PAY_05380,CUST_0843,1316.33,netbanking,checkout_abandoned,13,1438,0,7,7,1.0,1
PAY_05381,CUST_0191,289.07,card,card_declined,4,714,1,13,13,1.0,0
PAY_05382,CUST_1760,1502.84,card,checkout_abandoned,9,675,1,9,7,0.778,1
PAY_05383,CUST_1828,2106.85,netbanking,checkout_abandoned,11,1567,1,5,2,0.4,1
PAY_05384,CUST_2432,2030.85,netbanking,card_declined,22,1085,1,2,2,1.0,0
PAY_05385,CUST_1904,2055.56,card,card_declined,21,430,2,1,0,0.0,0
PAY_05386,CUST_1131,1200.36,upi,checkout_abandoned,13,1303,1,9,8,0.889,0
PAY_05387,CUST_0912,1389.31,card,card_declined,7,708,0,0,0,0.75,1
PAY_05388,CUST_1701,731.04,card,card_declined,3,1551,0,5,4,0.8,1
PAY_05389,CUST_0459,364.4,upi,network_timeout,22,1040,0,0,0,0.75,0
PAY_05390,CUST_1418,1653.05,card,checkout_abandoned,16,509,1,5,5,1.0,1
PAY_05391,CUST_0817,991.66,upi,network_timeout,8,178,2,13,5,0.385,0
PAY_05392,CUST_2349,4270.18,card,insufficient_funds,23,581,1,1,1,1.0,0
PAY_05393,CUST_0446,314.18,netbanking,checkout_abandoned,16,1422,1,14,14,1.0,0
PAY_05394,CUST_1404,2271.87,upi,network_timeout,19,1483,0,14,14,1.0,1
PAY_05395,CUST_0710,9825.46,card,insufficient_funds,6,1787,0,12,4,0.333,0
PAY_05396,CUST_0687,1555.05,wallet,insufficient_funds,9,766,2,10,7,0.7,1
PAY_05397,CUST_1745,1796.05,netbanking,insufficient_funds,9,1980,2,2,1,0.5,0
PAY_05398,CUST_1764,2531.63,card,insufficient_funds,19,1621,0,1,0,0.0,0
PAY_05399,CUST_2094,2695.01,wallet,checkout_abandoned,20,714,1,13,3,0.231,0
PAY_05400,CUST_2150,1298.2,card,card_declined,11,578,2,5,1,0.2,1
PAY_05401,CUST_2215,803.44,card,checkout_abandoned,14,1235,2,6,1,0.167,0
PAY_05402,CUST_2122,3034.25,card,card_declined,9,1630,0,1,0,0.0,0
PAY_05403,CUST_0309,391.15,card,insufficient_funds,9,1017,1,0,0,0.75,1
PAY_05404,CUST_2005,3502.82,upi,card_declined,13,341,2,8,8,1.0,0
PAY_05405,CUST_2233,1315.67,upi,network_timeout,21,1657,0,6,2,0.333,0
PAY_05406,CUST_0231,1804.45,netbanking,checkout_abandoned,1,977,1,10,8,0.8,1
PAY_05407,CUST_2033,1182.11,card,insufficient_funds,6,65,0,12,8,0.667,1
PAY_05408,CUST_1163,5654.73,card,card_declined,6,414,0,0,0,0.75,0
PAY_05409,CUST_0909,2196.79,card,card_declined,14,1247,2,14,14,1.0,0
PAY_05410,CUST_1073,1391.52,card,checkout_abandoned,13,1114,0,13,10,0.769,1
PAY_05411,CUST_1136,1360.52,wallet,insufficient_funds,21,360,1,8,7,0.875,0
PAY_05412,CUST_2462,1598.81,upi,checkout_abandoned,2,1512,1,5,4,0.8,0
PAY_05413,CUST_2190,12247.71,netbanking,insufficient_funds,17,1373,1,2,1,0.5,0
PAY_05414,CUST_0369,627.58,upi,card_declined,9,1139,2,3,2,0.667,0
PAY_05415,CUST_2283,4280.6,card,checkout_abandoned,1,162,1,10,9,0.9,1
PAY_05416,CUST_1148,2835.65,card,network_timeout,19,346,0,1,1,1.0,1
PAY_05417,CUST_2161,6169.61,card,card_declined,0,392,0,14,8,0.571,1
PAY_05418,CUST_1828,2977.37,netbanking,checkout_abandoned,21,1990,0,2,2,1.0,1
PAY_05419,CUST_1769,1804.85,card,card_declined,6,486,2,11,11,1.0,0
PAY_05420,CUST_0162,4070.67,card,insufficient_funds,4,11,2,12,10,0.833,0
PAY_05421,CUST_0991,2163.23,upi,insufficient_funds,7,616,0,4,3,0.75,0
PAY_05422,CUST_2234,3292.84,card,network_timeout,22,1578,1,7,4,0.571,1
PAY_05423,CUST_0840,5642.7,upi,checkout_abandoned,19,458,1,8,6,0.75,1
PAY_05424,CUST_1767,1938.28,card,card_declined,11,1561,1,11,8,0.727,0
PAY_05425,CUST_0897,1281.82,upi,checkout_abandoned,8,61,2,0,0,0.75,1
PAY_05426,CUST_0342,1075.45,card,network_timeout,3,1935,0,3,2,0.667,1
PAY_05427,CUST_1070,2581.11,netbanking,checkout_abandoned,12,1182,2,2,0,0.0,0
PAY_05428,CUST_1714,891.59,upi,checkout_abandoned,18,1860,1,4,4,1.0,0
PAY_05429,CUST_2315,1360.62,card,checkout_abandoned,2,1554,0,10,4,0.4,1
PAY_05430,CUST_1592,830.05,netbanking,network_timeout,2,325,0,6,3,0.5,1
PAY_05431,CUST_1161,2703.26,netbanking,insufficient_funds,18,1433,0,7,6,0.857,0
PAY_05432,CUST_0303,986.16,upi,insufficient_funds,17,2043,1,6,6,1.0,0
PAY_05433,CUST_2170,643.01,wallet,checkout_abandoned,10,1031,1,0,0,0.75,1
PAY_05434,CUST_2412,740.2,netbanking,insufficient_funds,16,326,0,1,1,1.0,1
PAY_05435,CUST_1296,1139.87,card,checkout_abandoned,12,1192,1,3,3,1.0,1
PAY_05436,CUST_1269,1225.74,card,card_declined,15,1218,2,0,0,0.75,1
PAY_05437,CUST_2044,2201.08,card,checkout_abandoned,4,1688,2,12,9,0.75,1
PAY_05438,CUST_1339,1581.68,upi,card_declined,19,338,1,14,13,0.929,0
PAY_05439,CUST_0336,2420.65,wallet,checkout_abandoned,19,1416,0,7,2,0.286,0
PAY_05440,CUST_1710,2581.26,upi,card_declined,19,819,1,9,6,0.667,0
PAY_05441,CUST_0480,3254.98,card,card_declined,4,521,1,0,0,0.75,0
PAY_05442,CUST_0503,391.22,wallet,checkout_abandoned,10,1712,2,0,0,0.75,0
PAY_05443,CUST_0615,730.52,upi,checkout_abandoned,7,1186,0,9,6,0.667,0
PAY_05444,CUST_1485,2805.82,card,checkout_abandoned,12,2021,2,11,11,1.0,0
PAY_05445,CUST_0439,2131.69,wallet,checkout_abandoned,10,508,2,13,10,0.769,1
PAY_05446,CUST_0815,3932.73,card,insufficient_funds,10,693,2,5,3,0.6,0
PAY_05447,CUST_2072,523.39,upi,checkout_abandoned,21,1979,1,6,5,0.833,1
PAY_05448,CUST_2200,1230.8,upi,insufficient_funds,14,942,1,11,2,0.182,0
PAY_05449,CUST_0787,1420.04,wallet,network_timeout,23,848,2,2,0,0.0,0
PAY_05450,CUST_2240,2056.57,card,insufficient_funds,12,1733,2,14,10,0.714,0
PAY_05451,CUST_0829,1852.41,card,card_declined,17,234,2,4,3,0.75,0
PAY_05452,CUST_1892,2619.67,upi,network_timeout,7,1288,0,0,0,0.75,1
PAY_05453,CUST_0072,1642.24,netbanking,checkout_abandoned,11,761,1,11,9,0.818,1
PAY_05454,CUST_0425,5395.99,card,card_declined,10,1938,2,14,12,0.857,0
PAY_05455,CUST_0795,6964.0,card,checkout_abandoned,18,278,0,7,6,0.857,0
PAY_05456,CUST_1179,736.0,wallet,network_timeout,13,710,2,2,2,1.0,0
PAY_05457,CUST_1374,1866.15,netbanking,card_declined,7,410,1,2,1,0.5,0
PAY_05458,CUST_2407,3408.19,card,network_timeout,19,405,1,4,3,0.75,1
PAY_05459,CUST_0138,2874.99,card,card_declined,19,546,2,8,3,0.375,1
PAY_05460,CUST_0905,1298.89,upi,card_declined,3,1184,2,9,6,0.667,1
PAY_05461,CUST_1021,2207.1,upi,checkout_abandoned,9,1067,1,10,8,0.8,0
PAY_05462,CUST_0812,507.13,upi,card_declined,13,1008,2,10,4,0.4,1
PAY_05463,CUST_1233,1772.65,netbanking,card_declined,21,1897,0,3,2,0.667,1
PAY_05464,CUST_0547,559.64,card,checkout_abandoned,22,1903,2,2,2,1.0,0
PAY_05465,CUST_1086,2702.48,netbanking,card_declined,5,455,0,14,7,0.5,1
PAY_05466,CUST_0181,737.14,card,checkout_abandoned,9,193,2,2,2,1.0,1
PAY_05467,CUST_0389,2050.77,netbanking,checkout_abandoned,3,1460,0,7,4,0.571,0
PAY_05468,CUST_0190,2323.66,card,card_declined,1,99,2,4,3,0.75,0
PAY_05469,CUST_1520,1912.63,card,network_timeout,8,1306,1,10,7,0.7,1
PAY_05470,CUST_0438,1085.7,card,card_declined,20,376,0,4,1,0.25,1
PAY_05471,CUST_2161,1521.19,card,network_timeout,9,370,2,1,0,0.0,0
PAY_05472,CUST_1029,4630.4,card,card_declined,5,1451,0,4,3,0.75,0
PAY_05473,CUST_0638,1281.59,upi,checkout_abandoned,5,1667,2,1,1,1.0,0
PAY_05474,CUST_1405,1831.13,netbanking,card_declined,16,703,1,2,1,0.5,0
PAY_05475,CUST_0137,1152.99,upi,checkout_abandoned,13,773,1,7,6,0.857,0
PAY_05476,CUST_1325,4071.98,upi,card_declined,11,211,0,14,9,0.643,0
PAY_05477,CUST_1371,1915.64,card,card_declined,8,1933,0,3,3,1.0,0
PAY_05478,CUST_1067,976.88,netbanking,network_timeout,22,1914,2,11,5,0.455,0
PAY_05479,CUST_1871,1810.29,card,network_timeout,3,342,2,7,2,0.286,0
PAY_05480,CUST_2174,1484.33,card,checkout_abandoned,18,1646,2,14,13,0.929,0
PAY_05481,CUST_1809,5484.1,card,card_declined,23,1988,2,7,6,0.857,0
PAY_05482,CUST_2069,1736.79,card,card_declined,19,1910,0,1,0,0.0,0
PAY_05483,CUST_1050,595.47,upi,insufficient_funds,12,919,1,6,2,0.333,0
PAY_05484,CUST_0981,2682.35,card,insufficient_funds,14,242,2,1,1,1.0,0
PAY_05485,CUST_0126,7513.16,card,checkout_abandoned,20,1122,1,3,1,0.333,0
PAY_05486,CUST_1273,4689.53,netbanking,checkout_abandoned,3,681,2,8,8,1.0,1
PAY_05487,CUST_2369,744.86,card,checkout_abandoned,19,752,2,13,10,0.769,0
PAY_05488,CUST_2215,1451.8,upi,card_declined,4,1350,2,9,8,0.889,0
PAY_05489,CUST_0289,1756.35,card,insufficient_funds,3,1239,1,5,1,0.2,0
PAY_05490,CUST_0469,1773.49,netbanking,checkout_abandoned,1,171,0,9,3,0.333,1
PAY_05491,CUST_2240,2441.36,upi,insufficient_funds,2,1349,2,3,2,0.667,0
PAY_05492,CUST_0883,1366.85,card,checkout_abandoned,15,2141,1,1,1,1.0,0
PAY_05493,CUST_1432,865.27,netbanking,card_declined,2,422,0,11,8,0.727,0
PAY_05494,CUST_1499,3854.44,card,insufficient_funds,16,2144,1,12,4,0.333,0
PAY_05495,CUST_1038,732.67,card,checkout_abandoned,2,227,2,9,8,0.889,1
PAY_05496,CUST_1117,947.52,upi,insufficient_funds,4,1120,2,7,5,0.714,0
PAY_05497,CUST_2108,729.03,upi,checkout_abandoned,8,207,1,6,6,1.0,1
PAY_05498,CUST_1395,2937.49,card,insufficient_funds,20,2146,2,5,5,1.0,0
PAY_05499,CUST_2454,1960.04,card,card_declined,3,1707,0,14,9,0.643,0
PAY_05500,CUST_0101,3649.5,card,insufficient_funds,8,2023,2,7,6,0.857,0
PAY_05501,CUST_0309,960.44,upi,card_declined,2,88,0,13,10,0.769,1
PAY_05502,CUST_1225,660.59,wallet,network_timeout,5,1315,0,0,0,0.75,0
PAY_05503,CUST_1685,1261.96,card,card_declined,12,1785,0,5,2,0.4,0
PAY_05504,CUST_2394,1555.49,wallet,network_timeout,18,183,1,3,3,1.0,1
PAY_05505,CUST_2346,2127.75,card,checkout_abandoned,12,2012,0,1,1,1.0,1
PAY_05506,CUST_2353,468.54,netbanking,insufficient_funds,15,274,2,14,8,0.571,0
PAY_05507,CUST_1127,2639.98,wallet,card_declined,8,240,0,0,0,0.75,1
PAY_05508,CUST_1738,880.2,upi,insufficient_funds,4,643,0,8,5,0.625,1
PAY_05509,CUST_0689,1072.35,card,checkout_abandoned,15,1982,0,3,2,0.667,0
PAY_05510,CUST_2336,4603.21,card,network_timeout,19,1779,2,1,1,1.0,1
PAY_05511,CUST_2137,313.87,card,card_declined,14,933,0,14,14,1.0,1
PAY_05512,CUST_1893,2329.81,upi,network_timeout,2,1166,2,4,3,0.75,0
PAY_05513,CUST_1683,2322.79,wallet,network_timeout,23,84,1,5,1,0.2,1
PAY_05514,CUST_0472,934.97,card,insufficient_funds,4,1794,2,2,1,0.5,0
PAY_05515,CUST_1754,1258.83,card,card_declined,13,112,1,10,9,0.9,1
PAY_05516,CUST_1717,4780.88,card,checkout_abandoned,18,1538,2,13,11,0.846,0
PAY_05517,CUST_0768,8654.9,upi,card_declined,23,801,1,5,4,0.8,1
PAY_05518,CUST_2476,4218.87,upi,card_declined,12,1760,0,12,7,0.583,0
PAY_05519,CUST_0869,8137.51,card,card_declined,22,57,2,6,2,0.333,0
PAY_05520,CUST_1638,1035.33,netbanking,network_timeout,10,574,1,8,5,0.625,1
PAY_05521,CUST_2439,508.5,card,insufficient_funds,1,1408,0,12,8,0.667,0
PAY_05522,CUST_2015,1725.8,upi,card_declined,3,1513,1,14,12,0.857,1
PAY_05523,CUST_1938,3426.96,card,insufficient_funds,21,13,0,9,7,0.778,0
PAY_05524,CUST_1737,408.19,card,checkout_abandoned,2,168,2,5,3,0.6,1
PAY_05525,CUST_0168,857.8,upi,insufficient_funds,22,787,0,7,6,0.857,0
PAY_05526,CUST_0094,937.51,upi,checkout_abandoned,10,1489,2,12,9,0.75,0
PAY_05527,CUST_1816,2394.17,card,insufficient_funds,22,1364,2,5,2,0.4,0
PAY_05528,CUST_0047,2159.51,netbanking,card_declined,23,1052,0,7,7,1.0,1
PAY_05529,CUST_1685,968.18,upi,checkout_abandoned,1,1270,1,11,6,0.545,0
PAY_05530,CUST_1865,2078.48,card,checkout_abandoned,14,725,1,12,11,0.917,0
PAY_05531,CUST_0568,720.32,wallet,insufficient_funds,0,1234,2,6,5,0.833,0
PAY_05532,CUST_0766,1279.73,wallet,checkout_abandoned,7,1504,0,13,7,0.538,0
PAY_05533,CUST_2119,654.39,card,network_timeout,22,457,1,12,7,0.583,1
PAY_05534,CUST_1202,1596.15,wallet,insufficient_funds,23,15,1,6,4,0.667,1
PAY_05535,CUST_1711,948.75,netbanking,checkout_abandoned,3,620,1,4,3,0.75,0
PAY_05536,CUST_0824,3127.04,card,checkout_abandoned,23,1667,2,2,1,0.5,0
PAY_05537,CUST_0384,1762.68,upi,insufficient_funds,4,1813,1,1,0,0.0,0
PAY_05538,CUST_0496,1501.39,card,network_timeout,8,1157,0,2,2,1.0,0
PAY_05539,CUST_0577,7405.97,upi,insufficient_funds,12,1848,2,1,1,1.0,0
PAY_05540,CUST_0763,2445.91,wallet,card_declined,5,930,0,4,3,0.75,0
PAY_05541,CUST_1767,1340.8,card,checkout_abandoned,1,1565,2,14,13,0.929,0
PAY_05542,CUST_1095,1128.4,upi,network_timeout,4,1144,1,3,0,0.0,0
PAY_05543,CUST_1229,699.67,card,network_timeout,1,1,2,5,5,1.0,1
PAY_05544,CUST_0732,1707.58,upi,network_timeout,14,587,2,5,5,1.0,0
PAY_05545,CUST_1499,2302.23,netbanking,network_timeout,15,1450,2,7,1,0.143,1
PAY_05546,CUST_2415,389.18,card,insufficient_funds,7,1333,0,7,6,0.857,0
PAY_05547,CUST_2049,604.47,upi,checkout_abandoned,20,1593,1,8,6,0.75,1
PAY_05548,CUST_2361,1191.13,card,network_timeout,18,494,0,1,1,1.0,1
PAY_05549,CUST_1090,747.7,upi,checkout_abandoned,8,398,1,4,4,1.0,1
PAY_05550,CUST_0273,1863.38,upi,network_timeout,8,2003,1,13,10,0.769,1
PAY_05551,CUST_0646,2082.37,upi,insufficient_funds,9,792,2,14,10,0.714,0
PAY_05552,CUST_0592,1632.22,card,card_declined,14,1684,1,0,0,0.75,0
PAY_05553,CUST_1312,2795.26,upi,insufficient_funds,20,123,1,9,4,0.444,0
PAY_05554,CUST_0304,1127.34,upi,card_declined,5,1909,0,2,2,1.0,0
PAY_05555,CUST_1067,1735.1,upi,checkout_abandoned,7,1866,0,8,7,0.875,0
PAY_05556,CUST_1483,806.65,upi,checkout_abandoned,11,1545,2,0,0,0.75,0
PAY_05557,CUST_1038,2260.27,netbanking,insufficient_funds,6,627,0,11,8,0.727,0
PAY_05558,CUST_1363,1912.69,card,insufficient_funds,15,175,2,14,12,0.857,1
PAY_05559,CUST_1271,690.02,card,checkout_abandoned,1,452,1,1,1,1.0,1
PAY_05560,CUST_0321,1590.01,wallet,card_declined,23,1126,1,6,4,0.667,1
PAY_05561,CUST_0469,1746.35,card,checkout_abandoned,6,2059,1,2,1,0.5,0
PAY_05562,CUST_1624,2253.75,wallet,insufficient_funds,7,1520,0,2,2,1.0,0
PAY_05563,CUST_1132,2321.66,upi,card_declined,6,1033,0,11,6,0.545,1
PAY_05564,CUST_0882,1010.9,wallet,card_declined,18,1333,1,1,0,0.0,1
PAY_05565,CUST_1369,3315.81,upi,checkout_abandoned,4,1594,1,1,0,0.0,0
PAY_05566,CUST_1174,2735.27,netbanking,card_declined,14,1479,0,5,4,0.8,1
PAY_05567,CUST_1567,1008.16,upi,checkout_abandoned,16,230,2,4,2,0.5,0
PAY_05568,CUST_1814,721.54,upi,card_declined,18,1157,1,14,14,1.0,0
PAY_05569,CUST_0259,1071.72,card,card_declined,12,1942,1,5,4,0.8,0
PAY_05570,CUST_0070,554.59,card,checkout_abandoned,14,1367,2,8,3,0.375,0
PAY_05571,CUST_1677,2125.89,card,card_declined,10,817,0,1,1,1.0,1
PAY_05572,CUST_2217,4639.63,wallet,card_declined,2,1211,0,5,1,0.2,1
PAY_05573,CUST_1763,5612.65,card,network_timeout,0,1554,0,3,0,0.0,0
PAY_05574,CUST_0283,753.0,netbanking,checkout_abandoned,5,169,0,5,2,0.4,1
PAY_05575,CUST_2178,3377.82,upi,insufficient_funds,17,398,1,4,3,0.75,1
PAY_05576,CUST_1354,1925.89,card,card_declined,17,1264,0,1,1,1.0,0
PAY_05577,CUST_0004,264.75,wallet,checkout_abandoned,14,199,1,8,8,1.0,1
PAY_05578,CUST_2358,1379.7,card,checkout_abandoned,17,1007,0,7,1,0.143,0
PAY_05579,CUST_0083,1262.18,upi,checkout_abandoned,19,1643,0,7,3,0.429,0
PAY_05580,CUST_2384,4741.91,upi,checkout_abandoned,15,1090,0,6,3,0.5,0
PAY_05581,CUST_1886,896.75,card,checkout_abandoned,11,1738,1,7,4,0.571,1
PAY_05582,CUST_1874,2824.24,card,insufficient_funds,4,162,1,10,10,1.0,1
PAY_05583,CUST_2248,1652.21,upi,insufficient_funds,2,998,2,3,0,0.0,0
PAY_05584,CUST_1594,566.17,card,checkout_abandoned,2,1952,2,2,0,0.0,0
PAY_05585,CUST_0280,1157.24,netbanking,checkout_abandoned,2,1297,1,10,5,0.5,1
PAY_05586,CUST_1266,6129.37,upi,checkout_abandoned,17,1812,0,2,1,0.5,0
PAY_05587,CUST_0397,1566.89,card,network_timeout,16,868,2,5,3,0.6,1
PAY_05588,CUST_0398,3715.38,card,insufficient_funds,15,109,1,8,6,0.75,0
PAY_05589,CUST_0216,3555.98,card,network_timeout,12,659,1,8,6,0.75,0
PAY_05590,CUST_1225,1257.56,netbanking,network_timeout,13,1942,2,11,3,0.273,0
PAY_05591,CUST_1659,644.71,upi,insufficient_funds,6,477,1,7,6,0.857,0
PAY_05592,CUST_0835,716.29,card,checkout_abandoned,0,1822,1,7,1,0.143,0
PAY_05593,CUST_1773,5749.54,upi,network_timeout,19,1373,1,0,0,0.75,1
PAY_05594,CUST_2271,2032.32,upi,card_declined,14,1678,2,11,10,0.909,0
PAY_05595,CUST_0788,449.66,upi,network_timeout,22,2047,0,3,3,1.0,0
PAY_05596,CUST_0035,3507.68,card,network_timeout,18,2009,1,12,4,0.333,0
PAY_05597,CUST_1781,430.98,card,checkout_abandoned,9,1095,1,9,2,0.222,0
PAY_05598,CUST_1509,929.5,card,insufficient_funds,11,1425,0,13,5,0.385,0
PAY_05599,CUST_0165,1920.95,upi,network_timeout,9,242,0,13,13,1.0,1
PAY_05600,CUST_2096,13519.35,upi,network_timeout,1,265,0,5,4,0.8,1
PAY_05601,CUST_1533,3457.64,card,network_timeout,4,1998,0,5,2,0.4,0
PAY_05602,CUST_0115,1223.69,card,card_declined,6,346,2,13,11,0.846,0
PAY_05603,CUST_1662,1841.24,upi,checkout_abandoned,21,112,2,13,4,0.308,0
PAY_05604,CUST_1443,3756.75,card,checkout_abandoned,4,156,2,10,8,0.8,0
PAY_05605,CUST_0045,5614.08,upi,network_timeout,1,34,0,13,12,0.923,0
PAY_05606,CUST_1356,1476.5,card,network_timeout,14,906,1,9,2,0.222,0
PAY_05607,CUST_1252,1511.18,card,card_declined,7,182,1,0,0,0.75,1
PAY_05608,CUST_0140,926.58,upi,network_timeout,2,354,1,8,5,0.625,1
PAY_05609,CUST_0920,3064.59,card,insufficient_funds,9,1902,0,5,5,1.0,1
PAY_05610,CUST_1762,4090.08,upi,checkout_abandoned,0,75,1,0,0,0.75,1
PAY_05611,CUST_1452,381.68,card,card_declined,10,253,0,8,5,0.625,1
PAY_05612,CUST_1040,1310.41,card,checkout_abandoned,19,1116,0,8,4,0.5,1
PAY_05613,CUST_1488,681.83,upi,insufficient_funds,13,447,2,10,10,1.0,0
PAY_05614,CUST_1110,2030.97,card,checkout_abandoned,22,663,0,11,6,0.545,1
PAY_05615,CUST_0212,668.6,upi,network_timeout,23,1004,0,4,3,0.75,1
PAY_05616,CUST_0134,626.05,netbanking,card_declined,20,429,2,14,8,0.571,0
PAY_05617,CUST_1576,4422.04,wallet,insufficient_funds,18,1575,2,6,6,1.0,0
PAY_05618,CUST_0983,1576.66,card,checkout_abandoned,14,1514,0,6,4,0.667,1
PAY_05619,CUST_1898,1715.77,card,network_timeout,2,39,1,2,2,1.0,1
PAY_05620,CUST_0253,2542.47,card,card_declined,8,1238,1,14,14,1.0,0
PAY_05621,CUST_2040,3913.54,netbanking,insufficient_funds,21,720,1,5,2,0.4,0
PAY_05622,CUST_1795,1287.77,card,insufficient_funds,1,1191,2,2,0,0.0,0
PAY_05623,CUST_2071,1310.93,card,network_timeout,18,1416,0,12,12,1.0,1
PAY_05624,CUST_1955,1315.39,upi,network_timeout,9,763,1,14,9,0.643,1
PAY_05625,CUST_0133,4275.9,card,card_declined,22,1315,0,3,2,0.667,0
PAY_05626,CUST_0410,1704.51,upi,network_timeout,4,1632,2,8,6,0.75,0
PAY_05627,CUST_0443,1426.05,upi,checkout_abandoned,10,1736,0,13,12,0.923,1
PAY_05628,CUST_0285,2460.84,upi,checkout_abandoned,19,329,0,9,7,0.778,1
PAY_05629,CUST_1822,7789.6,upi,card_declined,9,1197,1,6,6,1.0,1
PAY_05630,CUST_2424,1910.21,card,insufficient_funds,20,960,2,8,0,0.0,0
PAY_05631,CUST_2058,1450.97,upi,insufficient_funds,8,1945,2,1,1,1.0,0
PAY_05632,CUST_1125,8518.03,upi,card_declined,11,836,0,14,13,0.929,1
PAY_05633,CUST_2269,5215.46,card,insufficient_funds,17,510,2,7,4,0.571,1
PAY_05634,CUST_1845,4644.33,netbanking,card_declined,7,1720,0,0,0,0.75,0
PAY_05635,CUST_1756,1205.91,netbanking,card_declined,19,848,0,5,3,0.6,0
PAY_05636,CUST_0571,1113.96,wallet,checkout_abandoned,16,403,1,6,6,1.0,1
PAY_05637,CUST_2005,414.98,upi,insufficient_funds,20,1162,2,14,10,0.714,0
PAY_05638,CUST_0405,3895.1,card,checkout_abandoned,15,2132,2,13,13,1.0,0
PAY_05639,CUST_1431,1914.36,card,card_declined,20,644,1,4,3,0.75,0
PAY_05640,CUST_0773,426.17,card,network_timeout,13,344,1,2,2,1.0,1
PAY_05641,CUST_1767,4708.01,card,insufficient_funds,11,1019,1,0,0,0.75,0
PAY_05642,CUST_1867,1374.25,card,checkout_abandoned,22,951,0,8,8,1.0,0
PAY_05643,CUST_1453,1516.68,card,checkout_abandoned,10,646,0,6,4,0.667,0
PAY_05644,CUST_1323,536.55,card,insufficient_funds,6,1310,1,7,3,0.429,0
PAY_05645,CUST_0001,2668.58,netbanking,network_timeout,19,45,0,4,2,0.5,0
PAY_05646,CUST_2088,2689.09,card,card_declined,7,913,0,12,5,0.417,1
PAY_05647,CUST_1704,1732.21,upi,network_timeout,0,288,2,7,4,0.571,1
PAY_05648,CUST_0026,1288.14,netbanking,card_declined,1,1892,2,13,5,0.385,0
PAY_05649,CUST_1325,14716.37,upi,insufficient_funds,17,1189,2,3,2,0.667,0
PAY_05650,CUST_1375,687.35,card,card_declined,5,1391,2,3,1,0.333,0
PAY_05651,CUST_0060,1010.69,upi,checkout_abandoned,9,1298,1,8,6,0.75,0
PAY_05652,CUST_1068,3172.09,netbanking,insufficient_funds,11,1471,2,10,9,0.9,0
PAY_05653,CUST_0175,799.5,netbanking,network_timeout,9,1471,0,4,2,0.5,1
PAY_05654,CUST_0407,753.69,card,insufficient_funds,19,1904,1,8,5,0.625,0
PAY_05655,CUST_2106,4450.43,card,insufficient_funds,20,1323,0,7,3,0.429,1
PAY_05656,CUST_0894,2921.04,upi,card_declined,4,279,1,9,3,0.333,1
PAY_05657,CUST_0314,2651.42,card,checkout_abandoned,1,804,1,9,8,0.889,0
PAY_05658,CUST_1227,2081.83,netbanking,checkout_abandoned,12,966,1,3,3,1.0,0
PAY_05659,CUST_1330,1034.65,upi,card_declined,20,1955,2,1,1,1.0,0
PAY_05660,CUST_0964,1470.57,netbanking,checkout_abandoned,7,868,0,4,4,1.0,1
PAY_05661,CUST_0280,1689.66,wallet,insufficient_funds,9,1873,1,1,1,1.0,0
PAY_05662,CUST_2272,3542.24,upi,card_declined,18,1622,1,8,5,0.625,0
PAY_05663,CUST_0168,2530.64,wallet,network_timeout,10,846,2,7,2,0.286,1
PAY_05664,CUST_0926,856.85,upi,card_declined,15,1819,1,0,0,0.75,1
PAY_05665,CUST_1665,3385.23,card,card_declined,21,1023,2,12,11,0.917,0
PAY_05666,CUST_2187,470.0,netbanking,checkout_abandoned,1,972,2,10,6,0.6,0
PAY_05667,CUST_1746,1392.99,upi,insufficient_funds,1,282,0,6,5,0.833,0
PAY_05668,CUST_1461,721.91,wallet,checkout_abandoned,3,253,1,2,1,0.5,1
PAY_05669,CUST_1104,906.74,card,checkout_abandoned,12,1191,1,2,1,0.5,0
PAY_05670,CUST_2044,8406.92,card,checkout_abandoned,18,1644,2,13,7,0.538,0
PAY_05671,CUST_1158,555.02,netbanking,network_timeout,2,1832,1,3,3,1.0,1
PAY_05672,CUST_1478,934.66,card,checkout_abandoned,16,1691,2,12,11,0.917,1
PAY_05673,CUST_1071,2707.72,upi,insufficient_funds,1,973,0,9,7,0.778,1
PAY_05674,CUST_1948,1235.88,upi,network_timeout,2,595,2,9,4,0.444,0
PAY_05675,CUST_0123,2038.54,card,network_timeout,22,880,1,12,9,0.75,1
PAY_05676,CUST_0542,5648.71,card,checkout_abandoned,7,371,2,13,9,0.692,0
PAY_05677,CUST_2109,3038.88,netbanking,card_declined,9,1129,1,4,4,1.0,0
PAY_05678,CUST_0236,1237.19,card,network_timeout,6,306,0,14,4,0.286,1
PAY_05679,CUST_1516,1617.39,upi,checkout_abandoned,8,1636,0,1,1,1.0,0
PAY_05680,CUST_1536,2751.84,upi,insufficient_funds,11,219,1,11,10,0.909,1
PAY_05681,CUST_0341,2991.51,upi,checkout_abandoned,4,882,0,5,2,0.4,0
PAY_05682,CUST_0647,1830.13,card,insufficient_funds,0,628,2,9,5,0.556,1
PAY_05683,CUST_0759,2401.93,card,card_declined,16,1349,1,12,9,0.75,0
PAY_05684,CUST_1167,2403.8,netbanking,network_timeout,12,1547,2,6,2,0.333,0
PAY_05685,CUST_1342,1671.97,card,insufficient_funds,12,843,2,1,1,1.0,0
PAY_05686,CUST_0604,1109.15,card,card_declined,3,618,0,12,7,0.583,0
PAY_05687,CUST_0798,3260.44,wallet,card_declined,17,1985,0,1,1,1.0,1
PAY_05688,CUST_1603,2273.28,card,card_declined,17,1809,1,10,4,0.4,0
PAY_05689,CUST_2221,340.62,card,checkout_abandoned,11,1822,2,6,3,0.5,0
PAY_05690,CUST_1814,929.71,wallet,checkout_abandoned,13,722,2,7,2,0.286,0
PAY_05691,CUST_2272,1225.38,card,network_timeout,9,93,0,3,2,0.667,1
PAY_05692,CUST_1260,1532.47,card,card_declined,18,1523,0,7,7,1.0,0
PAY_05693,CUST_0083,4715.91,card,network_timeout,22,451,0,2,0,0.0,1
PAY_05694,CUST_0913,23327.84,netbanking,checkout_abandoned,15,457,1,3,3,1.0,0
PAY_05695,CUST_2496,251.76,netbanking,checkout_abandoned,2,1721,1,7,6,0.857,0
PAY_05696,CUST_1527,2296.33,netbanking,insufficient_funds,21,247,1,11,8,0.727,0
PAY_05697,CUST_0689,1903.05,wallet,card_declined,13,1805,2,7,6,0.857,0
PAY_05698,CUST_2112,1557.99,card,checkout_abandoned,22,522,1,13,9,0.692,0
PAY_05699,CUST_0951,2779.13,upi,checkout_abandoned,17,714,1,4,3,0.75,1
PAY_05700,CUST_0753,2029.15,card,card_declined,14,1353,1,0,0,0.75,0
PAY_05701,CUST_0010,1348.02,wallet,checkout_abandoned,7,1492,0,4,4,1.0,1
PAY_05702,CUST_0335,1842.61,wallet,card_declined,15,1434,0,1,1,1.0,1
PAY_05703,CUST_1086,2809.59,card,card_declined,5,1096,0,7,2,0.286,0
PAY_05704,CUST_1435,2603.78,netbanking,checkout_abandoned,8,1340,2,14,8,0.571,0
PAY_05705,CUST_0440,2093.2,upi,network_timeout,15,819,2,7,7,1.0,0
PAY_05706,CUST_1095,1128.66,card,insufficient_funds,22,912,0,2,2,1.0,1
PAY_05707,CUST_1013,17168.92,upi,checkout_abandoned,12,265,1,8,4,0.5,1
PAY_05708,CUST_1358,2399.83,wallet,checkout_abandoned,19,1209,2,11,7,0.636,1
PAY_05709,CUST_2251,3312.68,card,card_declined,10,747,2,13,5,0.385,0
PAY_05710,CUST_1141,1199.07,card,network_timeout,5,2033,0,7,5,0.714,0
PAY_05711,CUST_1779,2094.77,wallet,checkout_abandoned,2,2080,2,6,5,0.833,0
PAY_05712,CUST_1518,2081.47,card,network_timeout,6,162,2,7,6,0.857,1
PAY_05713,CUST_2090,389.94,card,checkout_abandoned,2,1381,0,3,3,1.0,1
PAY_05714,CUST_2382,1014.56,upi,checkout_abandoned,17,179,1,1,0,0.0,0
PAY_05715,CUST_1986,999.67,upi,card_declined,2,773,0,11,7,0.636,0
PAY_05716,CUST_0541,1113.4,card,card_declined,8,1066,1,2,2,1.0,0
PAY_05717,CUST_0645,764.84,card,checkout_abandoned,21,623,2,10,6,0.6,0
PAY_05718,CUST_0607,1864.27,netbanking,checkout_abandoned,19,1732,0,8,2,0.25,0
PAY_05719,CUST_1888,5505.09,upi,card_declined,20,18,1,7,2,0.286,0
PAY_05720,CUST_2496,1998.06,upi,card_declined,22,1897,1,5,4,0.8,1
PAY_05721,CUST_0142,699.61,netbanking,checkout_abandoned,12,2118,0,14,8,0.571,0
PAY_05722,CUST_2449,789.04,card,card_declined,2,1578,0,11,8,0.727,0
PAY_05723,CUST_1596,1331.29,netbanking,card_declined,5,2140,0,2,2,1.0,0
PAY_05724,CUST_1154,580.02,netbanking,checkout_abandoned,12,477,0,14,9,0.643,1
PAY_05725,CUST_1889,2296.42,wallet,checkout_abandoned,4,1336,2,1,0,0.0,0
PAY_05726,CUST_1206,5313.58,card,checkout_abandoned,21,1639,2,12,9,0.75,1
PAY_05727,CUST_0889,1135.49,card,checkout_abandoned,10,748,0,6,4,0.667,0
PAY_05728,CUST_1414,1913.04,upi,insufficient_funds,13,470,0,6,6,1.0,1
PAY_05729,CUST_1169,1277.13,wallet,checkout_abandoned,2,832,0,7,4,0.571,0
PAY_05730,CUST_1392,1087.72,wallet,insufficient_funds,3,33,2,7,4,0.571,0
PAY_05731,CUST_2056,2094.78,card,insufficient_funds,19,1136,1,1,1,1.0,0
PAY_05732,CUST_1815,1058.81,upi,checkout_abandoned,18,330,1,2,1,0.5,0
PAY_05733,CUST_1937,942.77,card,checkout_abandoned,14,680,0,11,6,0.545,1
PAY_05734,CUST_1313,492.8,upi,checkout_abandoned,4,2091,0,10,10,1.0,0
PAY_05735,CUST_2474,1895.45,netbanking,card_declined,11,150,2,5,1,0.2,0
PAY_05736,CUST_1838,4226.58,netbanking,checkout_abandoned,11,1543,2,6,5,0.833,0
PAY_05737,CUST_0786,3169.69,card,network_timeout,6,529,1,5,3,0.6,0
PAY_05738,CUST_1921,5938.05,wallet,checkout_abandoned,23,318,0,12,8,0.667,1
PAY_05739,CUST_0910,1049.35,card,checkout_abandoned,10,1188,0,1,1,1.0,0
PAY_05740,CUST_0861,3555.28,upi,insufficient_funds,21,671,2,9,8,0.889,1
PAY_05741,CUST_1129,745.04,upi,checkout_abandoned,12,1475,1,4,3,0.75,0
PAY_05742,CUST_1732,3174.64,upi,network_timeout,14,1907,0,2,2,1.0,1
PAY_05743,CUST_0700,6706.9,netbanking,checkout_abandoned,23,1551,0,2,2,1.0,1
PAY_05744,CUST_1356,2681.81,upi,checkout_abandoned,3,1541,1,6,6,1.0,0
PAY_05745,CUST_2083,6802.13,card,checkout_abandoned,14,1367,2,2,2,1.0,1
PAY_05746,CUST_2391,1114.94,card,card_declined,9,527,2,10,4,0.4,0
PAY_05747,CUST_0798,1616.72,upi,card_declined,4,973,2,4,0,0.0,0
PAY_05748,CUST_1355,865.23,upi,checkout_abandoned,5,2110,0,12,4,0.333,1
PAY_05749,CUST_2244,1850.8,upi,checkout_abandoned,4,1143,2,2,1,0.5,0
PAY_05750,CUST_1952,2233.4,card,checkout_abandoned,16,1257,2,5,1,0.2,0
PAY_05751,CUST_1652,1837.88,card,card_declined,15,1353,2,5,3,0.6,0
PAY_05752,CUST_0284,1231.8,netbanking,insufficient_funds,18,1187,0,10,10,1.0,0
PAY_05753,CUST_2031,1215.57,upi,checkout_abandoned,19,247,2,4,4,1.0,1
PAY_05754,CUST_1611,2372.45,upi,checkout_abandoned,14,1267,2,2,1,0.5,0
PAY_05755,CUST_1234,1584.64,upi,card_declined,7,345,2,6,4,0.667,0
PAY_05756,CUST_0282,716.3,card,network_timeout,14,1583,0,13,9,0.692,1
PAY_05757,CUST_1755,394.54,card,card_declined,14,1938,2,12,5,0.417,0
PAY_05758,CUST_1676,1117.84,card,network_timeout,7,569,0,8,7,0.875,1
PAY_05759,CUST_0647,595.69,upi,card_declined,21,634,0,14,12,0.857,0
PAY_05760,CUST_0817,922.5,card,card_declined,10,52,0,11,2,0.182,0
PAY_05761,CUST_2404,1282.92,card,card_declined,11,694,0,11,11,1.0,1
PAY_05762,CUST_1588,1601.45,wallet,checkout_abandoned,23,1405,1,5,5,1.0,1
PAY_05763,CUST_1317,1056.52,card,checkout_abandoned,11,379,2,7,3,0.429,0
PAY_05764,CUST_1086,10389.0,upi,checkout_abandoned,21,1024,2,14,9,0.643,0
PAY_05765,CUST_1339,656.33,card,network_timeout,8,1742,0,13,12,0.923,0
PAY_05766,CUST_2049,4735.83,card,insufficient_funds,17,1752,2,10,10,1.0,0
PAY_05767,CUST_0142,1580.49,card,insufficient_funds,22,74,0,1,1,1.0,0
PAY_05768,CUST_0307,1063.71,netbanking,network_timeout,20,2003,2,2,1,0.5,0
PAY_05769,CUST_0523,2880.16,upi,insufficient_funds,4,1825,0,6,4,0.667,0
PAY_05770,CUST_0609,1252.93,upi,checkout_abandoned,16,1319,2,8,6,0.75,1
PAY_05771,CUST_0329,943.85,wallet,checkout_abandoned,5,1735,1,9,9,1.0,0
PAY_05772,CUST_1061,7535.57,card,checkout_abandoned,15,1285,2,4,4,1.0,0
PAY_05773,CUST_0023,311.06,upi,card_declined,17,894,1,11,9,0.818,0
PAY_05774,CUST_0876,1479.77,card,network_timeout,18,1374,1,12,9,0.75,1
PAY_05775,CUST_0069,2095.61,upi,card_declined,20,1919,1,3,3,1.0,1
PAY_05776,CUST_0229,5552.26,netbanking,card_declined,5,170,0,11,10,0.909,1
PAY_05777,CUST_1644,1308.71,card,checkout_abandoned,3,1582,1,2,1,0.5,1
PAY_05778,CUST_1078,15128.78,wallet,network_timeout,23,784,1,7,2,0.286,0
PAY_05779,CUST_2431,3303.83,upi,checkout_abandoned,15,1837,0,13,9,0.692,0
PAY_05780,CUST_1436,270.89,card,card_declined,10,1420,0,4,4,1.0,1
PAY_05781,CUST_0969,562.62,card,checkout_abandoned,10,213,1,10,8,0.8,0
PAY_05782,CUST_1835,2175.66,upi,checkout_abandoned,1,1138,2,12,9,0.75,0
PAY_05783,CUST_2087,720.86,upi,network_timeout,23,1806,1,7,3,0.429,1
PAY_05784,CUST_0497,2790.03,card,checkout_abandoned,4,1695,1,12,11,0.917,0
PAY_05785,CUST_1362,1252.08,upi,card_declined,16,1482,2,9,4,0.444,0
PAY_05786,CUST_0709,691.4,card,checkout_abandoned,15,256,0,7,2,0.286,1
PAY_05787,CUST_2482,832.03,wallet,checkout_abandoned,23,2150,1,1,1,1.0,1
PAY_05788,CUST_1123,3558.42,card,checkout_abandoned,15,1375,2,10,7,0.7,0
PAY_05789,CUST_0202,356.8,upi,checkout_abandoned,22,1758,1,4,2,0.5,1
PAY_05790,CUST_2098,4153.73,netbanking,network_timeout,13,1813,0,4,4,1.0,0
PAY_05791,CUST_2233,4252.11,upi,checkout_abandoned,12,2138,0,13,4,0.308,1
PAY_05792,CUST_0940,1380.8,netbanking,checkout_abandoned,12,1433,2,5,2,0.4,0
PAY_05793,CUST_1144,585.22,wallet,card_declined,22,1187,2,5,3,0.6,0
PAY_05794,CUST_1815,2808.02,card,card_declined,15,167,2,14,9,0.643,1
PAY_05795,CUST_0081,1219.82,card,checkout_abandoned,21,293,1,4,3,0.75,0
PAY_05796,CUST_2210,535.63,upi,network_timeout,17,1432,1,11,8,0.727,1
PAY_05797,CUST_0001,8290.41,card,network_timeout,13,2000,0,7,5,0.714,1
PAY_05798,CUST_0461,887.15,upi,checkout_abandoned,4,1837,2,1,1,1.0,1
PAY_05799,CUST_0788,554.36,card,checkout_abandoned,15,1838,1,8,8,1.0,1
PAY_05800,CUST_1607,2261.05,wallet,insufficient_funds,4,321,0,6,1,0.167,0
PAY_05801,CUST_1958,1704.9,upi,insufficient_funds,17,969,2,10,5,0.5,0
PAY_05802,CUST_0441,5910.54,upi,network_timeout,0,1336,1,5,1,0.2,1
PAY_05803,CUST_0833,1327.6,card,checkout_abandoned,10,1336,2,3,1,0.333,0
PAY_05804,CUST_1999,1338.86,wallet,network_timeout,14,1050,2,3,3,1.0,0
PAY_05805,CUST_0832,2353.65,upi,network_timeout,8,2029,1,7,7,1.0,0
PAY_05806,CUST_0904,2111.51,netbanking,checkout_abandoned,8,485,0,14,10,0.714,1
PAY_05807,CUST_1053,2163.69,netbanking,checkout_abandoned,1,1806,0,6,6,1.0,0
PAY_05808,CUST_1551,2237.47,card,checkout_abandoned,22,955,0,2,0,0.0,0
PAY_05809,CUST_2012,2053.36,card,card_declined,0,1388,0,12,9,0.75,0
PAY_05810,CUST_2316,1289.95,card,checkout_abandoned,8,913,1,4,3,0.75,1
PAY_05811,CUST_2096,3504.08,upi,network_timeout,21,777,2,6,6,1.0,1
PAY_05812,CUST_0624,1349.68,upi,card_declined,13,1234,2,12,11,0.917,0
PAY_05813,CUST_0942,3425.57,card,checkout_abandoned,11,1158,0,1,1,1.0,1
PAY_05814,CUST_1589,5462.99,wallet,checkout_abandoned,8,1616,2,1,0,0.0,0
PAY_05815,CUST_0975,1046.82,card,network_timeout,1,157,0,3,3,1.0,1
PAY_05816,CUST_1360,12321.84,netbanking,checkout_abandoned,8,210,0,5,4,0.8,1
PAY_05817,CUST_0857,1017.85,upi,insufficient_funds,12,822,1,12,11,0.917,0
PAY_05818,CUST_1653,1023.75,card,card_declined,8,435,0,9,6,0.667,0
PAY_05819,CUST_1535,2772.58,card,insufficient_funds,11,1548,1,11,11,1.0,0
PAY_05820,CUST_0255,2562.64,upi,insufficient_funds,14,1387,2,5,1,0.2,1
PAY_05821,CUST_2474,1906.44,netbanking,checkout_abandoned,10,307,1,6,5,0.833,1
PAY_05822,CUST_0256,3463.87,card,checkout_abandoned,8,266,0,6,5,0.833,1
PAY_05823,CUST_1004,2203.16,upi,checkout_abandoned,20,1820,2,1,1,1.0,0
PAY_05824,CUST_2114,9396.9,upi,card_declined,3,1420,0,8,5,0.625,0
PAY_05825,CUST_0073,1724.96,card,insufficient_funds,12,1931,1,4,4,1.0,0
PAY_05826,CUST_0718,908.64,upi,card_declined,3,1419,0,14,7,0.5,0
PAY_05827,CUST_1755,1157.68,card,checkout_abandoned,3,872,0,10,9,0.9,1
PAY_05828,CUST_1702,2624.38,netbanking,card_declined,12,727,2,13,9,0.692,0
PAY_05829,CUST_2225,2655.27,upi,network_timeout,1,1797,2,2,2,1.0,0
PAY_05830,CUST_1733,2123.29,card,checkout_abandoned,10,2135,0,1,1,1.0,1
PAY_05831,CUST_1472,912.27,netbanking,checkout_abandoned,6,939,2,6,2,0.333,0
PAY_05832,CUST_0467,4369.75,card,insufficient_funds,20,1024,0,8,4,0.5,1
PAY_05833,CUST_2207,8477.19,wallet,insufficient_funds,5,859,2,8,6,0.75,0
PAY_05834,CUST_1007,1842.58,upi,checkout_abandoned,1,2077,1,9,2,0.222,0
PAY_05835,CUST_0441,7661.98,card,network_timeout,1,261,2,12,12,1.0,1
PAY_05836,CUST_0292,3599.49,upi,card_declined,6,386,0,4,2,0.5,1
PAY_05837,CUST_2430,10619.97,card,checkout_abandoned,0,1775,0,4,2,0.5,0
PAY_05838,CUST_0272,2627.16,netbanking,network_timeout,16,2020,2,3,1,0.333,0
PAY_05839,CUST_0475,2007.86,wallet,network_timeout,0,595,0,5,4,0.8,1
PAY_05840,CUST_2215,3531.45,upi,card_declined,16,1245,2,8,3,0.375,0
PAY_05841,CUST_1699,1272.42,upi,insufficient_funds,5,616,0,12,7,0.583,1
PAY_05842,CUST_1624,2492.98,upi,insufficient_funds,1,2137,1,6,5,0.833,1
PAY_05843,CUST_0251,5219.28,card,insufficient_funds,9,149,1,6,5,0.833,0
PAY_05844,CUST_0818,3467.37,card,network_timeout,5,1291,1,13,8,0.615,1
PAY_05845,CUST_1937,1755.97,wallet,network_timeout,12,1277,2,5,3,0.6,0
PAY_05846,CUST_1398,2113.02,card,checkout_abandoned,5,2011,0,2,2,1.0,0
PAY_05847,CUST_0138,3300.02,card,checkout_abandoned,22,1221,1,5,4,0.8,0
PAY_05848,CUST_1549,3213.45,card,card_declined,23,755,1,0,0,0.75,1
PAY_05849,CUST_0123,3279.98,wallet,card_declined,8,1064,1,5,3,0.6,1
PAY_05850,CUST_0048,2361.59,wallet,checkout_abandoned,22,1367,0,13,10,0.769,1
PAY_05851,CUST_0581,930.67,card,checkout_abandoned,23,1835,0,12,7,0.583,0
PAY_05852,CUST_0861,1057.24,card,checkout_abandoned,23,70,1,13,10,0.769,1
PAY_05853,CUST_1383,2603.14,netbanking,card_declined,7,1549,0,4,4,1.0,0
PAY_05854,CUST_1431,3500.67,card,insufficient_funds,3,1259,0,6,5,0.833,1
PAY_05855,CUST_2210,3156.1,wallet,card_declined,15,428,0,12,12,1.0,0
PAY_05856,CUST_0883,1048.77,wallet,checkout_abandoned,16,810,2,11,3,0.273,0
PAY_05857,CUST_0767,1594.97,netbanking,network_timeout,11,1198,0,2,2,1.0,1
PAY_05858,CUST_0733,703.54,card,network_timeout,12,1780,0,12,6,0.5,1
PAY_05859,CUST_1126,591.34,upi,network_timeout,8,1817,0,1,0,0.0,1
PAY_05860,CUST_1170,1921.24,wallet,insufficient_funds,18,1073,1,3,2,0.667,0
PAY_05861,CUST_0556,5335.12,card,network_timeout,19,1508,0,7,4,0.571,0
PAY_05862,CUST_1832,1949.61,netbanking,card_declined,5,1130,0,9,7,0.778,1
PAY_05863,CUST_1326,8283.74,card,network_timeout,21,1473,0,11,5,0.455,0
PAY_05864,CUST_1847,1578.54,wallet,checkout_abandoned,0,2123,0,11,5,0.455,0
PAY_05865,CUST_0064,1845.52,upi,checkout_abandoned,16,188,0,4,4,1.0,1
PAY_05866,CUST_1483,814.63,card,insufficient_funds,2,1923,1,5,1,0.2,0
PAY_05867,CUST_2189,1363.41,upi,checkout_abandoned,4,390,1,10,4,0.4,0
PAY_05868,CUST_1922,694.78,card,checkout_abandoned,12,2012,1,14,10,0.714,1
PAY_05869,CUST_0752,522.84,card,card_declined,6,893,1,13,9,0.692,0
PAY_05870,CUST_0357,704.29,wallet,card_declined,23,367,2,14,8,0.571,0
PAY_05871,CUST_2308,1927.08,card,network_timeout,17,100,0,10,8,0.8,0
PAY_05872,CUST_0396,998.42,wallet,insufficient_funds,0,1901,1,7,3,0.429,0
PAY_05873,CUST_1105,1206.7,card,card_declined,7,1567,1,11,8,0.727,0
PAY_05874,CUST_1902,2498.48,upi,card_declined,14,924,0,1,1,1.0,1
PAY_05875,CUST_1402,521.39,wallet,card_declined,3,2013,2,14,4,0.286,0
PAY_05876,CUST_0684,1920.56,upi,network_timeout,4,1841,1,13,6,0.462,0
PAY_05877,CUST_2102,3547.51,netbanking,network_timeout,0,382,2,7,2,0.286,0
PAY_05878,CUST_0500,3801.65,wallet,card_declined,1,1099,0,7,2,0.286,0
PAY_05879,CUST_2346,2721.11,upi,checkout_abandoned,22,1389,2,7,6,0.857,0
PAY_05880,CUST_0288,1726.4,netbanking,insufficient_funds,14,1440,2,2,2,1.0,0
PAY_05881,CUST_0051,1092.86,card,insufficient_funds,7,1089,1,3,3,1.0,1
PAY_05882,CUST_1096,1685.23,card,card_declined,8,542,0,10,4,0.4,0
PAY_05883,CUST_1043,6756.85,card,checkout_abandoned,12,509,2,0,0,0.75,0
PAY_05884,CUST_1359,2239.47,netbanking,checkout_abandoned,17,421,2,10,2,0.2,0
PAY_05885,CUST_1272,1652.49,upi,network_timeout,6,1038,2,4,1,0.25,0
PAY_05886,CUST_0708,2825.66,upi,card_declined,8,1204,1,2,2,1.0,0
PAY_05887,CUST_0839,1873.05,wallet,insufficient_funds,11,2041,1,8,3,0.375,0
PAY_05888,CUST_0894,2156.36,card,card_declined,2,310,0,4,4,1.0,0
PAY_05889,CUST_2469,1477.59,wallet,checkout_abandoned,4,1026,2,6,3,0.5,0
PAY_05890,CUST_2417,1291.54,card,card_declined,17,1349,1,12,9,0.75,0
PAY_05891,CUST_1373,3993.18,card,checkout_abandoned,19,930,0,10,10,1.0,1
PAY_05892,CUST_0645,378.14,upi,network_timeout,15,71,1,14,7,0.5,1
PAY_05893,CUST_1294,2639.71,card,network_timeout,22,1457,0,5,5,1.0,1
PAY_05894,CUST_1029,1229.23,upi,checkout_abandoned,21,432,1,6,4,0.667,0
PAY_05895,CUST_0039,392.04,netbanking,card_declined,15,1596,1,10,10,1.0,1
PAY_05896,CUST_0915,825.39,netbanking,checkout_abandoned,16,595,1,2,1,0.5,0
PAY_05897,CUST_0880,1748.83,card,card_declined,7,1461,2,12,6,0.5,0
PAY_05898,CUST_1424,1952.23,card,checkout_abandoned,0,365,1,5,1,0.2,0
PAY_05899,CUST_1991,3253.69,card,network_timeout,6,1335,1,7,4,0.571,0
PAY_05900,CUST_2064,3435.63,upi,card_declined,19,256,2,7,7,1.0,1
PAY_05901,CUST_2492,522.26,card,checkout_abandoned,17,643,0,1,0,0.0,0
PAY_05902,CUST_2280,2434.62,card,card_declined,13,1649,1,4,2,0.5,0
PAY_05903,CUST_0388,3224.0,netbanking,card_declined,13,583,0,2,1,0.5,1
PAY_05904,CUST_1014,2144.54,wallet,checkout_abandoned,0,904,1,9,5,0.556,0
PAY_05905,CUST_0371,2690.53,netbanking,network_timeout,4,936,0,10,5,0.5,0
PAY_05906,CUST_1045,383.57,card,checkout_abandoned,19,551,2,0,0,0.75,1
PAY_05907,CUST_1971,815.15,upi,network_timeout,22,1250,0,0,0,0.75,1
PAY_05908,CUST_1436,5368.91,card,network_timeout,18,658,1,12,9,0.75,0
PAY_05909,CUST_1812,1439.1,card,insufficient_funds,5,1140,1,5,5,1.0,0
PAY_05910,CUST_2214,10657.56,card,card_declined,23,1714,1,12,12,1.0,0
PAY_05911,CUST_2352,647.3,wallet,checkout_abandoned,11,1624,0,9,5,0.556,0
PAY_05912,CUST_0201,6289.01,upi,card_declined,11,488,0,11,8,0.727,0
PAY_05913,CUST_0761,1104.31,card,network_timeout,9,1484,2,5,3,0.6,0
PAY_05914,CUST_2432,3588.5,upi,insufficient_funds,18,1645,0,4,4,1.0,0
PAY_05915,CUST_1011,1421.17,wallet,insufficient_funds,16,1211,2,10,7,0.7,0
PAY_05916,CUST_1921,1974.53,card,network_timeout,17,1576,0,9,2,0.222,1
PAY_05917,CUST_1243,2898.58,netbanking,checkout_abandoned,0,905,0,8,8,1.0,0
PAY_05918,CUST_1145,1101.98,card,checkout_abandoned,11,146,1,5,4,0.8,1
PAY_05919,CUST_0740,3416.69,card,checkout_abandoned,3,1245,0,9,7,0.778,0
PAY_05920,CUST_1531,1455.12,netbanking,insufficient_funds,4,1957,2,5,4,0.8,0
PAY_05921,CUST_0136,2075.55,card,network_timeout,17,1041,2,13,10,0.769,1
PAY_05922,CUST_2408,216.89,upi,card_declined,10,1218,0,10,7,0.7,0
PAY_05923,CUST_1948,1374.26,card,checkout_abandoned,21,1454,2,5,4,0.8,0
PAY_05924,CUST_0502,4946.2,upi,insufficient_funds,3,1811,2,12,8,0.667,0
PAY_05925,CUST_1520,3137.82,upi,network_timeout,22,1061,2,1,1,1.0,1
PAY_05926,CUST_2355,3658.39,netbanking,card_declined,7,687,0,12,7,0.583,1
PAY_05927,CUST_0189,1878.44,netbanking,checkout_abandoned,15,1361,0,6,4,0.667,0
PAY_05928,CUST_0467,6881.29,upi,checkout_abandoned,20,1490,0,3,3,1.0,0
PAY_05929,CUST_1289,2267.18,card,checkout_abandoned,3,1447,2,12,7,0.583,0
PAY_05930,CUST_2407,1061.53,card,card_declined,6,1301,0,9,4,0.444,0
PAY_05931,CUST_0185,3567.62,upi,checkout_abandoned,7,2159,1,1,1,1.0,1
PAY_05932,CUST_0036,3765.44,upi,card_declined,19,584,1,4,2,0.5,0
PAY_05933,CUST_1043,2978.62,card,insufficient_funds,22,683,2,6,5,0.833,0
PAY_05934,CUST_1772,1304.0,wallet,card_declined,0,1839,0,9,2,0.222,0
PAY_05935,CUST_1652,2254.58,card,insufficient_funds,19,392,2,12,10,0.833,0
PAY_05936,CUST_0077,5487.36,card,network_timeout,11,1758,0,5,2,0.4,0
PAY_05937,CUST_1099,2637.49,wallet,card_declined,16,536,2,12,12,1.0,1
PAY_05938,CUST_1155,551.88,upi,insufficient_funds,17,1447,1,11,10,0.909,0
PAY_05939,CUST_1234,1088.47,upi,checkout_abandoned,15,1844,0,5,5,1.0,1
PAY_05940,CUST_0018,1048.72,card,checkout_abandoned,20,1875,1,14,7,0.5,0
PAY_05941,CUST_1119,984.45,card,checkout_abandoned,5,1305,2,14,9,0.643,1
PAY_05942,CUST_0107,332.46,upi,network_timeout,0,473,1,4,1,0.25,0
PAY_05943,CUST_1155,8168.2,card,card_declined,12,731,0,8,4,0.5,0
PAY_05944,CUST_1978,892.93,upi,checkout_abandoned,19,1534,0,13,10,0.769,0
PAY_05945,CUST_0088,946.13,card,card_declined,5,1378,2,8,1,0.125,0
PAY_05946,CUST_2301,380.76,card,insufficient_funds,21,623,1,11,10,0.909,0
PAY_05947,CUST_1443,3599.99,card,card_declined,2,1235,1,11,11,1.0,0
PAY_05948,CUST_1782,1673.8,card,checkout_abandoned,3,2029,0,8,3,0.375,1
PAY_05949,CUST_1202,1359.42,card,insufficient_funds,21,125,0,5,5,1.0,1
PAY_05950,CUST_2102,1418.2,netbanking,checkout_abandoned,1,1220,0,7,4,0.571,1
PAY_05951,CUST_0712,2880.69,upi,insufficient_funds,23,1194,2,12,3,0.25,0
PAY_05952,CUST_0389,1226.02,card,network_timeout,4,1834,1,4,2,0.5,0
PAY_05953,CUST_1183,366.65,upi,network_timeout,3,557,1,12,5,0.417,0
PAY_05954,CUST_1497,640.54,card,card_declined,5,388,1,3,2,0.667,0
PAY_05955,CUST_2109,614.47,card,insufficient_funds,19,956,2,6,1,0.167,0
PAY_05956,CUST_1245,2243.51,netbanking,network_timeout,4,687,2,1,1,1.0,1
PAY_05957,CUST_0230,3787.86,upi,network_timeout,14,1919,0,12,6,0.5,1
PAY_05958,CUST_2142,5814.94,upi,card_declined,14,1648,2,10,10,1.0,0
PAY_05959,CUST_2061,486.69,card,checkout_abandoned,15,848,2,1,1,1.0,1
PAY_05960,CUST_1390,2956.49,card,insufficient_funds,6,775,0,3,1,0.333,0
PAY_05961,CUST_0140,1100.46,netbanking,card_declined,18,29,2,7,5,0.714,0
PAY_05962,CUST_2290,18663.19,upi,card_declined,17,195,0,7,5,0.714,1
PAY_05963,CUST_1659,5444.63,upi,network_timeout,15,1202,2,1,1,1.0,1
PAY_05964,CUST_2274,7023.79,wallet,insufficient_funds,12,1419,2,13,8,0.615,0
PAY_05965,CUST_0318,3420.34,card,checkout_abandoned,11,1717,1,6,2,0.333,0
PAY_05966,CUST_0859,2443.17,netbanking,card_declined,10,238,0,10,4,0.4,1
PAY_05967,CUST_0576,1304.37,upi,checkout_abandoned,20,346,2,11,4,0.364,0
PAY_05968,CUST_1865,1114.42,card,insufficient_funds,20,1200,1,2,2,1.0,0
PAY_05969,CUST_0788,949.05,card,network_timeout,5,191,2,5,3,0.6,1
PAY_05970,CUST_2212,2950.12,upi,checkout_abandoned,14,1807,2,11,10,0.909,0
PAY_05971,CUST_1049,6272.09,card,insufficient_funds,17,956,0,11,11,1.0,0
PAY_05972,CUST_0915,1353.02,upi,card_declined,6,1261,1,3,2,0.667,0
PAY_05973,CUST_1538,1009.96,upi,network_timeout,4,1685,0,4,0,0.0,0
PAY_05974,CUST_1937,549.35,upi,checkout_abandoned,2,1081,0,11,6,0.545,0
PAY_05975,CUST_0976,2189.21,upi,checkout_abandoned,3,159,2,5,1,0.2,0
PAY_05976,CUST_0002,4812.42,upi,card_declined,12,494,0,1,1,1.0,0
PAY_05977,CUST_2282,5009.06,upi,checkout_abandoned,11,751,1,7,7,1.0,1
PAY_05978,CUST_1068,5422.4,netbanking,insufficient_funds,17,352,0,2,0,0.0,0
PAY_05979,CUST_0280,2509.57,card,card_declined,19,1114,1,8,4,0.5,0
PAY_05980,CUST_1593,1934.67,wallet,checkout_abandoned,16,41,0,14,11,0.786,1
PAY_05981,CUST_1800,5020.8,card,network_timeout,10,314,0,1,1,1.0,1
PAY_05982,CUST_0912,740.62,card,network_timeout,19,1729,0,4,2,0.5,1
PAY_05983,CUST_0396,1265.05,upi,checkout_abandoned,21,273,2,8,4,0.5,0
PAY_05984,CUST_2209,7074.28,card,insufficient_funds,18,66,1,2,1,0.5,1
PAY_05985,CUST_2160,761.93,card,checkout_abandoned,15,965,1,8,7,0.875,1
PAY_05986,CUST_1631,1751.06,card,insufficient_funds,12,1854,1,3,1,0.333,0
PAY_05987,CUST_0664,2982.77,upi,card_declined,7,527,2,9,4,0.444,0
PAY_05988,CUST_1341,1923.11,upi,insufficient_funds,6,857,0,5,3,0.6,1
PAY_05989,CUST_1519,4514.62,card,checkout_abandoned,21,1645,1,13,9,0.692,0
PAY_05990,CUST_2164,6100.25,upi,network_timeout,19,1966,0,12,6,0.5,1
PAY_05991,CUST_2244,2641.95,card,card_declined,20,646,2,14,7,0.5,0
PAY_05992,CUST_1875,5473.05,wallet,checkout_abandoned,10,338,2,2,2,1.0,0
PAY_05993,CUST_1654,856.28,card,checkout_abandoned,18,532,2,14,10,0.714,0
PAY_05994,CUST_0609,1586.86,upi,checkout_abandoned,3,1749,0,0,0,0.75,0
PAY_05995,CUST_0305,12328.82,upi,network_timeout,21,726,2,3,2,0.667,1
PAY_05996,CUST_2005,8517.57,upi,insufficient_funds,21,1869,0,12,5,0.417,0
PAY_05997,CUST_0258,648.06,wallet,network_timeout,14,1067,1,12,9,0.75,0
PAY_05998,CUST_1284,1781.72,card,checkout_abandoned,4,903,1,4,4,1.0,1
PAY_05999,CUST_1319,2007.01,upi,checkout_abandoned,18,1566,1,12,8,0.667,1
PAY_06000,CUST_0514,2511.82,card,checkout_abandoned,3,2122,0,1,1,1.0,1
PAY_06001,CUST_0673,4987.93,upi,network_timeout,1,1618,1,5,5,1.0,1
PAY_06002,CUST_2442,7839.02,card,card_declined,4,457,0,0,0,0.75,0
PAY_06003,CUST_1856,1854.69,card,network_timeout,11,701,2,7,5,0.714,0
PAY_06004,CUST_1001,4416.62,card,card_declined,4,241,0,13,12,0.923,0
PAY_06005,CUST_1854,3023.28,card,card_declined,16,1275,2,9,2,0.222,0
PAY_06006,CUST_0090,1769.83,wallet,network_timeout,6,2098,2,7,3,0.429,0
PAY_06007,CUST_0452,462.67,netbanking,checkout_abandoned,18,680,2,2,2,1.0,0
PAY_06008,CUST_2303,4065.62,card,checkout_abandoned,13,554,1,9,5,0.556,1
PAY_06009,CUST_1993,2921.05,upi,checkout_abandoned,15,2005,1,4,2,0.5,0
PAY_06010,CUST_0318,2458.27,upi,checkout_abandoned,5,62,1,9,9,1.0,0
PAY_06011,CUST_0516,821.01,card,checkout_abandoned,14,457,1,1,1,1.0,0
PAY_06012,CUST_1140,8628.72,card,checkout_abandoned,20,849,2,7,4,0.571,1
PAY_06013,CUST_0982,2033.51,upi,card_declined,13,2026,0,7,5,0.714,0
PAY_06014,CUST_1295,722.3,card,network_timeout,10,2141,1,11,9,0.818,1
PAY_06015,CUST_2090,635.04,upi,card_declined,14,1930,1,13,8,0.615,0
PAY_06016,CUST_1902,3094.93,card,card_declined,11,1815,0,13,10,0.769,0
PAY_06017,CUST_1864,3169.54,card,card_declined,0,63,1,5,5,1.0,0
PAY_06018,CUST_0196,1242.81,upi,checkout_abandoned,16,208,1,9,5,0.556,1
PAY_06019,CUST_1125,2606.18,upi,checkout_abandoned,11,1929,0,9,5,0.556,1
PAY_06020,CUST_1872,3070.6,wallet,checkout_abandoned,1,777,1,12,12,1.0,0
PAY_06021,CUST_1751,2013.2,card,checkout_abandoned,20,350,0,12,3,0.25,1
PAY_06022,CUST_1754,1027.07,upi,checkout_abandoned,7,1159,1,0,0,0.75,1
PAY_06023,CUST_1995,3884.02,wallet,card_declined,18,1988,0,12,10,0.833,1
PAY_06024,CUST_0764,3518.0,upi,checkout_abandoned,16,1720,2,7,3,0.429,0
PAY_06025,CUST_2053,2834.68,wallet,checkout_abandoned,13,904,2,14,10,0.714,0
PAY_06026,CUST_1984,923.86,wallet,checkout_abandoned,9,416,0,9,5,0.556,0
PAY_06027,CUST_0537,620.62,netbanking,card_declined,21,1655,0,5,1,0.2,0
PAY_06028,CUST_0455,1913.64,wallet,card_declined,2,197,0,3,3,1.0,0
PAY_06029,CUST_0817,3786.51,upi,checkout_abandoned,4,248,1,14,10,0.714,1
PAY_06030,CUST_2417,4137.47,upi,card_declined,11,1584,1,2,2,1.0,1
PAY_06031,CUST_1413,2872.81,wallet,insufficient_funds,0,400,1,1,0,0.0,0
PAY_06032,CUST_2334,1255.36,netbanking,network_timeout,5,47,0,2,2,1.0,1
PAY_06033,CUST_0951,945.94,card,card_declined,2,2140,2,8,5,0.625,0
PAY_06034,CUST_1652,1775.87,card,card_declined,21,1114,2,4,2,0.5,0
PAY_06035,CUST_2475,1789.4,card,checkout_abandoned,0,1693,2,8,3,0.375,0
PAY_06036,CUST_0856,4365.02,netbanking,checkout_abandoned,2,1525,1,12,4,0.333,0
PAY_06037,CUST_1832,1226.32,card,checkout_abandoned,20,1779,2,4,4,1.0,0
PAY_06038,CUST_1058,1310.58,card,insufficient_funds,1,1440,0,0,0,0.75,0
PAY_06039,CUST_2258,9316.43,upi,card_declined,6,1534,1,5,3,0.6,0
PAY_06040,CUST_1907,6226.19,card,insufficient_funds,13,1102,1,9,9,1.0,0
PAY_06041,CUST_1834,888.31,wallet,network_timeout,1,348,2,10,10,1.0,1
PAY_06042,CUST_0520,5828.67,upi,card_declined,4,1687,2,1,0,0.0,0
PAY_06043,CUST_2393,733.65,card,checkout_abandoned,22,1045,0,13,4,0.308,0
PAY_06044,CUST_0780,1271.94,card,checkout_abandoned,20,1275,1,8,3,0.375,0
PAY_06045,CUST_1006,1393.18,netbanking,network_timeout,15,656,1,7,3,0.429,1
PAY_06046,CUST_1105,1691.67,upi,insufficient_funds,4,1778,1,3,3,1.0,0
PAY_06047,CUST_1762,2955.28,upi,insufficient_funds,23,1631,1,14,6,0.429,1
PAY_06048,CUST_1957,1960.04,card,card_declined,11,1254,2,2,0,0.0,0
PAY_06049,CUST_2322,2943.41,wallet,insufficient_funds,9,393,1,6,4,0.667,1
PAY_06050,CUST_0362,1305.14,netbanking,network_timeout,18,934,0,6,2,0.333,0
PAY_06051,CUST_2105,2428.24,upi,insufficient_funds,16,558,1,8,7,0.875,0
PAY_06052,CUST_0290,1917.38,card,network_timeout,1,1291,1,3,2,0.667,0
PAY_06053,CUST_1342,592.81,wallet,checkout_abandoned,14,148,0,14,12,0.857,1
PAY_06054,CUST_2259,2649.03,upi,card_declined,23,918,1,5,3,0.6,0
PAY_06055,CUST_1908,1943.77,card,card_declined,16,2117,1,10,7,0.7,1
PAY_06056,CUST_2416,1016.8,wallet,card_declined,18,453,2,9,6,0.667,0
PAY_06057,CUST_0097,1281.35,netbanking,card_declined,16,1066,1,3,2,0.667,0
PAY_06058,CUST_1340,1306.73,upi,network_timeout,8,1018,2,14,9,0.643,0
PAY_06059,CUST_0183,1479.72,netbanking,checkout_abandoned,4,1872,1,6,4,0.667,0
PAY_06060,CUST_1778,7351.86,card,checkout_abandoned,11,2047,2,9,9,1.0,0
PAY_06061,CUST_0459,9583.0,upi,network_timeout,7,1803,0,9,8,0.889,1
PAY_06062,CUST_0484,203.31,card,insufficient_funds,3,1270,0,7,4,0.571,0
PAY_06063,CUST_0723,2660.0,upi,card_declined,15,907,0,9,8,0.889,1
PAY_06064,CUST_2166,3864.17,card,insufficient_funds,9,1573,2,8,7,0.875,0
PAY_06065,CUST_0835,1514.26,card,insufficient_funds,16,110,1,11,10,0.909,1
PAY_06066,CUST_2169,3782.02,wallet,checkout_abandoned,7,1420,2,7,1,0.143,0
PAY_06067,CUST_1496,6760.66,card,network_timeout,5,676,0,12,7,0.583,1
PAY_06068,CUST_0384,600.68,netbanking,card_declined,7,997,1,8,4,0.5,0
PAY_06069,CUST_0588,2003.3,card,insufficient_funds,0,1402,1,14,13,0.929,0
PAY_06070,CUST_1853,8612.24,card,card_declined,18,880,2,8,7,0.875,1
PAY_06071,CUST_2112,668.7,card,checkout_abandoned,16,640,0,8,3,0.375,0
PAY_06072,CUST_0521,1641.48,card,card_declined,19,429,2,7,4,0.571,0
PAY_06073,CUST_1218,1257.43,upi,card_declined,16,870,1,5,3,0.6,0
PAY_06074,CUST_1126,4175.78,card,card_declined,8,34,2,11,6,0.545,1
PAY_06075,CUST_1161,4668.25,upi,checkout_abandoned,21,1860,0,9,5,0.556,0
PAY_06076,CUST_0827,2049.61,upi,network_timeout,2,1864,0,5,1,0.2,1
PAY_06077,CUST_2190,1846.98,card,network_timeout,15,1467,2,12,8,0.667,0
PAY_06078,CUST_2178,454.97,card,insufficient_funds,1,600,0,1,1,1.0,0
PAY_06079,CUST_0929,5619.2,card,card_declined,17,1654,0,0,0,0.75,0
PAY_06080,CUST_1163,1356.97,card,checkout_abandoned,22,1278,2,9,7,0.778,0
PAY_06081,CUST_2247,1606.29,card,card_declined,14,572,0,6,4,0.667,0
PAY_06082,CUST_2055,3915.98,upi,card_declined,2,998,2,11,8,0.727,0
PAY_06083,CUST_1278,2108.27,upi,network_timeout,1,173,1,9,8,0.889,1
PAY_06084,CUST_1519,4018.31,netbanking,card_declined,15,236,0,11,9,0.818,1
PAY_06085,CUST_2081,2916.88,netbanking,card_declined,11,815,1,3,1,0.333,0
PAY_06086,CUST_1217,2118.73,upi,checkout_abandoned,2,77,0,3,0,0.0,1
PAY_06087,CUST_2160,2307.44,card,network_timeout,14,1878,2,3,3,1.0,0
PAY_06088,CUST_1680,733.13,card,card_declined,19,2033,1,9,4,0.444,1
PAY_06089,CUST_0969,1597.76,upi,insufficient_funds,15,711,2,10,5,0.5,0
PAY_06090,CUST_0009,4284.59,card,checkout_abandoned,8,782,0,14,9,0.643,0
PAY_06091,CUST_2007,877.11,card,card_declined,23,1663,0,3,1,0.333,0
PAY_06092,CUST_1354,1015.69,wallet,card_declined,7,679,1,1,1,1.0,1
PAY_06093,CUST_1462,890.55,card,network_timeout,23,1697,1,14,11,0.786,1
PAY_06094,CUST_0477,2034.99,card,network_timeout,0,184,2,7,6,0.857,1
PAY_06095,CUST_2158,5527.91,wallet,checkout_abandoned,2,1152,2,5,3,0.6,0
PAY_06096,CUST_1960,2788.53,card,insufficient_funds,23,7,0,4,1,0.25,0
PAY_06097,CUST_0186,315.44,card,card_declined,3,1569,1,13,6,0.462,1
PAY_06098,CUST_2166,3024.32,card,network_timeout,11,1563,2,11,8,0.727,1
PAY_06099,CUST_1054,1263.79,card,network_timeout,16,994,1,2,1,0.5,0
PAY_06100,CUST_1869,2705.52,wallet,card_declined,3,1915,1,4,4,1.0,0
PAY_06101,CUST_2416,1597.1,upi,network_timeout,4,1436,2,13,12,0.923,0
PAY_06102,CUST_2348,904.31,upi,card_declined,3,550,0,11,6,0.545,0
PAY_06103,CUST_2168,1699.97,card,checkout_abandoned,16,1275,0,12,10,0.833,1
PAY_06104,CUST_0360,1264.42,card,checkout_abandoned,16,966,1,2,2,1.0,0
PAY_06105,CUST_1401,2302.42,upi,insufficient_funds,17,1509,0,8,4,0.5,1
PAY_06106,CUST_0545,886.02,card,checkout_abandoned,4,1341,1,1,0,0.0,0
PAY_06107,CUST_2028,731.96,card,checkout_abandoned,21,1682,2,6,3,0.5,0
PAY_06108,CUST_1781,3233.13,upi,card_declined,11,361,2,1,1,1.0,0
PAY_06109,CUST_0899,4370.42,netbanking,insufficient_funds,6,48,2,4,4,1.0,0
PAY_06110,CUST_0343,2862.89,wallet,network_timeout,4,800,1,3,2,0.667,1
PAY_06111,CUST_2227,1071.19,netbanking,card_declined,9,157,2,2,2,1.0,0
PAY_06112,CUST_1276,995.74,upi,insufficient_funds,9,1057,2,12,8,0.667,0
PAY_06113,CUST_1769,1042.68,netbanking,insufficient_funds,20,774,2,5,2,0.4,0
PAY_06114,CUST_1710,3669.67,wallet,checkout_abandoned,18,1392,0,2,2,1.0,0
PAY_06115,CUST_1614,930.3,card,insufficient_funds,15,1462,0,14,4,0.286,0
PAY_06116,CUST_0525,3651.07,card,checkout_abandoned,0,2121,2,0,0,0.75,0
PAY_06117,CUST_0403,2996.09,card,insufficient_funds,11,25,0,2,1,0.5,1
PAY_06118,CUST_1004,4845.1,wallet,card_declined,5,1073,1,12,11,0.917,0
PAY_06119,CUST_2355,4213.57,wallet,checkout_abandoned,13,1724,1,6,4,0.667,0
PAY_06120,CUST_2027,2778.5,netbanking,card_declined,22,556,1,5,3,0.6,1
PAY_06121,CUST_2278,555.9,card,card_declined,21,1864,2,4,3,0.75,0
PAY_06122,CUST_0907,2932.6,wallet,insufficient_funds,15,1411,0,8,6,0.75,1
PAY_06123,CUST_0905,1974.2,card,checkout_abandoned,4,1067,0,5,4,0.8,0
PAY_06124,CUST_1727,1335.34,card,insufficient_funds,21,248,0,1,1,1.0,0
PAY_06125,CUST_0114,5352.51,upi,card_declined,15,1229,0,14,8,0.571,0
PAY_06126,CUST_2382,1594.75,netbanking,insufficient_funds,0,13,1,13,8,0.615,0
PAY_06127,CUST_2033,1178.48,netbanking,card_declined,0,674,1,2,2,1.0,0
PAY_06128,CUST_1909,4423.94,card,card_declined,21,813,2,7,2,0.286,0
PAY_06129,CUST_1930,1301.75,card,network_timeout,2,184,1,6,4,0.667,1
PAY_06130,CUST_1986,1132.23,upi,card_declined,18,151,2,1,1,1.0,0
PAY_06131,CUST_1330,730.57,card,insufficient_funds,0,1920,0,5,1,0.2,0
PAY_06132,CUST_0787,933.93,netbanking,network_timeout,3,1031,0,9,6,0.667,1
PAY_06133,CUST_2459,1000.28,card,checkout_abandoned,0,200,1,1,1,1.0,0
PAY_06134,CUST_0421,2958.33,card,insufficient_funds,10,706,0,5,2,0.4,0
PAY_06135,CUST_2307,796.55,card,insufficient_funds,19,1286,2,3,3,1.0,0
PAY_06136,CUST_1855,407.19,upi,card_declined,9,1931,1,5,3,0.6,0
PAY_06137,CUST_2059,2294.17,netbanking,checkout_abandoned,7,964,1,9,5,0.556,1
PAY_06138,CUST_1114,1083.97,card,card_declined,20,386,2,6,4,0.667,0
PAY_06139,CUST_1841,1776.73,card,card_declined,13,1042,2,11,8,0.727,1
PAY_06140,CUST_1734,5021.45,wallet,insufficient_funds,15,1498,2,7,4,0.571,0
PAY_06141,CUST_2115,1906.03,upi,card_declined,17,278,1,10,5,0.5,0
PAY_06142,CUST_0765,6022.39,card,card_declined,17,1364,0,9,6,0.667,0
PAY_06143,CUST_1852,1704.5,card,card_declined,3,744,0,12,8,0.667,1
PAY_06144,CUST_0522,4028.33,wallet,network_timeout,21,2149,0,2,2,1.0,0
PAY_06145,CUST_2443,1161.65,upi,network_timeout,15,947,2,14,7,0.5,0
PAY_06146,CUST_1255,1961.95,card,checkout_abandoned,7,1229,0,11,10,0.909,0
PAY_06147,CUST_2265,853.35,card,checkout_abandoned,15,1526,1,2,2,1.0,0
PAY_06148,CUST_0289,938.41,card,insufficient_funds,1,1743,1,0,0,0.75,0
PAY_06149,CUST_0881,1503.89,card,checkout_abandoned,20,120,1,0,0,0.75,1
PAY_06150,CUST_1413,621.86,card,checkout_abandoned,10,759,0,10,4,0.4,0
PAY_06151,CUST_2437,2044.75,card,checkout_abandoned,1,25,1,6,1,0.167,0
PAY_06152,CUST_0612,1412.81,card,checkout_abandoned,22,156,0,2,1,0.5,1
PAY_06153,CUST_1150,2171.57,card,insufficient_funds,10,1029,1,4,2,0.5,0
PAY_06154,CUST_0375,629.54,upi,insufficient_funds,16,874,2,6,1,0.167,0
PAY_06155,CUST_1960,3155.58,upi,insufficient_funds,18,1559,1,0,0,0.75,0
PAY_06156,CUST_1201,6999.77,netbanking,card_declined,0,1452,1,8,7,0.875,0
PAY_06157,CUST_0576,5912.17,card,network_timeout,9,1993,0,0,0,0.75,1
PAY_06158,CUST_1475,8255.77,netbanking,card_declined,23,550,2,9,0,0.0,0
PAY_06159,CUST_1750,1862.15,wallet,card_declined,13,1183,1,0,0,0.75,0
PAY_06160,CUST_1986,1357.88,wallet,checkout_abandoned,12,300,2,11,7,0.636,1
PAY_06161,CUST_0837,2658.74,card,checkout_abandoned,23,920,1,3,2,0.667,1
PAY_06162,CUST_0712,1487.67,card,network_timeout,9,227,0,7,0,0.0,1
PAY_06163,CUST_1716,447.28,upi,insufficient_funds,10,1976,0,5,0,0.0,0
PAY_06164,CUST_1437,3466.78,card,network_timeout,11,1142,0,13,11,0.846,0
PAY_06165,CUST_0532,1492.22,card,checkout_abandoned,21,157,2,11,9,0.818,0
PAY_06166,CUST_1454,556.5,card,checkout_abandoned,12,724,1,14,12,0.857,1
PAY_06167,CUST_1496,1198.61,upi,network_timeout,15,1664,1,10,2,0.2,1
PAY_06168,CUST_0417,1519.62,netbanking,network_timeout,22,1650,2,14,3,0.214,0
PAY_06169,CUST_2477,1817.12,card,insufficient_funds,4,1613,0,3,1,0.333,0
PAY_06170,CUST_0050,1834.67,wallet,checkout_abandoned,8,1380,1,4,2,0.5,0
PAY_06171,CUST_1640,5381.69,netbanking,checkout_abandoned,14,2126,1,12,9,0.75,0
PAY_06172,CUST_1517,642.08,card,insufficient_funds,15,2025,2,0,0,0.75,0
PAY_06173,CUST_0794,1593.72,card,insufficient_funds,4,867,2,2,1,0.5,0
PAY_06174,CUST_1346,891.02,card,insufficient_funds,2,2117,2,10,6,0.6,0
PAY_06175,CUST_0722,4917.11,wallet,insufficient_funds,10,1479,0,5,2,0.4,0
PAY_06176,CUST_2368,1148.69,upi,checkout_abandoned,10,2,1,3,1,0.333,0
PAY_06177,CUST_1110,1367.14,upi,checkout_abandoned,7,1611,2,4,1,0.25,0
PAY_06178,CUST_1496,4168.44,upi,insufficient_funds,22,508,0,11,8,0.727,1
PAY_06179,CUST_0865,5194.53,card,insufficient_funds,4,1856,1,7,5,0.714,0
PAY_06180,CUST_0501,5846.75,wallet,insufficient_funds,18,522,1,0,0,0.75,1
PAY_06181,CUST_0397,483.5,wallet,card_declined,21,1037,2,7,7,1.0,1
PAY_06182,CUST_1860,2648.83,upi,network_timeout,22,1899,1,11,5,0.455,1
PAY_06183,CUST_2397,2234.19,upi,checkout_abandoned,20,1695,2,2,1,0.5,0
PAY_06184,CUST_0055,1727.73,card,checkout_abandoned,3,287,0,1,1,1.0,1
PAY_06185,CUST_0347,1898.46,card,card_declined,17,2107,2,9,7,0.778,0
PAY_06186,CUST_1761,5034.96,card,checkout_abandoned,11,902,2,13,2,0.154,0
PAY_06187,CUST_0547,4131.57,upi,checkout_abandoned,23,1146,1,1,1,1.0,1
PAY_06188,CUST_2032,3688.86,netbanking,insufficient_funds,12,115,1,9,9,1.0,1
PAY_06189,CUST_1926,2124.04,wallet,network_timeout,4,62,0,11,10,0.909,1
PAY_06190,CUST_0426,11070.23,card,network_timeout,2,1033,0,2,1,0.5,0
PAY_06191,CUST_0222,1306.42,card,checkout_abandoned,16,770,1,3,2,0.667,0
PAY_06192,CUST_0687,494.12,card,card_declined,12,83,2,7,6,0.857,0
PAY_06193,CUST_0348,1455.85,wallet,card_declined,7,189,2,9,6,0.667,0
PAY_06194,CUST_0241,1885.09,netbanking,network_timeout,9,1565,1,7,6,0.857,0
PAY_06195,CUST_2331,5105.58,upi,card_declined,18,1271,2,2,2,1.0,0
PAY_06196,CUST_0493,1196.03,upi,insufficient_funds,0,1119,0,13,9,0.692,1
PAY_06197,CUST_1379,2666.51,upi,checkout_abandoned,4,1226,2,6,4,0.667,1
PAY_06198,CUST_0631,552.11,card,card_declined,2,2155,1,7,7,1.0,0
PAY_06199,CUST_0478,4275.59,card,network_timeout,12,998,0,8,7,0.875,1
PAY_06200,CUST_0700,1901.12,card,checkout_abandoned,11,2130,2,8,5,0.625,0
PAY_06201,CUST_0615,1438.13,card,network_timeout,18,647,2,4,4,1.0,0
PAY_06202,CUST_1143,9905.68,upi,network_timeout,2,1694,1,4,4,1.0,0
PAY_06203,CUST_1527,4236.39,card,network_timeout,11,1358,0,2,1,0.5,1
PAY_06204,CUST_2363,783.42,upi,card_declined,9,632,0,10,9,0.9,0
PAY_06205,CUST_1757,1649.17,upi,card_declined,18,254,1,4,3,0.75,1
PAY_06206,CUST_0184,16068.2,upi,checkout_abandoned,23,243,2,0,0,0.75,0
PAY_06207,CUST_0431,8765.64,wallet,insufficient_funds,4,1414,0,0,0,0.75,0
PAY_06208,CUST_0853,3766.54,card,insufficient_funds,10,339,2,14,12,0.857,0
PAY_06209,CUST_1499,410.72,upi,card_declined,12,1341,2,6,5,0.833,0
PAY_06210,CUST_0547,5225.27,card,checkout_abandoned,13,1490,0,9,6,0.667,0
PAY_06211,CUST_1392,1082.9,upi,card_declined,5,1595,1,8,3,0.375,1
PAY_06212,CUST_1885,5189.31,upi,checkout_abandoned,10,291,0,12,8,0.667,1
PAY_06213,CUST_0072,1009.7,card,insufficient_funds,17,266,2,13,6,0.462,0
PAY_06214,CUST_2337,2661.39,card,network_timeout,2,613,1,11,3,0.273,1
PAY_06215,CUST_1752,1078.49,upi,card_declined,17,1052,1,14,14,1.0,0
PAY_06216,CUST_1084,1346.03,upi,card_declined,19,200,0,3,0,0.0,1
PAY_06217,CUST_0558,2961.05,upi,network_timeout,23,1060,1,6,2,0.333,1
PAY_06218,CUST_2253,626.67,card,checkout_abandoned,17,112,2,4,1,0.25,0
PAY_06219,CUST_0797,12009.78,upi,card_declined,6,303,2,12,9,0.75,0
PAY_06220,CUST_2144,791.37,upi,insufficient_funds,10,841,0,4,2,0.5,0
PAY_06221,CUST_2221,756.74,card,insufficient_funds,19,1239,1,11,8,0.727,1
PAY_06222,CUST_0894,2968.02,upi,card_declined,4,896,2,3,2,0.667,1
PAY_06223,CUST_0088,5059.86,upi,network_timeout,17,1528,0,10,4,0.4,1
PAY_06224,CUST_0256,1389.33,netbanking,card_declined,17,415,2,0,0,0.75,0
PAY_06225,CUST_1558,763.85,card,network_timeout,1,208,1,11,5,0.455,1
PAY_06226,CUST_2424,860.61,card,card_declined,7,1987,1,12,10,0.833,0
PAY_06227,CUST_2003,789.6,wallet,network_timeout,7,942,2,8,5,0.625,0
PAY_06228,CUST_2025,2303.27,netbanking,insufficient_funds,11,1312,1,8,1,0.125,0
PAY_06229,CUST_2236,1701.99,card,network_timeout,17,1550,0,6,4,0.667,0
PAY_06230,CUST_1797,2530.59,wallet,insufficient_funds,6,631,0,8,7,0.875,0
PAY_06231,CUST_0525,2410.13,card,checkout_abandoned,1,141,2,8,7,0.875,0
PAY_06232,CUST_1106,3480.71,netbanking,network_timeout,10,1803,1,7,4,0.571,0
PAY_06233,CUST_0873,1296.71,card,checkout_abandoned,22,1476,2,7,4,0.571,0
PAY_06234,CUST_0528,997.23,card,card_declined,21,1194,2,1,1,1.0,0
PAY_06235,CUST_1266,2039.74,wallet,insufficient_funds,10,1872,2,6,5,0.833,0
PAY_06236,CUST_0841,1722.53,card,card_declined,7,962,2,6,0,0.0,0
PAY_06237,CUST_2073,2203.72,netbanking,insufficient_funds,8,106,2,13,8,0.615,0
PAY_06238,CUST_1149,1018.59,upi,checkout_abandoned,9,1623,1,4,2,0.5,1
PAY_06239,CUST_1551,3008.86,card,checkout_abandoned,6,1736,1,14,10,0.714,0
PAY_06240,CUST_1571,701.24,wallet,network_timeout,12,793,2,13,6,0.462,1
PAY_06241,CUST_0383,1265.51,upi,network_timeout,12,430,2,11,5,0.455,1
PAY_06242,CUST_0283,4441.62,netbanking,card_declined,6,1734,2,10,7,0.7,0
PAY_06243,CUST_1204,728.14,netbanking,card_declined,16,122,2,4,3,0.75,0
PAY_06244,CUST_1789,4170.27,card,checkout_abandoned,23,10,0,2,2,1.0,0
PAY_06245,CUST_1603,583.04,card,card_declined,17,1802,1,11,5,0.455,0
PAY_06246,CUST_1819,506.42,card,card_declined,2,532,2,10,9,0.9,1
PAY_06247,CUST_2121,544.82,upi,checkout_abandoned,10,1701,0,12,7,0.583,0
PAY_06248,CUST_2474,1976.31,card,checkout_abandoned,2,1146,0,8,7,0.875,1
PAY_06249,CUST_1970,3226.71,card,network_timeout,8,2013,2,13,13,1.0,1
PAY_06250,CUST_1947,5062.51,netbanking,insufficient_funds,15,1806,2,1,1,1.0,0
PAY_06251,CUST_1560,4749.71,card,checkout_abandoned,22,1043,1,1,0,0.0,0
PAY_06252,CUST_2475,3589.26,upi,card_declined,14,1606,2,1,0,0.0,0
PAY_06253,CUST_2034,925.3,upi,insufficient_funds,5,352,1,4,0,0.0,0
PAY_06254,CUST_0160,918.86,card,insufficient_funds,6,2017,1,2,2,1.0,0
PAY_06255,CUST_0174,3380.49,card,checkout_abandoned,12,1981,2,0,0,0.75,0
PAY_06256,CUST_2322,5611.59,card,checkout_abandoned,1,563,1,12,11,0.917,1
PAY_06257,CUST_2357,788.89,upi,checkout_abandoned,5,1127,2,2,1,0.5,1
PAY_06258,CUST_1995,5068.2,card,card_declined,3,1992,2,12,2,0.167,0
PAY_06259,CUST_1934,387.33,netbanking,network_timeout,23,706,2,9,6,0.667,0
PAY_06260,CUST_1417,2458.93,netbanking,card_declined,5,248,0,9,3,0.333,0
PAY_06261,CUST_1654,1656.56,card,checkout_abandoned,11,2117,2,1,1,1.0,0
PAY_06262,CUST_0883,1528.73,netbanking,card_declined,9,430,1,0,0,0.75,0
PAY_06263,CUST_1543,1845.6,wallet,card_declined,17,341,0,2,2,1.0,1
PAY_06264,CUST_0362,909.19,card,checkout_abandoned,13,1009,1,4,3,0.75,0
PAY_06265,CUST_1359,2571.91,wallet,network_timeout,6,998,1,14,9,0.643,0
PAY_06266,CUST_0172,1889.52,card,checkout_abandoned,14,456,1,6,2,0.333,0
PAY_06267,CUST_0538,3803.93,upi,card_declined,19,1905,2,3,3,1.0,0
PAY_06268,CUST_0900,6424.37,card,checkout_abandoned,16,69,0,4,3,0.75,0
PAY_06269,CUST_1572,1992.36,netbanking,card_declined,6,1989,1,5,2,0.4,0
PAY_06270,CUST_1026,935.02,netbanking,card_declined,1,1381,0,8,6,0.75,0
PAY_06271,CUST_1041,724.31,wallet,network_timeout,17,568,2,12,6,0.5,0
PAY_06272,CUST_1894,7003.35,wallet,card_declined,13,881,2,0,0,0.75,0
PAY_06273,CUST_1849,6322.31,card,network_timeout,1,175,1,11,7,0.636,1
PAY_06274,CUST_0639,3660.81,upi,card_declined,1,1993,2,0,0,0.75,0
PAY_06275,CUST_0526,1888.29,card,card_declined,3,1523,0,4,3,0.75,0
PAY_06276,CUST_0698,3455.33,card,checkout_abandoned,15,2124,2,8,4,0.5,0
PAY_06277,CUST_0372,5110.82,card,card_declined,6,95,1,1,1,1.0,0
PAY_06278,CUST_0462,1097.92,wallet,checkout_abandoned,7,1999,1,3,2,0.667,0
PAY_06279,CUST_2327,1843.42,upi,checkout_abandoned,23,1799,0,9,4,0.444,1
PAY_06280,CUST_2379,742.89,card,card_declined,14,1115,1,10,10,1.0,1
PAY_06281,CUST_1320,1623.42,wallet,checkout_abandoned,1,1334,2,1,1,1.0,0
PAY_06282,CUST_0374,6191.67,netbanking,insufficient_funds,11,666,1,11,5,0.455,0
PAY_06283,CUST_2456,4265.78,card,insufficient_funds,8,1099,0,6,2,0.333,0
PAY_06284,CUST_1313,2005.3,upi,card_declined,19,2063,2,9,7,0.778,0
PAY_06285,CUST_0605,208.71,upi,checkout_abandoned,13,1757,1,3,2,0.667,0
PAY_06286,CUST_0898,1065.19,upi,network_timeout,2,807,2,14,9,0.643,1
PAY_06287,CUST_0949,1953.67,upi,network_timeout,7,1188,2,11,7,0.636,0
PAY_06288,CUST_1420,1514.46,upi,checkout_abandoned,12,819,0,9,6,0.667,0
PAY_06289,CUST_0886,1847.82,card,insufficient_funds,7,752,0,2,1,0.5,0
PAY_06290,CUST_0023,2185.53,upi,checkout_abandoned,7,1372,2,11,4,0.364,0
PAY_06291,CUST_0694,1174.5,card,checkout_abandoned,23,902,0,5,2,0.4,0
PAY_06292,CUST_2152,1789.19,card,checkout_abandoned,0,1370,2,9,8,0.889,1
PAY_06293,CUST_2195,1597.17,card,checkout_abandoned,7,2096,0,9,3,0.333,0
PAY_06294,CUST_1008,1025.55,upi,checkout_abandoned,12,226,1,12,11,0.917,1
PAY_06295,CUST_1980,7884.17,card,card_declined,18,872,0,12,11,0.917,0
PAY_06296,CUST_0653,1229.52,card,checkout_abandoned,18,414,2,5,4,0.8,0
PAY_06297,CUST_0728,296.54,card,checkout_abandoned,5,144,1,1,1,1.0,1
PAY_06298,CUST_0783,7496.22,wallet,network_timeout,14,1,2,6,2,0.333,0
PAY_06299,CUST_2092,914.63,card,insufficient_funds,16,805,0,6,2,0.333,1
PAY_06300,CUST_2420,3697.71,card,checkout_abandoned,1,214,0,5,5,1.0,1
PAY_06301,CUST_2375,1044.02,card,card_declined,13,1554,1,7,5,0.714,0
PAY_06302,CUST_0922,2838.31,upi,network_timeout,15,741,0,8,8,1.0,1
PAY_06303,CUST_1783,1731.99,card,network_timeout,4,473,1,9,4,0.444,1
PAY_06304,CUST_1176,4007.03,card,card_declined,17,2049,2,5,2,0.4,0
PAY_06305,CUST_2114,1517.13,netbanking,checkout_abandoned,9,1353,1,9,5,0.556,0
PAY_06306,CUST_2160,1065.59,netbanking,card_declined,1,1726,2,14,11,0.786,0
PAY_06307,CUST_2147,2210.91,upi,checkout_abandoned,10,1662,0,9,7,0.778,1
PAY_06308,CUST_2489,1325.5,upi,checkout_abandoned,9,492,0,9,5,0.556,1
PAY_06309,CUST_0605,384.6,wallet,insufficient_funds,17,1357,0,4,3,0.75,0
PAY_06310,CUST_2433,1112.47,wallet,checkout_abandoned,7,251,1,5,2,0.4,0
PAY_06311,CUST_0542,17864.26,upi,card_declined,18,1149,1,0,0,0.75,0
PAY_06312,CUST_0337,419.24,netbanking,checkout_abandoned,17,2157,1,7,5,0.714,0
PAY_06313,CUST_1918,2182.84,netbanking,checkout_abandoned,15,455,0,1,1,1.0,1
PAY_06314,CUST_1395,1482.11,wallet,card_declined,8,1555,1,11,1,0.091,0
PAY_06315,CUST_1916,7821.86,card,checkout_abandoned,2,114,2,14,5,0.357,1
PAY_06316,CUST_1497,740.05,wallet,network_timeout,4,1130,0,12,11,0.917,1
PAY_06317,CUST_1046,1951.95,upi,network_timeout,7,272,2,2,2,1.0,1
PAY_06318,CUST_1958,3116.61,upi,checkout_abandoned,12,2113,0,9,4,0.444,1
PAY_06319,CUST_1578,1559.48,card,network_timeout,22,964,2,6,5,0.833,0
PAY_06320,CUST_1212,974.09,card,network_timeout,18,2060,2,0,0,0.75,0
PAY_06321,CUST_1303,1768.32,netbanking,card_declined,21,1949,1,10,6,0.6,0
PAY_06322,CUST_1179,1405.21,upi,insufficient_funds,9,251,0,13,4,0.308,0
PAY_06323,CUST_0459,1402.06,card,checkout_abandoned,1,1092,1,6,5,0.833,0
PAY_06324,CUST_0899,3789.96,upi,card_declined,21,1374,1,13,13,1.0,0
PAY_06325,CUST_0297,2484.69,card,network_timeout,22,930,1,0,0,0.75,1
PAY_06326,CUST_1827,2798.83,upi,card_declined,15,1490,1,13,11,0.846,1
PAY_06327,CUST_1745,2344.39,upi,checkout_abandoned,11,963,2,10,6,0.6,1
PAY_06328,CUST_1636,3879.44,upi,network_timeout,2,1865,2,10,8,0.8,1
PAY_06329,CUST_0738,5109.97,card,insufficient_funds,18,1361,1,7,3,0.429,0
PAY_06330,CUST_2461,1431.06,card,card_declined,23,1077,2,0,0,0.75,0
PAY_06331,CUST_1867,3467.25,card,insufficient_funds,11,1848,0,6,2,0.333,0
PAY_06332,CUST_1468,638.16,upi,checkout_abandoned,17,1468,2,14,13,0.929,1
PAY_06333,CUST_1560,296.81,wallet,network_timeout,2,585,0,6,5,0.833,0
PAY_06334,CUST_2298,7759.44,netbanking,network_timeout,5,766,1,1,1,1.0,0
PAY_06335,CUST_0023,1378.64,upi,checkout_abandoned,14,201,2,7,5,0.714,1
PAY_06336,CUST_2419,2202.88,card,insufficient_funds,7,867,0,2,1,0.5,0
PAY_06337,CUST_1180,675.44,card,insufficient_funds,2,1223,1,6,4,0.667,0
PAY_06338,CUST_0094,650.97,netbanking,insufficient_funds,11,1217,0,9,4,0.444,0
PAY_06339,CUST_0871,1017.58,upi,card_declined,17,1710,2,1,0,0.0,0
PAY_06340,CUST_0095,3010.5,card,checkout_abandoned,0,463,1,6,5,0.833,1
PAY_06341,CUST_1515,1190.71,upi,checkout_abandoned,8,855,0,7,6,0.857,1
PAY_06342,CUST_2455,1375.96,upi,checkout_abandoned,21,1711,0,11,5,0.455,1
PAY_06343,CUST_1584,992.21,card,checkout_abandoned,1,1577,0,1,0,0.0,0
PAY_06344,CUST_1499,4574.13,card,network_timeout,1,1075,0,9,7,0.778,1
PAY_06345,CUST_0154,3606.04,upi,insufficient_funds,22,1704,1,9,5,0.556,0
PAY_06346,CUST_0708,1221.97,card,network_timeout,4,1838,0,0,0,0.75,0
PAY_06347,CUST_0676,3111.42,card,checkout_abandoned,13,922,0,1,0,0.0,1
PAY_06348,CUST_1104,1479.34,netbanking,checkout_abandoned,12,1699,1,9,4,0.444,0
PAY_06349,CUST_2039,1374.03,wallet,network_timeout,14,485,1,12,7,0.583,1
PAY_06350,CUST_1109,1729.82,card,checkout_abandoned,19,1214,1,12,4,0.333,0
PAY_06351,CUST_0398,3011.31,card,checkout_abandoned,15,538,1,11,4,0.364,0
PAY_06352,CUST_0261,881.64,upi,checkout_abandoned,22,1485,2,12,9,0.75,0
PAY_06353,CUST_0277,2690.43,card,checkout_abandoned,15,791,1,9,3,0.333,1
PAY_06354,CUST_2277,13277.14,netbanking,insufficient_funds,2,1832,1,2,1,0.5,0
PAY_06355,CUST_0562,2083.99,upi,insufficient_funds,14,1972,1,7,5,0.714,0
PAY_06356,CUST_0804,1852.18,card,network_timeout,0,732,0,5,3,0.6,0
PAY_06357,CUST_1271,1682.79,netbanking,insufficient_funds,9,75,2,3,3,1.0,0
PAY_06358,CUST_1373,2638.88,card,checkout_abandoned,16,1574,1,1,1,1.0,0
PAY_06359,CUST_2050,496.32,upi,network_timeout,23,1974,1,0,0,0.75,1
PAY_06360,CUST_2174,7019.23,wallet,network_timeout,6,1995,1,11,10,0.909,1
PAY_06361,CUST_0539,3946.13,card,insufficient_funds,2,501,1,2,2,1.0,1
PAY_06362,CUST_2224,1074.84,card,network_timeout,3,68,2,9,1,0.111,1
PAY_06363,CUST_1022,1846.01,netbanking,network_timeout,9,166,1,4,3,0.75,1
PAY_06364,CUST_0468,1152.47,upi,card_declined,0,1079,1,7,7,1.0,1
PAY_06365,CUST_1312,2286.85,card,checkout_abandoned,7,586,0,5,5,1.0,1
PAY_06366,CUST_0424,1890.55,card,insufficient_funds,23,313,0,4,3,0.75,0
PAY_06367,CUST_0891,2161.26,card,insufficient_funds,8,431,2,7,4,0.571,0
PAY_06368,CUST_0346,790.67,upi,card_declined,17,833,2,11,4,0.364,0
PAY_06369,CUST_1879,1224.52,card,network_timeout,3,116,2,7,5,0.714,0
PAY_06370,CUST_0585,4502.5,card,checkout_abandoned,8,1790,1,11,8,0.727,0
PAY_06371,CUST_2347,1174.4,card,checkout_abandoned,11,2063,2,13,11,0.846,1
PAY_06372,CUST_0800,217.18,upi,card_declined,14,430,1,7,4,0.571,1
PAY_06373,CUST_0391,1595.65,netbanking,checkout_abandoned,12,1243,0,12,5,0.417,1
PAY_06374,CUST_1820,12391.11,upi,checkout_abandoned,21,78,0,1,0,0.0,0
PAY_06375,CUST_1233,3549.79,upi,insufficient_funds,23,184,1,8,6,0.75,0
PAY_06376,CUST_0380,1128.03,netbanking,card_declined,21,615,1,6,5,0.833,1
PAY_06377,CUST_0964,1728.59,card,insufficient_funds,18,1829,0,0,0,0.75,1
PAY_06378,CUST_0543,3100.84,card,checkout_abandoned,12,1683,0,13,6,0.462,0
PAY_06379,CUST_1706,441.66,card,insufficient_funds,16,1535,1,11,7,0.636,0
PAY_06380,CUST_0945,907.5,card,network_timeout,22,233,2,8,3,0.375,0
PAY_06381,CUST_0248,2475.55,wallet,checkout_abandoned,15,468,0,10,7,0.7,0
PAY_06382,CUST_0059,6445.46,card,checkout_abandoned,18,1266,0,11,9,0.818,1
PAY_06383,CUST_2405,1266.59,netbanking,checkout_abandoned,15,797,1,11,5,0.455,0
PAY_06384,CUST_0630,6305.36,card,checkout_abandoned,13,1604,0,4,4,1.0,1
PAY_06385,CUST_2047,984.45,upi,card_declined,9,1194,2,6,3,0.5,0
PAY_06386,CUST_1162,119.96,card,checkout_abandoned,9,1232,1,5,4,0.8,1
PAY_06387,CUST_1705,3263.61,card,insufficient_funds,9,1244,1,13,10,0.769,0
PAY_06388,CUST_1392,2773.49,card,card_declined,22,2019,1,1,1,1.0,0
PAY_06389,CUST_1045,3243.76,upi,checkout_abandoned,3,1200,0,13,7,0.538,0
PAY_06390,CUST_1586,3143.92,upi,card_declined,4,1635,0,5,4,0.8,1
PAY_06391,CUST_0264,2098.42,netbanking,card_declined,10,1048,1,11,6,0.545,1
PAY_06392,CUST_0982,1463.36,wallet,network_timeout,13,191,2,2,2,1.0,1
PAY_06393,CUST_0303,1508.68,upi,insufficient_funds,3,1170,2,12,7,0.583,0
PAY_06394,CUST_1407,1245.41,wallet,card_declined,3,1848,1,8,5,0.625,1
PAY_06395,CUST_1360,1306.66,card,network_timeout,7,1642,1,14,10,0.714,0
PAY_06396,CUST_2149,422.72,card,checkout_abandoned,3,1183,2,5,2,0.4,0
PAY_06397,CUST_0037,681.36,card,checkout_abandoned,19,2065,0,14,11,0.786,0
PAY_06398,CUST_1814,1579.41,upi,card_declined,1,2090,0,12,5,0.417,0
PAY_06399,CUST_1664,299.72,upi,network_timeout,20,2035,1,0,0,0.75,1
PAY_06400,CUST_1437,361.14,upi,checkout_abandoned,7,2128,1,5,4,0.8,1
PAY_06401,CUST_2234,1377.62,netbanking,card_declined,15,719,2,6,5,0.833,0
PAY_06402,CUST_1942,1624.37,card,card_declined,19,354,1,3,3,1.0,1
PAY_06403,CUST_0836,1400.88,netbanking,card_declined,8,956,2,13,10,0.769,0
PAY_06404,CUST_0734,268.17,upi,network_timeout,4,537,1,1,0,0.0,1
PAY_06405,CUST_1830,6232.03,upi,card_declined,18,346,1,3,0,0.0,0
PAY_06406,CUST_2393,570.53,card,checkout_abandoned,19,1411,0,3,2,0.667,1
PAY_06407,CUST_0816,935.44,card,checkout_abandoned,12,238,0,6,2,0.333,0
PAY_06408,CUST_1725,655.98,card,card_declined,23,121,0,10,4,0.4,0
PAY_06409,CUST_0497,5088.64,netbanking,network_timeout,17,399,0,0,0,0.75,1
PAY_06410,CUST_1680,2521.67,upi,card_declined,12,866,2,9,8,0.889,1
PAY_06411,CUST_0711,1232.68,card,card_declined,18,1425,1,6,2,0.333,1
PAY_06412,CUST_1964,1165.16,netbanking,checkout_abandoned,18,2134,2,9,6,0.667,0
PAY_06413,CUST_1778,2078.12,upi,insufficient_funds,16,1349,0,0,0,0.75,1
PAY_06414,CUST_0010,664.01,wallet,checkout_abandoned,16,1136,0,12,3,0.25,0
PAY_06415,CUST_1858,2440.93,upi,network_timeout,20,638,0,8,7,0.875,1
PAY_06416,CUST_0354,1160.52,upi,card_declined,11,716,0,3,1,0.333,0
PAY_06417,CUST_0592,2727.81,upi,insufficient_funds,12,1336,0,11,5,0.455,1
PAY_06418,CUST_1433,2654.79,upi,card_declined,6,401,0,7,7,1.0,0
PAY_06419,CUST_1470,1119.52,card,checkout_abandoned,8,170,0,5,2,0.4,0
PAY_06420,CUST_1520,348.41,card,checkout_abandoned,16,1620,1,2,1,0.5,0
PAY_06421,CUST_0832,1477.46,wallet,insufficient_funds,19,2123,2,7,5,0.714,0
PAY_06422,CUST_2243,564.51,upi,network_timeout,5,2009,0,3,3,1.0,1
PAY_06423,CUST_1576,1916.87,upi,checkout_abandoned,23,1454,2,11,7,0.636,0
PAY_06424,CUST_1331,1465.99,upi,checkout_abandoned,8,1996,2,5,3,0.6,0
PAY_06425,CUST_1845,1124.56,upi,card_declined,16,1636,0,1,1,1.0,1
PAY_06426,CUST_0671,638.48,card,card_declined,3,141,0,10,6,0.6,0
PAY_06427,CUST_1068,4651.63,card,card_declined,18,843,0,12,7,0.583,0
PAY_06428,CUST_1224,1252.12,card,insufficient_funds,13,164,2,12,12,1.0,1
PAY_06429,CUST_0297,11827.97,card,network_timeout,14,561,2,7,6,0.857,0
PAY_06430,CUST_0789,1851.01,card,card_declined,3,2139,2,4,1,0.25,0
PAY_06431,CUST_2025,2384.66,netbanking,insufficient_funds,13,1783,1,3,1,0.333,0
PAY_06432,CUST_1701,1857.36,card,insufficient_funds,19,2059,0,5,2,0.4,0
PAY_06433,CUST_2292,2365.63,netbanking,card_declined,6,1039,2,1,1,1.0,0
PAY_06434,CUST_1531,4314.31,wallet,checkout_abandoned,11,474,2,13,7,0.538,0
PAY_06435,CUST_0139,4354.32,card,network_timeout,13,819,2,3,1,0.333,0
PAY_06436,CUST_0474,438.02,upi,insufficient_funds,17,427,2,11,10,0.909,1
PAY_06437,CUST_0818,3568.64,upi,network_timeout,16,2085,0,5,4,0.8,0
PAY_06438,CUST_0929,2679.15,wallet,insufficient_funds,10,1273,1,10,6,0.6,0
PAY_06439,CUST_2454,1852.43,upi,checkout_abandoned,11,106,1,13,12,0.923,0
PAY_06440,CUST_1692,7083.92,card,network_timeout,18,685,0,6,5,0.833,0
PAY_06441,CUST_2174,7315.53,card,network_timeout,0,1076,2,14,13,0.929,0
PAY_06442,CUST_2361,3711.6,wallet,checkout_abandoned,21,1551,1,5,3,0.6,0
PAY_06443,CUST_1475,1165.28,card,checkout_abandoned,9,1936,2,3,3,1.0,0
PAY_06444,CUST_0990,693.36,netbanking,checkout_abandoned,11,445,0,10,7,0.7,1
PAY_06445,CUST_1293,3291.38,card,card_declined,3,1524,1,2,1,0.5,0
PAY_06446,CUST_1806,5341.0,upi,card_declined,8,1741,2,1,1,1.0,0
PAY_06447,CUST_1847,355.18,upi,checkout_abandoned,11,1686,0,5,3,0.6,1
PAY_06448,CUST_1055,4292.3,card,network_timeout,17,610,1,8,4,0.5,1
PAY_06449,CUST_0251,1467.99,card,checkout_abandoned,20,732,2,7,7,1.0,0
PAY_06450,CUST_0952,423.41,card,checkout_abandoned,23,301,2,0,0,0.75,0
PAY_06451,CUST_1112,2620.34,netbanking,insufficient_funds,21,1256,2,8,4,0.5,0
PAY_06452,CUST_1583,3725.85,upi,insufficient_funds,4,739,1,9,9,1.0,0
PAY_06453,CUST_1469,1358.94,card,network_timeout,11,893,0,4,2,0.5,1
PAY_06454,CUST_2401,772.52,upi,insufficient_funds,17,43,0,8,3,0.375,0
PAY_06455,CUST_1706,7081.31,card,checkout_abandoned,17,2040,2,5,3,0.6,0
PAY_06456,CUST_0805,1054.3,upi,checkout_abandoned,0,1393,1,0,0,0.75,0
PAY_06457,CUST_1984,4551.08,netbanking,network_timeout,20,515,1,11,8,0.727,1
PAY_06458,CUST_1110,536.52,netbanking,checkout_abandoned,23,147,2,6,3,0.5,1
PAY_06459,CUST_0850,2510.77,netbanking,network_timeout,23,843,1,14,8,0.571,0
PAY_06460,CUST_0135,2454.18,card,checkout_abandoned,19,319,1,2,1,0.5,1
PAY_06461,CUST_1929,3620.16,card,card_declined,15,407,1,0,0,0.75,1
PAY_06462,CUST_1574,5942.76,netbanking,checkout_abandoned,22,1713,1,11,6,0.545,0
PAY_06463,CUST_0177,938.83,card,checkout_abandoned,0,115,1,12,11,0.917,1
PAY_06464,CUST_0939,2730.29,card,insufficient_funds,2,1092,2,13,7,0.538,0
PAY_06465,CUST_1047,603.22,card,network_timeout,15,1669,2,14,11,0.786,0
PAY_06466,CUST_0300,597.77,netbanking,checkout_abandoned,1,1281,1,4,1,0.25,0
PAY_06467,CUST_1922,1133.28,upi,card_declined,7,285,1,10,7,0.7,0
PAY_06468,CUST_1550,2497.4,wallet,checkout_abandoned,10,608,2,0,0,0.75,0
PAY_06469,CUST_0553,6884.56,card,checkout_abandoned,19,373,1,6,2,0.333,1
PAY_06470,CUST_1701,7964.09,card,checkout_abandoned,1,2100,0,13,10,0.769,0
PAY_06471,CUST_1415,1355.1,card,insufficient_funds,20,1464,1,9,2,0.222,0
PAY_06472,CUST_0309,2298.4,netbanking,network_timeout,1,2132,2,12,11,0.917,0
PAY_06473,CUST_1454,3827.42,card,checkout_abandoned,18,294,1,14,12,0.857,0
PAY_06474,CUST_1499,3320.43,wallet,network_timeout,2,790,1,11,10,0.909,1
PAY_06475,CUST_0467,1571.8,upi,card_declined,19,765,2,10,4,0.4,0
PAY_06476,CUST_2111,1913.0,netbanking,card_declined,1,1702,0,5,3,0.6,0
PAY_06477,CUST_1869,1648.13,netbanking,checkout_abandoned,22,157,2,7,4,0.571,0
PAY_06478,CUST_1354,1523.62,upi,insufficient_funds,2,1732,0,1,1,1.0,0
PAY_06479,CUST_1791,1369.79,upi,card_declined,10,1011,0,8,2,0.25,0
PAY_06480,CUST_1992,1635.68,card,insufficient_funds,8,1973,0,14,4,0.286,0
PAY_06481,CUST_1266,1301.0,netbanking,checkout_abandoned,9,712,0,2,2,1.0,1
PAY_06482,CUST_1231,725.75,netbanking,network_timeout,12,1861,1,7,7,1.0,0
PAY_06483,CUST_1036,3588.92,upi,checkout_abandoned,18,1932,1,13,11,0.846,0
PAY_06484,CUST_0581,2720.44,card,checkout_abandoned,2,949,1,5,5,1.0,0
PAY_06485,CUST_1381,8077.33,wallet,checkout_abandoned,0,1939,2,8,3,0.375,0
PAY_06486,CUST_0387,2419.11,wallet,checkout_abandoned,15,780,0,11,8,0.727,1
PAY_06487,CUST_0082,1289.45,upi,insufficient_funds,0,1427,2,11,7,0.636,0
PAY_06488,CUST_0576,1090.5,wallet,checkout_abandoned,14,2019,1,10,10,1.0,1
PAY_06489,CUST_0257,1869.52,upi,card_declined,2,384,2,0,0,0.75,0
PAY_06490,CUST_1604,2801.31,card,checkout_abandoned,7,881,2,0,0,0.75,1
PAY_06491,CUST_0413,1479.96,upi,insufficient_funds,13,115,0,11,5,0.455,0
PAY_06492,CUST_0730,555.2,card,checkout_abandoned,7,1124,0,14,6,0.429,0
PAY_06493,CUST_1070,996.58,upi,checkout_abandoned,12,595,2,4,2,0.5,0
PAY_06494,CUST_1368,1826.14,upi,card_declined,23,208,1,8,6,0.75,1
PAY_06495,CUST_0402,3254.42,card,checkout_abandoned,10,1952,0,1,1,1.0,0
PAY_06496,CUST_2010,548.33,card,card_declined,7,635,2,2,2,1.0,0
PAY_06497,CUST_0305,2225.21,upi,insufficient_funds,4,1577,2,7,3,0.429,0
PAY_06498,CUST_0247,2148.31,netbanking,network_timeout,21,352,1,0,0,0.75,1
PAY_06499,CUST_0390,1254.23,wallet,insufficient_funds,23,575,0,8,5,0.625,1
PAY_06500,CUST_0294,1125.52,card,network_timeout,4,178,2,8,8,1.0,1
PAY_06501,CUST_0357,998.73,netbanking,checkout_abandoned,3,1529,1,1,1,1.0,0
PAY_06502,CUST_1842,2014.62,card,insufficient_funds,4,801,1,8,8,1.0,0
PAY_06503,CUST_1526,4433.73,card,network_timeout,17,1946,0,6,3,0.5,1
PAY_06504,CUST_0076,4692.73,upi,checkout_abandoned,20,1113,2,1,1,1.0,1
PAY_06505,CUST_1471,732.42,card,checkout_abandoned,0,412,2,3,3,1.0,1
PAY_06506,CUST_0518,1549.92,netbanking,card_declined,14,1683,2,8,6,0.75,0
PAY_06507,CUST_0199,311.29,card,checkout_abandoned,12,1873,1,12,8,0.667,1
PAY_06508,CUST_1081,1964.3,card,card_declined,18,1313,0,6,1,0.167,0
PAY_06509,CUST_2045,2903.47,upi,network_timeout,17,1501,1,9,5,0.556,0
PAY_06510,CUST_2419,6325.29,card,network_timeout,13,1781,1,6,5,0.833,1
PAY_06511,CUST_0193,431.12,card,checkout_abandoned,10,237,0,12,9,0.75,1
PAY_06512,CUST_1310,753.78,card,card_declined,23,503,1,14,14,1.0,0
PAY_06513,CUST_1240,2020.0,card,card_declined,6,1684,2,6,2,0.333,1
PAY_06514,CUST_0357,493.16,netbanking,checkout_abandoned,0,1717,0,4,1,0.25,0
PAY_06515,CUST_1491,2065.88,card,card_declined,18,406,0,8,6,0.75,1
PAY_06516,CUST_1459,2962.96,upi,network_timeout,3,112,1,13,4,0.308,0
PAY_06517,CUST_0080,645.81,upi,checkout_abandoned,18,1169,0,8,7,0.875,0
PAY_06518,CUST_0942,2001.42,upi,checkout_abandoned,2,599,2,5,1,0.2,0
PAY_06519,CUST_2300,682.51,upi,card_declined,22,356,0,11,5,0.455,1
PAY_06520,CUST_0146,5409.34,upi,insufficient_funds,16,959,0,2,1,0.5,1
PAY_06521,CUST_0226,2123.58,netbanking,checkout_abandoned,23,575,1,4,4,1.0,0
PAY_06522,CUST_1260,1078.68,card,insufficient_funds,7,2067,1,2,1,0.5,0
PAY_06523,CUST_2443,668.49,netbanking,card_declined,9,1756,2,13,11,0.846,1
PAY_06524,CUST_1590,2457.41,card,card_declined,18,196,0,14,7,0.5,0
PAY_06525,CUST_1670,5334.18,upi,insufficient_funds,20,2079,2,14,9,0.643,0
PAY_06526,CUST_2402,971.01,upi,checkout_abandoned,2,567,0,0,0,0.75,0
PAY_06527,CUST_0147,1266.26,card,insufficient_funds,11,354,2,13,7,0.538,0
PAY_06528,CUST_1814,986.17,card,card_declined,5,330,1,3,2,0.667,0
PAY_06529,CUST_2286,6247.5,card,network_timeout,8,819,2,14,7,0.5,0
PAY_06530,CUST_1952,390.97,card,card_declined,1,919,0,5,5,1.0,0
PAY_06531,CUST_0536,5034.23,upi,insufficient_funds,12,1951,2,4,4,1.0,0
PAY_06532,CUST_2280,1331.13,card,checkout_abandoned,23,711,1,9,8,0.889,1
PAY_06533,CUST_1146,1699.77,netbanking,checkout_abandoned,19,1479,1,11,11,1.0,1
PAY_06534,CUST_0809,1370.64,netbanking,card_declined,17,199,0,5,3,0.6,0
PAY_06535,CUST_0519,2180.31,card,insufficient_funds,0,1773,1,12,6,0.5,0
PAY_06536,CUST_1414,1003.96,card,card_declined,2,1040,2,0,0,0.75,0
PAY_06537,CUST_0397,4197.52,card,card_declined,16,1252,2,13,7,0.538,0
PAY_06538,CUST_2429,4336.14,netbanking,network_timeout,15,1049,2,7,4,0.571,1
PAY_06539,CUST_0615,819.6,card,network_timeout,2,1601,2,8,5,0.625,0
PAY_06540,CUST_1383,3070.25,card,checkout_abandoned,10,1361,0,13,4,0.308,1
PAY_06541,CUST_0104,1353.36,wallet,checkout_abandoned,22,788,1,0,0,0.75,0
PAY_06542,CUST_0327,1875.91,upi,card_declined,21,1816,0,13,8,0.615,0
PAY_06543,CUST_2140,6097.67,card,checkout_abandoned,16,235,0,3,1,0.333,1
PAY_06544,CUST_2396,1049.76,netbanking,network_timeout,3,2102,0,14,13,0.929,1
PAY_06545,CUST_1032,3777.36,wallet,insufficient_funds,5,1344,2,10,9,0.9,0
PAY_06546,CUST_0883,2594.74,upi,checkout_abandoned,0,225,0,5,3,0.6,1
PAY_06547,CUST_1626,1541.2,card,card_declined,3,1079,2,0,0,0.75,0
PAY_06548,CUST_0631,2415.02,upi,network_timeout,3,731,2,1,1,1.0,0
PAY_06549,CUST_0713,2195.73,card,checkout_abandoned,21,111,2,1,1,1.0,1
PAY_06550,CUST_1577,712.56,upi,insufficient_funds,22,2100,1,1,1,1.0,0
PAY_06551,CUST_1217,1107.83,card,checkout_abandoned,18,1892,0,9,8,0.889,0
PAY_06552,CUST_0882,780.04,upi,card_declined,22,1226,1,13,9,0.692,0
PAY_06553,CUST_0693,1442.66,netbanking,checkout_abandoned,13,268,1,11,1,0.091,1
PAY_06554,CUST_1029,5279.41,wallet,card_declined,1,857,2,11,10,0.909,0
PAY_06555,CUST_2123,2865.12,netbanking,card_declined,18,1550,2,14,9,0.643,0
PAY_06556,CUST_0540,572.19,card,insufficient_funds,12,939,2,9,2,0.222,0
PAY_06557,CUST_0597,1446.42,card,checkout_abandoned,3,1171,1,1,1,1.0,1
PAY_06558,CUST_0095,2169.91,upi,card_declined,16,1820,1,7,6,0.857,0
PAY_06559,CUST_0475,3264.34,card,checkout_abandoned,6,393,2,11,7,0.636,0
PAY_06560,CUST_0183,1069.48,card,card_declined,0,1865,1,6,3,0.5,0
PAY_06561,CUST_1562,668.87,netbanking,network_timeout,2,2116,1,4,1,0.25,0
PAY_06562,CUST_0693,1720.67,card,insufficient_funds,0,638,1,7,6,0.857,0
PAY_06563,CUST_1698,2837.75,card,card_declined,10,2007,1,11,9,0.818,0
PAY_06564,CUST_1058,2172.03,upi,checkout_abandoned,1,667,1,5,2,0.4,0
PAY_06565,CUST_1852,886.96,wallet,insufficient_funds,13,1514,1,5,1,0.2,0
PAY_06566,CUST_2067,7326.38,upi,checkout_abandoned,16,1511,0,7,4,0.571,1
PAY_06567,CUST_0061,1663.18,card,network_timeout,17,2022,2,6,4,0.667,0
PAY_06568,CUST_0536,2101.72,upi,network_timeout,22,146,0,3,2,0.667,0
PAY_06569,CUST_2101,1059.94,wallet,network_timeout,23,1285,0,4,4,1.0,1
PAY_06570,CUST_1636,4362.27,card,checkout_abandoned,1,1827,0,1,1,1.0,0
PAY_06571,CUST_0075,2844.15,upi,checkout_abandoned,8,198,2,11,7,0.636,0
PAY_06572,CUST_2316,2315.25,upi,network_timeout,3,15,0,3,2,0.667,1
PAY_06573,CUST_2109,716.39,upi,network_timeout,7,140,2,14,13,0.929,1
PAY_06574,CUST_1017,4318.94,card,network_timeout,11,996,1,14,9,0.643,1
PAY_06575,CUST_1251,3297.98,wallet,insufficient_funds,20,1211,1,10,6,0.6,0
PAY_06576,CUST_2448,4054.12,card,network_timeout,10,1712,2,14,9,0.643,0
PAY_06577,CUST_2477,1854.12,card,insufficient_funds,5,910,0,12,5,0.417,0
PAY_06578,CUST_1594,1695.36,card,checkout_abandoned,5,1974,1,11,11,1.0,0
PAY_06579,CUST_1441,1555.99,upi,checkout_abandoned,18,245,2,5,4,0.8,0
PAY_06580,CUST_2393,11144.93,card,checkout_abandoned,4,1354,2,12,11,0.917,1
PAY_06581,CUST_0575,1166.29,netbanking,checkout_abandoned,17,1005,2,5,5,1.0,0
PAY_06582,CUST_0738,696.83,netbanking,network_timeout,3,1146,0,1,1,1.0,1
PAY_06583,CUST_1509,1335.33,card,checkout_abandoned,23,1087,0,8,6,0.75,0
PAY_06584,CUST_1638,1175.02,netbanking,card_declined,6,1506,2,1,1,1.0,0
PAY_06585,CUST_0802,4931.6,wallet,network_timeout,23,1547,2,1,1,1.0,0
PAY_06586,CUST_0398,608.35,card,insufficient_funds,20,1819,0,1,1,1.0,0
PAY_06587,CUST_1451,1148.84,upi,card_declined,12,793,1,13,9,0.692,1
PAY_06588,CUST_2284,2096.37,wallet,checkout_abandoned,10,28,0,0,0,0.75,1
PAY_06589,CUST_0087,4965.04,netbanking,checkout_abandoned,6,345,0,5,2,0.4,0
PAY_06590,CUST_0845,3184.49,upi,network_timeout,22,1309,0,11,10,0.909,1
PAY_06591,CUST_2036,6573.2,netbanking,insufficient_funds,22,347,1,12,10,0.833,1
PAY_06592,CUST_0397,2373.63,upi,checkout_abandoned,20,1656,0,0,0,0.75,0
PAY_06593,CUST_2092,1529.42,card,insufficient_funds,20,1,2,13,8,0.615,1
PAY_06594,CUST_1324,3568.81,card,checkout_abandoned,12,1999,0,14,13,0.929,1
PAY_06595,CUST_0144,602.94,upi,checkout_abandoned,12,2142,0,14,6,0.429,1
PAY_06596,CUST_0419,458.35,card,insufficient_funds,19,863,1,9,1,0.111,0
PAY_06597,CUST_0189,3930.62,card,card_declined,13,1853,1,7,5,0.714,0
PAY_06598,CUST_0701,2130.25,card,insufficient_funds,3,1947,0,2,2,1.0,1
PAY_06599,CUST_0614,3892.26,netbanking,card_declined,0,1752,0,1,1,1.0,0
PAY_06600,CUST_0954,910.18,upi,insufficient_funds,15,1361,0,12,9,0.75,0
PAY_06601,CUST_1389,5030.97,card,card_declined,22,448,0,12,4,0.333,0
PAY_06602,CUST_0368,3077.37,card,card_declined,22,720,0,12,6,0.5,1
PAY_06603,CUST_2476,1755.74,card,insufficient_funds,8,774,1,9,5,0.556,1
PAY_06604,CUST_0101,2124.77,card,card_declined,14,2124,2,8,6,0.75,0
PAY_06605,CUST_1786,2375.79,upi,checkout_abandoned,14,1388,0,2,2,1.0,1
PAY_06606,CUST_0938,907.01,card,card_declined,11,127,1,1,1,1.0,1
PAY_06607,CUST_0528,1322.83,wallet,checkout_abandoned,14,347,1,3,1,0.333,0
PAY_06608,CUST_0519,2345.94,card,card_declined,15,1878,0,6,5,0.833,1
PAY_06609,CUST_1946,1281.05,card,card_declined,2,1050,1,4,4,1.0,0
PAY_06610,CUST_1679,555.58,netbanking,card_declined,3,1141,0,8,5,0.625,1
PAY_06611,CUST_1798,2278.91,card,checkout_abandoned,5,1984,0,11,10,0.909,1
PAY_06612,CUST_0001,3513.5,card,insufficient_funds,7,1263,2,11,9,0.818,0
PAY_06613,CUST_2186,4231.74,card,network_timeout,16,895,0,12,11,0.917,1
PAY_06614,CUST_1620,2755.6,upi,card_declined,6,1798,2,4,2,0.5,0
PAY_06615,CUST_0256,3464.03,card,checkout_abandoned,17,724,0,14,6,0.429,0
PAY_06616,CUST_1359,3966.14,netbanking,card_declined,2,2002,1,13,8,0.615,0
PAY_06617,CUST_1937,1918.44,upi,insufficient_funds,13,156,2,5,5,1.0,1
PAY_06618,CUST_1309,330.43,netbanking,checkout_abandoned,16,1934,1,3,2,0.667,1
PAY_06619,CUST_1685,4552.2,upi,card_declined,18,264,2,13,7,0.538,1
PAY_06620,CUST_1270,880.85,netbanking,insufficient_funds,15,1008,0,14,13,0.929,0
PAY_06621,CUST_0148,728.39,upi,checkout_abandoned,18,462,0,6,4,0.667,1
PAY_06622,CUST_1356,744.58,upi,insufficient_funds,20,1538,1,1,1,1.0,0
PAY_06623,CUST_1862,13137.21,upi,card_declined,13,1005,0,9,5,0.556,0
PAY_06624,CUST_1267,2560.56,upi,insufficient_funds,16,1625,2,12,6,0.5,0
PAY_06625,CUST_2463,782.31,card,card_declined,4,1217,1,7,5,0.714,1
PAY_06626,CUST_1116,1041.91,upi,checkout_abandoned,19,748,2,1,1,1.0,0
PAY_06627,CUST_1696,1798.96,card,network_timeout,5,1583,0,11,7,0.636,0
PAY_06628,CUST_0850,2777.94,upi,network_timeout,3,656,1,11,10,0.909,1
PAY_06629,CUST_0008,2250.65,card,card_declined,2,487,0,13,5,0.385,0
PAY_06630,CUST_0908,856.33,card,checkout_abandoned,1,1774,2,12,10,0.833,0
PAY_06631,CUST_1805,2319.85,card,checkout_abandoned,19,2149,0,7,4,0.571,1
PAY_06632,CUST_0243,1103.89,card,card_declined,8,1157,1,4,2,0.5,0
PAY_06633,CUST_0455,4159.18,card,checkout_abandoned,4,2071,1,2,1,0.5,0
PAY_06634,CUST_0986,1882.92,card,network_timeout,3,482,2,1,1,1.0,1
PAY_06635,CUST_2159,980.51,upi,checkout_abandoned,13,11,1,12,6,0.5,0
PAY_06636,CUST_1226,3123.49,card,insufficient_funds,18,1901,2,14,11,0.786,0
PAY_06637,CUST_0155,2445.83,wallet,card_declined,1,1796,0,9,2,0.222,0
PAY_06638,CUST_1909,1231.08,netbanking,checkout_abandoned,10,1069,2,14,11,0.786,0
PAY_06639,CUST_1395,3227.99,card,checkout_abandoned,10,1848,1,4,4,1.0,0
PAY_06640,CUST_1096,2977.49,card,insufficient_funds,22,1883,0,11,8,0.727,0
PAY_06641,CUST_0660,4707.91,card,card_declined,0,779,0,5,2,0.4,1
PAY_06642,CUST_1925,3176.87,card,checkout_abandoned,2,356,0,5,3,0.6,0
PAY_06643,CUST_2285,1516.84,upi,card_declined,5,1327,2,9,5,0.556,0
PAY_06644,CUST_1949,465.5,upi,insufficient_funds,22,1924,0,2,2,1.0,1
PAY_06645,CUST_0188,2089.87,upi,network_timeout,0,1250,1,6,4,0.667,0
PAY_06646,CUST_0817,2366.07,card,card_declined,17,874,1,6,4,0.667,1
PAY_06647,CUST_2110,1875.25,upi,card_declined,11,505,0,6,3,0.5,1
PAY_06648,CUST_1241,161.88,card,card_declined,19,632,1,10,5,0.5,0
PAY_06649,CUST_1538,3098.29,netbanking,checkout_abandoned,5,1656,0,4,2,0.5,0
PAY_06650,CUST_0815,867.75,wallet,insufficient_funds,11,797,2,2,0,0.0,0
PAY_06651,CUST_1157,3115.42,card,checkout_abandoned,11,1093,0,9,6,0.667,0
PAY_06652,CUST_0182,7016.99,netbanking,checkout_abandoned,8,1302,1,0,0,0.75,1
PAY_06653,CUST_0885,1470.42,netbanking,checkout_abandoned,8,652,0,14,4,0.286,0
PAY_06654,CUST_2137,2556.33,upi,network_timeout,17,649,1,13,4,0.308,1
PAY_06655,CUST_2149,1847.82,card,network_timeout,3,1557,1,5,3,0.6,1
PAY_06656,CUST_2052,2740.81,netbanking,insufficient_funds,23,1390,1,10,8,0.8,0
PAY_06657,CUST_1797,1955.3,card,network_timeout,21,1677,1,7,7,1.0,1
PAY_06658,CUST_0213,1190.3,card,checkout_abandoned,0,1089,0,10,5,0.5,0
PAY_06659,CUST_0548,872.7,upi,checkout_abandoned,21,23,1,3,3,1.0,1
PAY_06660,CUST_1637,6424.76,card,insufficient_funds,14,1416,0,14,8,0.571,0
PAY_06661,CUST_0452,2556.47,card,insufficient_funds,22,30,1,13,9,0.692,0
PAY_06662,CUST_2113,3498.03,wallet,checkout_abandoned,5,729,0,7,6,0.857,1
PAY_06663,CUST_1510,2476.97,card,card_declined,20,1598,1,13,7,0.538,0
PAY_06664,CUST_0100,3929.06,upi,checkout_abandoned,9,560,2,4,1,0.25,0
PAY_06665,CUST_1358,878.99,upi,insufficient_funds,11,1881,1,11,11,1.0,0
PAY_06666,CUST_0977,1923.86,card,checkout_abandoned,13,1455,0,13,6,0.462,0
PAY_06667,CUST_2234,2697.1,upi,checkout_abandoned,18,1952,0,10,8,0.8,1
PAY_06668,CUST_0611,5062.81,upi,network_timeout,5,1143,0,14,7,0.5,1
PAY_06669,CUST_2481,15275.46,upi,card_declined,0,993,1,3,3,1.0,1
PAY_06670,CUST_1188,2493.78,upi,checkout_abandoned,0,308,0,0,0,0.75,0
PAY_06671,CUST_0469,1060.68,wallet,insufficient_funds,21,1943,2,7,6,0.857,0
PAY_06672,CUST_0385,691.61,wallet,insufficient_funds,1,1410,1,4,3,0.75,0
PAY_06673,CUST_0551,872.79,card,network_timeout,1,1762,2,9,5,0.556,0
PAY_06674,CUST_0085,968.98,card,insufficient_funds,0,598,2,5,4,0.8,0
PAY_06675,CUST_0127,176.74,upi,checkout_abandoned,7,446,0,13,8,0.615,0
PAY_06676,CUST_0053,1048.4,wallet,card_declined,1,787,2,1,0,0.0,0
PAY_06677,CUST_2351,3193.7,netbanking,insufficient_funds,11,1027,0,14,12,0.857,0
PAY_06678,CUST_2372,1911.92,card,checkout_abandoned,3,1847,0,3,2,0.667,1
PAY_06679,CUST_2058,1463.58,netbanking,card_declined,6,577,1,4,3,0.75,0
PAY_06680,CUST_0168,491.75,card,network_timeout,10,437,1,0,0,0.75,1
PAY_06681,CUST_0260,4170.83,card,checkout_abandoned,11,259,1,10,8,0.8,1
PAY_06682,CUST_0546,2710.78,upi,checkout_abandoned,10,931,0,10,8,0.8,1
PAY_06683,CUST_1783,1781.47,card,network_timeout,1,225,0,13,13,1.0,1
PAY_06684,CUST_1566,309.06,upi,checkout_abandoned,0,186,2,1,1,1.0,1
PAY_06685,CUST_1090,1215.52,card,card_declined,18,772,1,7,4,0.571,0
PAY_06686,CUST_1597,2546.61,netbanking,insufficient_funds,0,973,1,13,6,0.462,0
PAY_06687,CUST_2338,1759.33,wallet,checkout_abandoned,9,891,0,0,0,0.75,0
PAY_06688,CUST_0240,2098.74,card,checkout_abandoned,6,1989,0,8,5,0.625,0
PAY_06689,CUST_0662,3114.73,upi,network_timeout,0,1982,0,3,2,0.667,1
PAY_06690,CUST_1364,2037.2,upi,network_timeout,1,1207,1,5,3,0.6,0
PAY_06691,CUST_0935,3026.86,card,network_timeout,2,2030,2,11,10,0.909,0
PAY_06692,CUST_1147,916.63,netbanking,card_declined,4,1875,1,12,8,0.667,0
PAY_06693,CUST_0083,676.77,upi,checkout_abandoned,18,104,1,0,0,0.75,0
PAY_06694,CUST_0560,2637.09,card,checkout_abandoned,0,1171,2,9,4,0.444,1
PAY_06695,CUST_0491,3107.17,netbanking,network_timeout,19,753,0,5,3,0.6,1
PAY_06696,CUST_2014,2726.36,card,insufficient_funds,2,127,0,11,4,0.364,1
PAY_06697,CUST_1862,1999.82,card,insufficient_funds,4,1413,2,12,9,0.75,0
PAY_06698,CUST_2415,1388.96,card,card_declined,15,1090,2,13,7,0.538,0
PAY_06699,CUST_2298,2130.97,netbanking,checkout_abandoned,22,1321,1,1,1,1.0,0
PAY_06700,CUST_0737,2438.12,wallet,network_timeout,3,503,0,12,10,0.833,1
PAY_06701,CUST_1564,2558.0,card,card_declined,15,1817,0,14,14,1.0,0
PAY_06702,CUST_0515,14490.57,card,network_timeout,10,935,0,11,6,0.545,1
PAY_06703,CUST_1885,861.69,card,checkout_abandoned,19,514,2,5,1,0.2,1
PAY_06704,CUST_0911,23773.73,upi,card_declined,19,513,2,10,6,0.6,0
PAY_06705,CUST_1299,658.58,card,network_timeout,17,597,2,1,1,1.0,1
PAY_06706,CUST_2208,2450.57,card,network_timeout,1,245,1,5,4,0.8,1
PAY_06707,CUST_1455,692.06,card,card_declined,7,1873,1,12,4,0.333,1
PAY_06708,CUST_1915,2299.71,upi,network_timeout,6,458,2,9,8,0.889,0
PAY_06709,CUST_0357,3949.09,upi,network_timeout,17,1600,1,3,2,0.667,0
PAY_06710,CUST_1879,1847.54,upi,card_declined,15,867,1,8,7,0.875,0
PAY_06711,CUST_1127,3920.62,card,card_declined,12,261,0,0,0,0.75,1
PAY_06712,CUST_2258,1282.54,upi,checkout_abandoned,4,1777,1,14,10,0.714,1
PAY_06713,CUST_0738,349.2,upi,insufficient_funds,3,1747,0,8,5,0.625,0
PAY_06714,CUST_0581,2971.76,upi,network_timeout,12,1662,0,7,1,0.143,1
PAY_06715,CUST_1574,1844.66,card,network_timeout,23,792,1,5,4,0.8,1
PAY_06716,CUST_2159,1226.42,card,checkout_abandoned,16,80,2,3,3,1.0,0
PAY_06717,CUST_0284,1296.07,upi,checkout_abandoned,4,1693,0,4,3,0.75,1
PAY_06718,CUST_2294,2491.92,card,checkout_abandoned,22,1678,1,6,6,1.0,0
PAY_06719,CUST_1434,938.16,upi,network_timeout,6,1879,1,6,1,0.167,1
PAY_06720,CUST_1741,2430.22,card,insufficient_funds,23,67,1,6,6,1.0,1
PAY_06721,CUST_2132,4658.51,card,insufficient_funds,19,1831,0,7,6,0.857,0
PAY_06722,CUST_1018,9354.36,upi,insufficient_funds,3,164,2,7,7,1.0,0
PAY_06723,CUST_2210,5536.75,card,insufficient_funds,1,60,2,4,1,0.25,0
PAY_06724,CUST_2270,2048.65,card,card_declined,21,1645,0,8,4,0.5,0
PAY_06725,CUST_1837,2212.05,netbanking,insufficient_funds,0,1601,1,3,3,1.0,0
PAY_06726,CUST_0090,1306.81,card,insufficient_funds,1,849,2,14,13,0.929,0
PAY_06727,CUST_1448,1240.2,wallet,card_declined,11,1577,0,10,3,0.3,0
PAY_06728,CUST_0710,3616.16,card,insufficient_funds,10,695,1,4,4,1.0,0
PAY_06729,CUST_0229,1407.45,netbanking,checkout_abandoned,10,257,2,10,5,0.5,0
PAY_06730,CUST_0240,2412.51,netbanking,network_timeout,11,811,2,14,5,0.357,0
PAY_06731,CUST_2247,833.42,card,checkout_abandoned,5,1937,1,11,2,0.182,0
PAY_06732,CUST_0960,5387.26,upi,network_timeout,2,1132,2,11,7,0.636,0
PAY_06733,CUST_0251,1390.72,upi,checkout_abandoned,9,1581,2,3,3,1.0,1
PAY_06734,CUST_1853,4298.09,upi,checkout_abandoned,7,1310,1,2,2,1.0,0
PAY_06735,CUST_1584,1025.04,card,card_declined,9,1420,2,8,8,1.0,0
PAY_06736,CUST_1005,982.57,wallet,checkout_abandoned,18,1448,2,4,2,0.5,0
PAY_06737,CUST_1319,5208.08,upi,card_declined,0,233,1,1,0,0.0,0
PAY_06738,CUST_1397,1090.88,wallet,network_timeout,5,208,2,13,6,0.462,0
PAY_06739,CUST_2324,513.49,netbanking,checkout_abandoned,21,263,0,5,2,0.4,0
PAY_06740,CUST_1034,783.36,netbanking,insufficient_funds,14,356,0,12,11,0.917,1
PAY_06741,CUST_0081,3572.1,upi,network_timeout,12,1489,2,10,8,0.8,0
PAY_06742,CUST_0083,3307.8,upi,insufficient_funds,23,938,2,2,1,0.5,0
PAY_06743,CUST_1747,978.03,netbanking,card_declined,9,789,2,2,1,0.5,0
PAY_06744,CUST_0160,1085.9,upi,card_declined,1,1866,1,8,4,0.5,0
PAY_06745,CUST_2361,3083.91,card,card_declined,22,1032,1,9,5,0.556,0
PAY_06746,CUST_0113,5157.87,upi,card_declined,0,1647,2,4,1,0.25,0
PAY_06747,CUST_1626,1703.61,card,network_timeout,18,1343,2,2,1,0.5,0
PAY_06748,CUST_2025,2804.37,wallet,network_timeout,6,404,2,9,6,0.667,1
PAY_06749,CUST_0355,3620.21,upi,network_timeout,18,799,2,3,1,0.333,0
PAY_06750,CUST_0209,10076.33,upi,checkout_abandoned,2,621,0,2,2,1.0,1
PAY_06751,CUST_2485,714.06,card,card_declined,7,1549,2,5,4,0.8,0
PAY_06752,CUST_0831,1054.23,upi,insufficient_funds,2,818,0,5,3,0.6,0
PAY_06753,CUST_0637,1200.34,card,checkout_abandoned,14,1221,2,6,4,0.667,0
PAY_06754,CUST_1392,3489.67,upi,checkout_abandoned,9,1857,0,5,3,0.6,0
PAY_06755,CUST_0634,1471.46,upi,insufficient_funds,5,796,0,8,5,0.625,0
PAY_06756,CUST_1339,2310.78,upi,card_declined,15,2113,2,8,6,0.75,1
PAY_06757,CUST_0778,1984.29,card,checkout_abandoned,0,438,1,0,0,0.75,1
PAY_06758,CUST_1539,1802.5,upi,checkout_abandoned,17,165,2,3,3,1.0,0
PAY_06759,CUST_0224,1961.49,upi,insufficient_funds,2,417,0,7,5,0.714,1
PAY_06760,CUST_1315,4102.95,netbanking,card_declined,2,1052,2,10,10,1.0,0
PAY_06761,CUST_1408,828.05,netbanking,card_declined,6,65,1,0,0,0.75,1
PAY_06762,CUST_1234,1598.43,netbanking,network_timeout,13,783,2,12,3,0.25,0
PAY_06763,CUST_0687,680.83,card,checkout_abandoned,20,686,2,1,0,0.0,1
PAY_06764,CUST_1676,2157.68,card,checkout_abandoned,17,695,1,9,2,0.222,1
PAY_06765,CUST_0847,1539.36,wallet,insufficient_funds,8,427,1,3,3,1.0,1
PAY_06766,CUST_0730,4234.14,wallet,network_timeout,14,1078,1,13,7,0.538,0
PAY_06767,CUST_0467,1793.07,card,checkout_abandoned,19,598,1,10,4,0.4,0
PAY_06768,CUST_1141,1262.02,upi,network_timeout,11,1552,2,11,3,0.273,0
PAY_06769,CUST_1170,1477.6,card,checkout_abandoned,17,1255,0,12,7,0.583,0
PAY_06770,CUST_1080,7145.81,card,insufficient_funds,10,1275,0,0,0,0.75,0
PAY_06771,CUST_0813,512.59,wallet,insufficient_funds,10,1660,1,12,9,0.75,0
PAY_06772,CUST_0887,1089.56,wallet,network_timeout,18,917,1,1,1,1.0,1
PAY_06773,CUST_1663,1852.61,wallet,network_timeout,18,361,2,8,6,0.75,1
PAY_06774,CUST_2493,1081.82,card,checkout_abandoned,5,1560,0,9,3,0.333,1
PAY_06775,CUST_1697,2665.34,upi,network_timeout,2,2038,0,13,8,0.615,1
PAY_06776,CUST_2258,1720.47,netbanking,insufficient_funds,4,889,0,10,2,0.2,1
PAY_06777,CUST_1318,2209.08,upi,insufficient_funds,21,1546,2,10,9,0.9,0
PAY_06778,CUST_1689,1977.93,card,network_timeout,1,1407,1,14,12,0.857,0
PAY_06779,CUST_0908,1657.57,upi,insufficient_funds,19,101,2,0,0,0.75,0
PAY_06780,CUST_1850,640.91,card,checkout_abandoned,9,363,0,0,0,0.75,1
PAY_06781,CUST_1355,2072.3,upi,insufficient_funds,20,1477,0,2,1,0.5,0
PAY_06782,CUST_2182,439.14,netbanking,insufficient_funds,15,734,1,3,2,0.667,1
PAY_06783,CUST_1049,1051.5,card,network_timeout,17,568,0,7,3,0.429,1
PAY_06784,CUST_0897,2662.19,card,card_declined,12,1228,0,12,10,0.833,0
PAY_06785,CUST_1073,4662.43,upi,checkout_abandoned,10,1201,2,5,5,1.0,0
PAY_06786,CUST_1325,11790.8,upi,network_timeout,2,1982,1,13,7,0.538,0
PAY_06787,CUST_0233,1277.86,card,network_timeout,7,2116,0,9,7,0.778,0
PAY_06788,CUST_0885,900.94,card,checkout_abandoned,23,42,0,6,1,0.167,0
PAY_06789,CUST_1249,2733.58,upi,checkout_abandoned,10,987,1,11,9,0.818,0
PAY_06790,CUST_2230,8034.64,card,checkout_abandoned,8,1570,2,7,4,0.571,0
PAY_06791,CUST_1480,6134.83,upi,insufficient_funds,23,737,1,0,0,0.75,1
PAY_06792,CUST_1520,786.41,upi,insufficient_funds,0,1045,1,12,10,0.833,0
PAY_06793,CUST_0817,1608.62,card,checkout_abandoned,15,1497,1,1,1,1.0,0
PAY_06794,CUST_1404,3554.02,upi,network_timeout,14,1608,2,6,6,1.0,1
PAY_06795,CUST_2239,3756.76,upi,network_timeout,16,2041,0,2,1,0.5,0
PAY_06796,CUST_1129,2890.06,upi,network_timeout,0,248,1,11,5,0.455,0
PAY_06797,CUST_1896,1257.08,upi,checkout_abandoned,19,967,1,9,4,0.444,0
PAY_06798,CUST_1432,2869.56,card,card_declined,21,1278,0,14,13,0.929,0
PAY_06799,CUST_2025,3785.84,card,network_timeout,15,1928,1,12,5,0.417,0
PAY_06800,CUST_0726,854.0,upi,card_declined,14,911,2,3,1,0.333,0
PAY_06801,CUST_1078,5217.28,upi,insufficient_funds,12,113,1,3,2,0.667,0
PAY_06802,CUST_1287,3980.29,card,checkout_abandoned,7,673,0,4,3,0.75,0
PAY_06803,CUST_0539,994.23,card,network_timeout,21,2013,1,2,0,0.0,0
PAY_06804,CUST_0516,3772.41,upi,insufficient_funds,8,71,1,14,9,0.643,0
PAY_06805,CUST_1485,3449.67,card,checkout_abandoned,18,2047,0,1,1,1.0,1
PAY_06806,CUST_0604,3556.26,wallet,checkout_abandoned,2,1135,1,6,2,0.333,0
PAY_06807,CUST_0601,6350.7,upi,network_timeout,3,446,1,4,2,0.5,0
PAY_06808,CUST_0452,1785.0,card,checkout_abandoned,10,739,2,0,0,0.75,1
PAY_06809,CUST_1864,2346.69,upi,insufficient_funds,0,765,2,12,6,0.5,0
PAY_06810,CUST_0490,218.01,card,checkout_abandoned,12,1991,2,7,3,0.429,0
PAY_06811,CUST_1291,4394.9,wallet,card_declined,13,1750,1,13,8,0.615,1
PAY_06812,CUST_1194,4069.24,wallet,insufficient_funds,3,1622,0,9,7,0.778,1
PAY_06813,CUST_0321,5326.07,netbanking,insufficient_funds,14,31,1,7,6,0.857,0
PAY_06814,CUST_0147,850.82,upi,card_declined,16,188,1,3,0,0.0,0
PAY_06815,CUST_1847,3886.17,wallet,network_timeout,4,1899,0,8,1,0.125,0
PAY_06816,CUST_0830,4066.51,upi,card_declined,7,670,1,10,8,0.8,0
PAY_06817,CUST_2253,1069.35,netbanking,network_timeout,19,420,2,0,0,0.75,1
PAY_06818,CUST_1198,4189.4,card,card_declined,1,561,2,3,2,0.667,0
PAY_06819,CUST_0865,2607.05,wallet,card_declined,15,1423,1,5,1,0.2,0
PAY_06820,CUST_0374,462.72,upi,checkout_abandoned,5,1477,2,1,1,1.0,1
PAY_06821,CUST_0310,2873.04,card,checkout_abandoned,16,597,0,1,0,0.0,1
PAY_06822,CUST_0889,974.36,wallet,checkout_abandoned,0,1242,1,3,1,0.333,0
PAY_06823,CUST_0576,470.97,upi,network_timeout,19,1778,0,5,3,0.6,1
PAY_06824,CUST_1365,2413.38,wallet,card_declined,21,776,0,8,2,0.25,0
PAY_06825,CUST_0028,1708.34,card,network_timeout,14,286,2,12,3,0.25,1
PAY_06826,CUST_2265,5533.59,upi,network_timeout,11,479,2,12,12,1.0,1
PAY_06827,CUST_1134,2081.65,upi,card_declined,16,2119,1,5,3,0.6,0
PAY_06828,CUST_0807,3355.5,card,checkout_abandoned,23,952,1,7,3,0.429,0
PAY_06829,CUST_0102,2704.28,netbanking,network_timeout,15,1554,1,0,0,0.75,1
PAY_06830,CUST_0013,4073.7,upi,checkout_abandoned,14,542,2,12,1,0.083,0
PAY_06831,CUST_0477,885.73,card,network_timeout,12,1861,0,3,1,0.333,0
PAY_06832,CUST_1686,2109.85,upi,network_timeout,1,410,1,0,0,0.75,1
PAY_06833,CUST_0100,1608.33,card,insufficient_funds,2,248,0,9,7,0.778,1
PAY_06834,CUST_2398,3036.58,netbanking,checkout_abandoned,4,1762,2,5,2,0.4,0
PAY_06835,CUST_0255,2208.77,netbanking,insufficient_funds,1,1325,0,6,6,1.0,0
PAY_06836,CUST_2472,1101.37,upi,card_declined,12,2091,0,6,4,0.667,0
PAY_06837,CUST_0850,1373.61,upi,card_declined,9,1149,2,9,8,0.889,0
PAY_06838,CUST_1158,6730.09,card,network_timeout,0,1631,2,12,8,0.667,0
PAY_06839,CUST_1833,464.08,card,checkout_abandoned,12,1130,2,8,4,0.5,1
PAY_06840,CUST_0440,3174.91,netbanking,checkout_abandoned,14,135,1,9,8,0.889,1
PAY_06841,CUST_0383,4859.54,card,checkout_abandoned,4,820,0,12,12,1.0,1
PAY_06842,CUST_1685,2860.1,card,checkout_abandoned,20,2027,2,11,4,0.364,0
PAY_06843,CUST_1268,8711.06,card,checkout_abandoned,7,2050,2,2,1,0.5,0
PAY_06844,CUST_2019,3813.7,upi,insufficient_funds,7,980,2,5,4,0.8,0
PAY_06845,CUST_1170,2447.55,netbanking,network_timeout,22,1863,1,7,5,0.714,0
PAY_06846,CUST_1391,1239.12,card,card_declined,20,574,1,14,5,0.357,0
PAY_06847,CUST_0811,2484.13,card,card_declined,9,663,2,9,9,1.0,0
PAY_06848,CUST_0879,3105.37,card,insufficient_funds,22,1667,2,12,10,0.833,1
PAY_06849,CUST_2454,1805.05,card,card_declined,14,146,1,11,10,0.909,1
PAY_06850,CUST_0835,993.55,card,checkout_abandoned,6,9,0,13,12,0.923,1
PAY_06851,CUST_2221,686.88,netbanking,checkout_abandoned,10,528,1,7,7,1.0,1
PAY_06852,CUST_1104,2087.8,upi,insufficient_funds,11,66,0,3,1,0.333,0
PAY_06853,CUST_1552,550.75,card,checkout_abandoned,0,1196,1,6,4,0.667,1
PAY_06854,CUST_0511,1234.36,upi,insufficient_funds,7,1638,1,0,0,0.75,0
PAY_06855,CUST_0821,257.28,netbanking,card_declined,15,1383,0,10,9,0.9,0
PAY_06856,CUST_1063,3505.04,card,insufficient_funds,6,347,1,9,6,0.667,1
PAY_06857,CUST_1897,4531.37,card,card_declined,14,1827,0,2,1,0.5,0
PAY_06858,CUST_2059,1917.35,netbanking,insufficient_funds,0,1020,0,7,1,0.143,0
PAY_06859,CUST_1372,7790.88,card,card_declined,5,659,1,10,8,0.8,1
PAY_06860,CUST_1389,5289.35,netbanking,card_declined,5,1134,2,11,11,1.0,0
PAY_06861,CUST_0104,2642.21,netbanking,card_declined,15,346,2,11,2,0.182,0
PAY_06862,CUST_0638,1644.14,netbanking,checkout_abandoned,19,2146,2,1,1,1.0,1
PAY_06863,CUST_2224,1361.07,card,card_declined,9,998,0,5,4,0.8,0
PAY_06864,CUST_1750,2822.94,card,insufficient_funds,21,712,0,8,2,0.25,0
PAY_06865,CUST_2131,1607.7,netbanking,network_timeout,23,1493,2,1,0,0.0,0
PAY_06866,CUST_0875,2790.92,upi,insufficient_funds,7,657,0,2,1,0.5,0
PAY_06867,CUST_1678,2961.66,card,network_timeout,9,1649,1,14,14,1.0,1
PAY_06868,CUST_0468,1497.99,upi,card_declined,0,1023,1,7,7,1.0,0
PAY_06869,CUST_1794,4325.01,card,network_timeout,8,1891,0,8,6,0.75,0
PAY_06870,CUST_0126,1499.22,upi,network_timeout,18,1045,1,2,1,0.5,1
PAY_06871,CUST_2481,1830.99,wallet,checkout_abandoned,19,1400,2,9,7,0.778,0
PAY_06872,CUST_2167,823.47,upi,network_timeout,16,1184,2,13,7,0.538,1
PAY_06873,CUST_1635,1449.61,upi,insufficient_funds,11,2101,1,14,9,0.643,0
PAY_06874,CUST_1406,10118.3,wallet,insufficient_funds,6,1897,1,2,2,1.0,0
PAY_06875,CUST_1972,875.88,upi,card_declined,12,978,0,3,3,1.0,1
PAY_06876,CUST_0075,2554.76,card,network_timeout,19,1531,0,8,8,1.0,1
PAY_06877,CUST_0484,1251.31,upi,card_declined,21,467,2,13,10,0.769,0
PAY_06878,CUST_1237,306.26,card,insufficient_funds,18,1861,2,0,0,0.75,0
PAY_06879,CUST_0278,2815.0,card,checkout_abandoned,10,1331,2,3,2,0.667,0
PAY_06880,CUST_0713,1153.6,upi,card_declined,2,835,0,2,2,1.0,1
PAY_06881,CUST_1390,2323.37,card,card_declined,17,1921,1,11,4,0.364,0
PAY_06882,CUST_0653,3973.16,card,checkout_abandoned,11,1665,1,7,5,0.714,1
PAY_06883,CUST_0984,2171.6,upi,insufficient_funds,1,364,2,10,7,0.7,0
PAY_06884,CUST_2310,2340.64,card,checkout_abandoned,4,2076,1,0,0,0.75,1
PAY_06885,CUST_1757,898.92,upi,checkout_abandoned,23,614,0,1,1,1.0,0
PAY_06886,CUST_2392,3168.46,card,checkout_abandoned,4,171,2,8,6,0.75,0
PAY_06887,CUST_0586,1546.57,upi,insufficient_funds,10,756,0,6,3,0.5,1
PAY_06888,CUST_1848,363.87,netbanking,insufficient_funds,8,940,2,2,2,1.0,0
PAY_06889,CUST_2293,3488.89,card,network_timeout,11,164,1,3,1,0.333,1
PAY_06890,CUST_0621,4455.65,netbanking,network_timeout,3,1288,0,10,6,0.6,1
PAY_06891,CUST_0273,5886.64,card,network_timeout,9,938,1,0,0,0.75,0
PAY_06892,CUST_0248,10221.01,card,insufficient_funds,19,1265,1,13,11,0.846,1
PAY_06893,CUST_2426,3342.15,card,card_declined,2,1074,1,2,0,0.0,1
PAY_06894,CUST_0137,2715.47,card,card_declined,10,1108,0,11,8,0.727,0
PAY_06895,CUST_1093,4310.37,card,card_declined,19,333,2,9,9,1.0,0
PAY_06896,CUST_0121,885.32,netbanking,card_declined,20,1776,0,0,0,0.75,0
PAY_06897,CUST_0719,472.47,netbanking,checkout_abandoned,21,1352,0,11,10,0.909,0
PAY_06898,CUST_2432,1228.97,wallet,card_declined,13,455,1,7,4,0.571,0
PAY_06899,CUST_0407,5000.72,wallet,network_timeout,0,240,0,4,1,0.25,1
PAY_06900,CUST_0437,1060.68,card,checkout_abandoned,14,2085,1,1,0,0.0,0
PAY_06901,CUST_0071,2612.42,card,insufficient_funds,22,1130,1,1,1,1.0,1
PAY_06902,CUST_1828,2847.45,card,network_timeout,13,1746,2,6,5,0.833,0
PAY_06903,CUST_0521,2188.46,upi,checkout_abandoned,16,1038,2,4,4,1.0,0
PAY_06904,CUST_0785,647.71,netbanking,insufficient_funds,4,633,0,12,10,0.833,1
PAY_06905,CUST_1880,2367.78,card,network_timeout,17,634,0,8,4,0.5,1
PAY_06906,CUST_1912,1284.72,card,checkout_abandoned,3,71,1,0,0,0.75,1
PAY_06907,CUST_1220,7029.22,card,checkout_abandoned,8,1183,0,13,8,0.615,0
PAY_06908,CUST_2042,4469.56,netbanking,checkout_abandoned,7,1557,2,3,3,1.0,0
PAY_06909,CUST_1457,1321.48,upi,checkout_abandoned,0,238,2,9,8,0.889,1
PAY_06910,CUST_0658,7391.83,upi,insufficient_funds,16,58,1,12,6,0.5,0
PAY_06911,CUST_0556,2369.68,upi,checkout_abandoned,2,360,2,10,10,1.0,0
PAY_06912,CUST_0846,472.59,card,network_timeout,20,1051,1,6,5,0.833,0
PAY_06913,CUST_0043,1690.7,card,checkout_abandoned,20,1119,1,0,0,0.75,1
PAY_06914,CUST_1239,6659.26,netbanking,checkout_abandoned,3,1257,2,3,1,0.333,0
PAY_06915,CUST_0289,934.18,netbanking,checkout_abandoned,11,1815,1,8,4,0.5,0
PAY_06916,CUST_0130,1704.37,card,checkout_abandoned,1,2114,2,14,7,0.5,0
PAY_06917,CUST_0478,606.48,card,insufficient_funds,4,1939,0,0,0,0.75,0
PAY_06918,CUST_0061,688.58,card,checkout_abandoned,20,678,1,2,1,0.5,0
PAY_06919,CUST_0370,923.48,card,insufficient_funds,8,974,2,5,4,0.8,0
PAY_06920,CUST_2039,674.27,card,network_timeout,8,1551,2,11,11,1.0,1
PAY_06921,CUST_2283,1097.65,card,checkout_abandoned,21,574,0,14,11,0.786,1
PAY_06922,CUST_1140,7231.26,upi,checkout_abandoned,6,2061,0,2,2,1.0,0
PAY_06923,CUST_1307,1748.8,netbanking,insufficient_funds,4,272,1,8,8,1.0,1
PAY_06924,CUST_1246,3374.35,upi,network_timeout,0,1000,0,14,14,1.0,1
PAY_06925,CUST_1525,4310.45,upi,insufficient_funds,19,1625,2,14,11,0.786,0
PAY_06926,CUST_1519,741.59,wallet,card_declined,4,261,1,11,9,0.818,0
PAY_06927,CUST_0765,925.5,wallet,insufficient_funds,10,2138,2,11,7,0.636,0
PAY_06928,CUST_0823,3321.58,card,checkout_abandoned,1,266,0,4,4,1.0,0
PAY_06929,CUST_1744,1083.68,card,insufficient_funds,12,546,0,4,3,0.75,1
PAY_06930,CUST_1906,3150.17,card,checkout_abandoned,16,841,0,14,8,0.571,0
PAY_06931,CUST_0547,6887.06,netbanking,card_declined,7,1388,0,9,6,0.667,1
PAY_06932,CUST_0057,561.85,card,checkout_abandoned,1,701,0,1,0,0.0,1
PAY_06933,CUST_0022,1352.88,card,network_timeout,5,1231,2,1,1,1.0,1
PAY_06934,CUST_0319,1535.98,upi,checkout_abandoned,18,684,2,12,11,0.917,0
PAY_06935,CUST_0952,1181.39,upi,network_timeout,21,751,1,1,1,1.0,0
PAY_06936,CUST_2320,1106.73,upi,checkout_abandoned,16,1047,1,10,4,0.4,1
PAY_06937,CUST_1479,1214.21,netbanking,checkout_abandoned,22,640,0,4,1,0.25,0
PAY_06938,CUST_2191,1778.17,upi,network_timeout,0,1161,2,2,2,1.0,1
PAY_06939,CUST_2245,2053.81,netbanking,card_declined,18,901,2,1,0,0.0,1
PAY_06940,CUST_0192,3859.41,card,insufficient_funds,23,574,0,8,5,0.625,0
PAY_06941,CUST_0371,1764.19,netbanking,checkout_abandoned,21,871,2,12,7,0.583,0
PAY_06942,CUST_1386,4403.18,upi,network_timeout,23,951,1,0,0,0.75,1
PAY_06943,CUST_2283,1121.14,card,network_timeout,12,1051,1,10,4,0.4,0
PAY_06944,CUST_1833,688.46,wallet,network_timeout,22,1407,0,8,6,0.75,1
PAY_06945,CUST_1091,1410.56,wallet,insufficient_funds,10,628,1,11,10,0.909,0
PAY_06946,CUST_0643,2605.91,netbanking,checkout_abandoned,5,1203,0,8,4,0.5,0
PAY_06947,CUST_0688,3582.86,wallet,checkout_abandoned,20,939,0,1,1,1.0,0
PAY_06948,CUST_0040,5789.08,card,checkout_abandoned,16,1631,2,6,5,0.833,0
PAY_06949,CUST_1551,2270.38,card,checkout_abandoned,16,1340,1,14,7,0.5,0
PAY_06950,CUST_1650,3287.76,card,checkout_abandoned,10,592,0,12,11,0.917,1
PAY_06951,CUST_1287,5380.66,netbanking,network_timeout,23,467,0,5,5,1.0,1
PAY_06952,CUST_1937,965.02,netbanking,checkout_abandoned,8,814,2,13,11,0.846,1
PAY_06953,CUST_1819,1521.47,wallet,card_declined,14,759,2,0,0,0.75,0
PAY_06954,CUST_1831,16519.1,netbanking,network_timeout,10,1195,2,8,8,1.0,1
PAY_06955,CUST_0145,3571.19,upi,checkout_abandoned,8,538,0,11,5,0.455,1
PAY_06956,CUST_0424,2708.37,card,network_timeout,16,1961,2,10,6,0.6,1
PAY_06957,CUST_2184,3679.36,card,insufficient_funds,3,1801,0,2,1,0.5,1
PAY_06958,CUST_1418,618.32,upi,network_timeout,2,1322,1,2,2,1.0,0
PAY_06959,CUST_0333,1072.86,netbanking,insufficient_funds,15,1434,1,11,2,0.182,0
PAY_06960,CUST_0570,800.87,card,checkout_abandoned,10,622,2,14,9,0.643,1
PAY_06961,CUST_2354,2516.01,wallet,insufficient_funds,3,1209,2,11,11,1.0,0
PAY_06962,CUST_1537,1339.93,upi,card_declined,22,80,0,12,12,1.0,0
PAY_06963,CUST_1135,1942.74,card,network_timeout,22,298,0,13,12,0.923,1
PAY_06964,CUST_1206,1403.51,netbanking,insufficient_funds,14,1112,2,14,5,0.357,0
PAY_06965,CUST_1472,490.01,upi,card_declined,8,213,0,11,7,0.636,1
PAY_06966,CUST_1426,3653.8,upi,network_timeout,22,2053,0,11,3,0.273,0
PAY_06967,CUST_1459,439.56,card,network_timeout,4,1598,0,11,8,0.727,1
PAY_06968,CUST_0787,1005.69,card,card_declined,0,1441,1,4,1,0.25,0
PAY_06969,CUST_0163,628.39,card,network_timeout,14,1938,2,8,6,0.75,0
PAY_06970,CUST_1318,890.47,upi,network_timeout,13,917,2,3,2,0.667,1
PAY_06971,CUST_1438,2115.46,netbanking,checkout_abandoned,6,1859,1,7,5,0.714,0
PAY_06972,CUST_1289,4834.63,wallet,insufficient_funds,16,166,0,7,5,0.714,0
PAY_06973,CUST_2439,516.33,netbanking,card_declined,5,1729,2,1,1,1.0,0
PAY_06974,CUST_0430,1152.6,card,checkout_abandoned,8,252,2,1,1,1.0,0
PAY_06975,CUST_1864,444.21,wallet,network_timeout,3,267,1,14,13,0.929,1
PAY_06976,CUST_0048,1109.0,card,card_declined,2,1606,1,8,7,0.875,0
PAY_06977,CUST_0812,1906.56,card,checkout_abandoned,2,1520,1,0,0,0.75,0
PAY_06978,CUST_1648,3324.93,upi,card_declined,2,682,2,5,1,0.2,0
PAY_06979,CUST_1234,330.53,wallet,checkout_abandoned,4,328,1,13,8,0.615,1
PAY_06980,CUST_0610,2796.11,wallet,checkout_abandoned,12,633,0,10,5,0.5,1
PAY_06981,CUST_1200,826.69,netbanking,checkout_abandoned,9,1007,2,12,6,0.5,0
PAY_06982,CUST_1328,680.34,card,checkout_abandoned,4,499,1,9,4,0.444,0
PAY_06983,CUST_0271,1899.85,card,insufficient_funds,2,2020,1,10,7,0.7,0
PAY_06984,CUST_0045,2972.8,card,checkout_abandoned,1,1938,0,3,0,0.0,0
PAY_06985,CUST_0575,1661.01,upi,insufficient_funds,15,872,2,12,9,0.75,0
PAY_06986,CUST_0669,750.72,upi,network_timeout,19,660,0,11,6,0.545,1
PAY_06987,CUST_1324,1660.31,card,network_timeout,5,428,0,3,2,0.667,1
PAY_06988,CUST_0102,1007.67,upi,card_declined,19,382,2,4,3,0.75,0
PAY_06989,CUST_0963,2918.33,upi,card_declined,17,190,0,11,8,0.727,0
PAY_06990,CUST_0737,4254.91,upi,card_declined,17,793,2,3,2,0.667,0
PAY_06991,CUST_1533,4042.88,card,card_declined,6,1930,0,10,10,1.0,0
PAY_06992,CUST_1825,1771.79,card,insufficient_funds,13,1534,2,6,2,0.333,0
PAY_06993,CUST_1840,4419.01,upi,checkout_abandoned,13,114,2,4,4,1.0,1
PAY_06994,CUST_1568,795.33,upi,network_timeout,12,895,2,2,2,1.0,1
PAY_06995,CUST_1256,7493.83,card,checkout_abandoned,17,712,2,10,6,0.6,1
PAY_06996,CUST_0412,791.77,card,checkout_abandoned,13,1652,2,4,3,0.75,0
PAY_06997,CUST_1534,354.76,wallet,checkout_abandoned,13,1134,1,8,1,0.125,0
PAY_06998,CUST_0304,5366.28,netbanking,insufficient_funds,18,1473,1,3,2,0.667,0
PAY_06999,CUST_1060,1019.87,card,checkout_abandoned,6,144,0,2,2,1.0,1
PAY_07000,CUST_0296,1976.2,upi,checkout_abandoned,15,768,1,0,0,0.75,1
PAY_07001,CUST_0680,789.1,upi,checkout_abandoned,16,775,1,14,9,0.643,0
PAY_07002,CUST_2124,11925.39,card,checkout_abandoned,3,1890,2,4,3,0.75,0
PAY_07003,CUST_0024,7731.02,card,network_timeout,17,1643,2,8,8,1.0,1
PAY_07004,CUST_0712,6202.98,wallet,network_timeout,8,160,1,7,7,1.0,0
PAY_07005,CUST_0218,1931.84,upi,checkout_abandoned,16,359,0,5,0,0.0,0
PAY_07006,CUST_2489,3944.59,card,network_timeout,16,1588,0,12,10,0.833,1
PAY_07007,CUST_2183,1725.2,netbanking,checkout_abandoned,6,779,1,13,12,0.923,1
PAY_07008,CUST_1387,4417.38,upi,card_declined,13,1097,1,2,2,1.0,0
PAY_07009,CUST_0429,1296.02,upi,card_declined,12,825,2,0,0,0.75,0
PAY_07010,CUST_2498,6395.22,card,network_timeout,22,693,0,4,4,1.0,1
PAY_07011,CUST_0203,1244.94,card,card_declined,4,272,1,1,0,0.0,0
PAY_07012,CUST_0602,1363.36,card,checkout_abandoned,6,883,2,0,0,0.75,0
PAY_07013,CUST_1395,1239.32,wallet,card_declined,9,1719,1,12,11,0.917,0
PAY_07014,CUST_2373,2099.6,upi,checkout_abandoned,17,1270,0,1,1,1.0,1
PAY_07015,CUST_0374,1319.47,netbanking,card_declined,5,374,0,1,1,1.0,0
PAY_07016,CUST_2307,2658.05,card,checkout_abandoned,17,591,1,5,1,0.2,1
PAY_07017,CUST_0543,1225.07,netbanking,insufficient_funds,3,1539,1,8,8,1.0,0
PAY_07018,CUST_0427,3388.6,upi,card_declined,18,1311,2,7,4,0.571,0
PAY_07019,CUST_2424,6064.67,upi,card_declined,18,2148,2,11,10,0.909,1
PAY_07020,CUST_2466,1915.2,card,network_timeout,15,1145,2,11,7,0.636,1
PAY_07021,CUST_0327,10616.92,upi,checkout_abandoned,23,2054,0,0,0,0.75,0
PAY_07022,CUST_0876,4436.25,card,checkout_abandoned,21,1660,1,11,8,0.727,0
PAY_07023,CUST_0987,9958.0,card,insufficient_funds,16,1889,0,0,0,0.75,1
PAY_07024,CUST_0369,1714.0,netbanking,network_timeout,18,388,2,13,4,0.308,0
PAY_07025,CUST_2314,476.46,card,card_declined,15,849,0,4,3,0.75,0
PAY_07026,CUST_0912,1023.14,card,network_timeout,19,770,1,13,13,1.0,1
PAY_07027,CUST_2015,1110.13,wallet,network_timeout,19,218,0,14,14,1.0,0
PAY_07028,CUST_0205,839.76,card,insufficient_funds,10,1103,0,1,0,0.0,0
PAY_07029,CUST_0971,310.7,upi,network_timeout,3,122,1,5,5,1.0,1
PAY_07030,CUST_1494,4085.74,netbanking,checkout_abandoned,1,1571,1,1,1,1.0,0
PAY_07031,CUST_0476,406.48,upi,card_declined,6,579,2,14,8,0.571,0
PAY_07032,CUST_1500,3784.41,card,card_declined,13,726,1,7,5,0.714,1
PAY_07033,CUST_1074,10342.14,upi,card_declined,6,530,0,12,1,0.083,1
PAY_07034,CUST_0831,965.72,upi,card_declined,11,660,0,8,8,1.0,1
PAY_07035,CUST_0992,2454.3,card,card_declined,4,991,0,12,3,0.25,0
PAY_07036,CUST_0786,1308.5,netbanking,network_timeout,22,1929,1,8,6,0.75,1
PAY_07037,CUST_0700,3488.41,wallet,card_declined,10,283,0,0,0,0.75,0
PAY_07038,CUST_0090,692.3,card,checkout_abandoned,16,236,0,7,5,0.714,1
PAY_07039,CUST_1366,1619.88,card,checkout_abandoned,13,687,0,9,4,0.444,0
PAY_07040,CUST_1665,4413.78,upi,checkout_abandoned,18,1571,2,14,13,0.929,1
PAY_07041,CUST_2336,1730.98,upi,checkout_abandoned,13,1629,2,12,7,0.583,0
PAY_07042,CUST_0627,489.14,netbanking,card_declined,16,1737,1,7,4,0.571,0
PAY_07043,CUST_1092,4860.34,card,card_declined,20,1464,1,12,9,0.75,1
PAY_07044,CUST_1184,638.27,card,card_declined,15,565,0,14,11,0.786,1
PAY_07045,CUST_1616,1917.02,upi,checkout_abandoned,15,1421,1,13,6,0.462,0
PAY_07046,CUST_1266,2868.82,wallet,checkout_abandoned,21,944,1,14,9,0.643,1
PAY_07047,CUST_1141,1981.13,card,insufficient_funds,17,1473,0,5,3,0.6,0
PAY_07048,CUST_1970,13704.67,netbanking,insufficient_funds,1,1123,2,6,6,1.0,0
PAY_07049,CUST_0349,3237.62,card,network_timeout,19,2011,2,0,0,0.75,0
PAY_07050,CUST_1583,1530.98,card,insufficient_funds,20,1664,2,2,1,0.5,0
PAY_07051,CUST_0478,2915.14,upi,checkout_abandoned,14,2123,0,12,8,0.667,0
PAY_07052,CUST_2427,2129.19,card,card_declined,19,1888,2,4,2,0.5,0
PAY_07053,CUST_1707,1865.04,upi,insufficient_funds,1,1070,0,6,2,0.333,0
PAY_07054,CUST_1581,2187.62,card,insufficient_funds,23,848,2,5,2,0.4,0
PAY_07055,CUST_2180,1271.91,upi,card_declined,20,605,0,13,7,0.538,0
PAY_07056,CUST_0894,2134.23,card,insufficient_funds,3,753,1,13,12,0.923,0
PAY_07057,CUST_0248,1201.29,netbanking,checkout_abandoned,15,424,2,11,10,0.909,0
PAY_07058,CUST_2175,394.88,wallet,card_declined,20,759,1,14,13,0.929,1
PAY_07059,CUST_2317,4481.45,card,network_timeout,17,1890,0,8,8,1.0,0
PAY_07060,CUST_1290,1145.03,card,insufficient_funds,5,423,1,2,1,0.5,1
PAY_07061,CUST_1117,2015.56,wallet,card_declined,5,1894,0,9,8,0.889,1
PAY_07062,CUST_0470,979.66,card,card_declined,1,121,2,0,0,0.75,0
PAY_07063,CUST_0595,1003.6,netbanking,insufficient_funds,12,354,1,6,5,0.833,1
PAY_07064,CUST_1413,783.95,upi,card_declined,6,1920,0,12,12,1.0,0
PAY_07065,CUST_0419,3843.66,netbanking,insufficient_funds,13,1138,0,2,2,1.0,0
PAY_07066,CUST_0307,4662.56,card,checkout_abandoned,3,674,1,8,4,0.5,0
PAY_07067,CUST_0689,1837.74,card,checkout_abandoned,9,417,0,11,9,0.818,1
PAY_07068,CUST_0864,1171.71,card,checkout_abandoned,6,24,0,11,5,0.455,0
PAY_07069,CUST_0607,464.56,card,insufficient_funds,3,445,1,8,8,1.0,1
PAY_07070,CUST_0077,3401.21,card,checkout_abandoned,21,314,2,4,2,0.5,1
PAY_07071,CUST_0814,1047.64,wallet,checkout_abandoned,2,1483,0,3,1,0.333,0
PAY_07072,CUST_0196,736.37,card,card_declined,15,2035,1,2,0,0.0,0
PAY_07073,CUST_1877,1842.64,card,insufficient_funds,10,541,1,11,4,0.364,0
PAY_07074,CUST_0547,1377.8,card,network_timeout,13,132,2,3,1,0.333,1
PAY_07075,CUST_0066,534.38,card,checkout_abandoned,6,2145,2,9,8,0.889,0
PAY_07076,CUST_1555,596.43,upi,network_timeout,20,1495,2,0,0,0.75,1
PAY_07077,CUST_0961,2356.13,card,card_declined,8,856,1,4,1,0.25,0
PAY_07078,CUST_1234,1065.28,netbanking,checkout_abandoned,21,1686,0,5,3,0.6,0
PAY_07079,CUST_1551,2707.41,netbanking,card_declined,9,1504,2,11,6,0.545,0
PAY_07080,CUST_1083,2023.87,card,checkout_abandoned,23,1616,2,1,1,1.0,1
PAY_07081,CUST_0254,4161.27,netbanking,checkout_abandoned,17,366,1,7,4,0.571,1
PAY_07082,CUST_1429,925.03,card,checkout_abandoned,21,720,1,6,6,1.0,1
PAY_07083,CUST_1403,2168.34,card,checkout_abandoned,2,1125,2,4,4,1.0,0
PAY_07084,CUST_0489,2999.38,wallet,card_declined,19,1381,1,11,2,0.182,0
PAY_07085,CUST_1870,1090.69,netbanking,network_timeout,17,1201,0,14,8,0.571,0
PAY_07086,CUST_1706,4435.1,card,checkout_abandoned,0,609,0,0,0,0.75,1
PAY_07087,CUST_1689,474.62,upi,checkout_abandoned,1,800,1,13,5,0.385,1
PAY_07088,CUST_1361,924.44,card,insufficient_funds,13,900,1,13,8,0.615,0
PAY_07089,CUST_1589,460.63,upi,card_declined,15,163,0,12,9,0.75,1
PAY_07090,CUST_0349,999.09,upi,insufficient_funds,9,1795,1,1,1,1.0,1
PAY_07091,CUST_0298,1590.61,card,network_timeout,22,1401,0,5,3,0.6,0
PAY_07092,CUST_1386,3500.79,wallet,network_timeout,1,1310,2,9,1,0.111,0
PAY_07093,CUST_1892,1589.71,upi,checkout_abandoned,8,1654,1,3,3,1.0,1
PAY_07094,CUST_0282,1117.94,card,checkout_abandoned,2,1012,2,3,2,0.667,0
PAY_07095,CUST_1549,521.22,netbanking,checkout_abandoned,23,1271,0,8,6,0.75,1
PAY_07096,CUST_1686,681.43,upi,insufficient_funds,10,1484,1,12,8,0.667,1
PAY_07097,CUST_2498,2307.01,card,network_timeout,0,1403,0,2,2,1.0,0
PAY_07098,CUST_0565,3643.52,upi,insufficient_funds,22,1599,0,0,0,0.75,0
PAY_07099,CUST_1963,1287.12,netbanking,card_declined,17,150,0,14,4,0.286,1
PAY_07100,CUST_0123,4742.66,wallet,card_declined,10,2009,0,6,6,1.0,0
PAY_07101,CUST_1940,841.86,card,insufficient_funds,14,1139,2,1,1,1.0,0
PAY_07102,CUST_0469,1317.0,upi,insufficient_funds,18,1659,0,14,14,1.0,1
PAY_07103,CUST_1149,1408.99,netbanking,network_timeout,6,87,1,4,2,0.5,1
PAY_07104,CUST_1208,6118.5,wallet,card_declined,5,1034,2,1,0,0.0,0
PAY_07105,CUST_2362,2003.14,card,insufficient_funds,20,982,1,10,9,0.9,1
PAY_07106,CUST_1780,427.0,upi,card_declined,5,471,1,11,5,0.455,0
PAY_07107,CUST_1229,3853.99,netbanking,network_timeout,15,1929,2,1,0,0.0,0
PAY_07108,CUST_0927,7881.58,card,network_timeout,20,1016,2,10,5,0.5,0
PAY_07109,CUST_2450,1474.02,card,insufficient_funds,1,1927,0,5,2,0.4,0
PAY_07110,CUST_0914,878.2,upi,card_declined,6,950,2,4,3,0.75,0
PAY_07111,CUST_2107,3593.74,upi,checkout_abandoned,1,1279,0,10,5,0.5,0
PAY_07112,CUST_1099,8664.19,upi,network_timeout,15,1294,1,0,0,0.75,1
PAY_07113,CUST_0495,3549.38,card,checkout_abandoned,4,1369,2,2,1,0.5,0
PAY_07114,CUST_2167,491.34,netbanking,network_timeout,0,1351,1,12,12,1.0,1
PAY_07115,CUST_0236,3292.12,card,checkout_abandoned,19,1732,1,14,10,0.714,0
PAY_07116,CUST_2002,2487.19,netbanking,checkout_abandoned,0,469,2,13,13,1.0,1
PAY_07117,CUST_1992,838.69,card,insufficient_funds,13,1546,1,11,5,0.455,1
PAY_07118,CUST_2317,5047.24,card,checkout_abandoned,11,1741,1,1,1,1.0,1
PAY_07119,CUST_2490,2556.06,wallet,card_declined,7,1770,1,4,2,0.5,0
PAY_07120,CUST_1964,5153.9,netbanking,checkout_abandoned,14,893,0,12,2,0.167,0
PAY_07121,CUST_0086,769.98,card,insufficient_funds,14,907,0,10,9,0.9,1
PAY_07122,CUST_1114,2476.41,card,card_declined,1,1700,2,12,3,0.25,0
PAY_07123,CUST_2062,879.6,upi,checkout_abandoned,2,1111,0,6,5,0.833,0
PAY_07124,CUST_1430,2194.43,wallet,checkout_abandoned,18,34,2,8,3,0.375,1
PAY_07125,CUST_1261,5868.31,card,insufficient_funds,3,1622,2,11,7,0.636,0
PAY_07126,CUST_1380,575.02,wallet,checkout_abandoned,1,1663,2,11,4,0.364,0
PAY_07127,CUST_0568,602.05,card,insufficient_funds,4,1103,0,10,2,0.2,1
PAY_07128,CUST_2472,3865.79,upi,network_timeout,15,1186,2,0,0,0.75,0
PAY_07129,CUST_0431,1779.78,card,checkout_abandoned,4,1144,2,3,2,0.667,0
PAY_07130,CUST_1844,4594.21,card,insufficient_funds,16,914,2,7,6,0.857,0
PAY_07131,CUST_0175,943.61,wallet,network_timeout,22,1507,1,10,4,0.4,1
PAY_07132,CUST_1334,1875.24,card,checkout_abandoned,10,308,1,14,10,0.714,1
PAY_07133,CUST_2464,3121.43,wallet,card_declined,23,623,1,4,4,1.0,0
PAY_07134,CUST_1615,2129.63,card,insufficient_funds,11,1915,0,11,9,0.818,1
PAY_07135,CUST_2035,430.33,card,insufficient_funds,21,1732,1,9,4,0.444,0
PAY_07136,CUST_2396,17216.45,wallet,checkout_abandoned,0,115,2,4,4,1.0,0
PAY_07137,CUST_1463,2133.25,upi,card_declined,17,371,0,2,1,0.5,1
PAY_07138,CUST_0478,615.98,card,card_declined,12,246,0,9,4,0.444,0
PAY_07139,CUST_1720,2314.39,upi,checkout_abandoned,20,2068,2,4,4,1.0,0
PAY_07140,CUST_2357,2537.31,card,card_declined,7,1827,2,3,2,0.667,0
PAY_07141,CUST_1767,3986.55,netbanking,insufficient_funds,21,1240,1,3,1,0.333,0
PAY_07142,CUST_0882,3779.16,card,checkout_abandoned,5,1487,1,3,1,0.333,0
PAY_07143,CUST_0498,1516.96,upi,checkout_abandoned,11,1333,0,1,0,0.0,0
PAY_07144,CUST_0872,453.9,card,card_declined,2,1823,2,2,1,0.5,0
PAY_07145,CUST_1874,2603.55,upi,checkout_abandoned,4,1988,1,14,13,0.929,1
PAY_07146,CUST_0562,483.77,wallet,checkout_abandoned,14,2099,2,2,1,0.5,0
PAY_07147,CUST_0634,4758.74,netbanking,insufficient_funds,8,737,1,6,5,0.833,0
PAY_07148,CUST_0886,1001.58,card,checkout_abandoned,20,735,2,7,6,0.857,1
PAY_07149,CUST_0680,2991.44,card,checkout_abandoned,22,248,2,10,8,0.8,1
PAY_07150,CUST_1266,1064.87,card,network_timeout,2,1747,0,4,4,1.0,0
PAY_07151,CUST_1675,1214.29,netbanking,network_timeout,19,905,2,12,8,0.667,0
PAY_07152,CUST_0428,948.39,card,checkout_abandoned,17,83,1,11,10,0.909,0
PAY_07153,CUST_2045,3192.01,upi,checkout_abandoned,15,1789,1,7,5,0.714,1
PAY_07154,CUST_0422,1094.95,card,network_timeout,11,1969,0,13,5,0.385,0
PAY_07155,CUST_1793,3328.8,wallet,checkout_abandoned,15,1846,0,5,4,0.8,1
PAY_07156,CUST_0720,1118.1,upi,checkout_abandoned,0,1376,0,7,3,0.429,0
PAY_07157,CUST_1486,1495.79,upi,checkout_abandoned,5,1887,0,8,7,0.875,0
PAY_07158,CUST_0020,1851.95,wallet,checkout_abandoned,11,1951,1,2,2,1.0,0
PAY_07159,CUST_0438,2035.71,wallet,card_declined,20,1175,1,1,1,1.0,0
PAY_07160,CUST_1616,859.35,upi,card_declined,20,1218,2,14,10,0.714,0
PAY_07161,CUST_0334,3160.82,netbanking,network_timeout,13,697,2,0,0,0.75,1
PAY_07162,CUST_0504,1448.77,upi,insufficient_funds,22,1363,2,0,0,0.75,0
PAY_07163,CUST_1890,2781.27,card,network_timeout,22,2153,2,1,1,1.0,0
PAY_07164,CUST_2183,1776.78,card,checkout_abandoned,11,2008,1,8,6,0.75,0
PAY_07165,CUST_2021,2877.58,upi,checkout_abandoned,1,1828,2,4,3,0.75,0
PAY_07166,CUST_0947,1295.26,upi,insufficient_funds,10,653,2,3,3,1.0,0
PAY_07167,CUST_1436,957.06,card,checkout_abandoned,16,1635,2,12,12,1.0,0
PAY_07168,CUST_1138,2532.67,card,card_declined,8,744,0,14,11,0.786,1
PAY_07169,CUST_0315,1212.64,upi,network_timeout,21,39,2,13,10,0.769,1
PAY_07170,CUST_2321,5782.38,card,card_declined,9,1839,0,4,2,0.5,0
PAY_07171,CUST_1942,1900.11,upi,network_timeout,19,657,0,1,1,1.0,1
PAY_07172,CUST_0064,599.82,upi,network_timeout,11,2084,2,14,12,0.857,1
PAY_07173,CUST_0026,1126.84,card,checkout_abandoned,10,1180,1,8,7,0.875,0
PAY_07174,CUST_1769,809.24,card,network_timeout,1,1442,2,14,9,0.643,1
PAY_07175,CUST_0829,4246.61,card,insufficient_funds,6,1244,2,2,1,0.5,0
PAY_07176,CUST_1265,3342.17,card,card_declined,15,929,2,14,7,0.5,0
PAY_07177,CUST_1143,1714.21,upi,card_declined,11,1962,0,4,1,0.25,0
PAY_07178,CUST_1592,2270.15,upi,checkout_abandoned,8,240,0,11,8,0.727,1
PAY_07179,CUST_2071,1678.07,netbanking,checkout_abandoned,2,350,0,1,0,0.0,1
PAY_07180,CUST_2426,3582.67,card,insufficient_funds,15,1312,1,11,8,0.727,0
PAY_07181,CUST_0585,2728.23,upi,insufficient_funds,14,2090,2,7,3,0.429,0
PAY_07182,CUST_0324,3151.15,card,insufficient_funds,15,1780,0,14,6,0.429,0
PAY_07183,CUST_0717,1543.9,netbanking,checkout_abandoned,2,1526,1,2,2,1.0,0
PAY_07184,CUST_1689,1086.04,card,insufficient_funds,21,238,2,3,2,0.667,0
PAY_07185,CUST_0733,3064.36,upi,card_declined,5,126,1,9,9,1.0,0
PAY_07186,CUST_1762,6226.78,upi,insufficient_funds,6,628,0,12,12,1.0,1
PAY_07187,CUST_0525,4360.54,card,insufficient_funds,5,1543,0,13,7,0.538,0
PAY_07188,CUST_1134,6379.65,wallet,insufficient_funds,22,220,1,1,0,0.0,1
PAY_07189,CUST_0253,2049.12,card,card_declined,11,766,1,0,0,0.75,1
PAY_07190,CUST_0449,828.44,card,checkout_abandoned,15,732,1,5,2,0.4,0
PAY_07191,CUST_2420,889.44,upi,network_timeout,17,329,2,1,1,1.0,1
PAY_07192,CUST_0431,5427.3,upi,insufficient_funds,14,1247,0,6,4,0.667,1
PAY_07193,CUST_1061,405.85,card,network_timeout,17,515,0,7,4,0.571,0
PAY_07194,CUST_1051,5999.0,card,network_timeout,13,281,1,14,8,0.571,1
PAY_07195,CUST_1726,958.56,card,checkout_abandoned,15,936,1,0,0,0.75,0
PAY_07196,CUST_1688,8385.45,netbanking,checkout_abandoned,4,1023,2,4,2,0.5,0
PAY_07197,CUST_1259,1701.15,upi,card_declined,10,443,0,5,4,0.8,0
PAY_07198,CUST_1375,3208.63,card,checkout_abandoned,0,30,0,8,4,0.5,1
PAY_07199,CUST_1958,12131.72,card,checkout_abandoned,12,155,0,4,3,0.75,1
PAY_07200,CUST_0258,1382.19,wallet,checkout_abandoned,13,1780,1,9,9,1.0,0
PAY_07201,CUST_0519,1363.75,netbanking,insufficient_funds,12,1773,2,12,3,0.25,0
PAY_07202,CUST_0133,1032.43,card,insufficient_funds,21,1459,2,10,7,0.7,0
PAY_07203,CUST_0758,807.64,upi,card_declined,11,577,0,9,4,0.444,0
PAY_07204,CUST_0927,1382.55,card,checkout_abandoned,20,1402,0,1,1,1.0,1
PAY_07205,CUST_0302,1154.78,card,network_timeout,12,1990,1,13,12,0.923,1
PAY_07206,CUST_0281,662.05,netbanking,insufficient_funds,1,1831,0,8,8,1.0,0
PAY_07207,CUST_1173,1521.05,netbanking,network_timeout,1,1531,0,2,2,1.0,1
PAY_07208,CUST_0351,2579.55,card,card_declined,7,300,2,9,3,0.333,0
PAY_07209,CUST_1824,879.03,netbanking,card_declined,18,962,0,7,3,0.429,0
PAY_07210,CUST_1699,1580.64,upi,network_timeout,11,2090,1,13,6,0.462,0
PAY_07211,CUST_1443,5545.52,netbanking,network_timeout,8,1680,0,9,3,0.333,1
PAY_07212,CUST_1189,578.2,netbanking,checkout_abandoned,11,102,2,14,8,0.571,0
PAY_07213,CUST_2197,8441.17,upi,checkout_abandoned,22,1901,0,14,14,1.0,0
PAY_07214,CUST_1621,1049.77,wallet,network_timeout,4,963,0,3,3,1.0,1
PAY_07215,CUST_2237,2113.85,card,checkout_abandoned,14,328,1,4,2,0.5,0
PAY_07216,CUST_0869,5008.4,upi,card_declined,16,5,2,3,0,0.0,0
PAY_07217,CUST_1326,6393.35,card,checkout_abandoned,19,878,1,3,2,0.667,0
PAY_07218,CUST_0236,2621.23,netbanking,checkout_abandoned,11,1989,1,10,5,0.5,0
PAY_07219,CUST_1220,1032.71,card,insufficient_funds,22,1310,0,14,6,0.429,0
PAY_07220,CUST_0162,962.27,card,card_declined,20,1031,0,7,5,0.714,0
PAY_07221,CUST_0927,1136.41,netbanking,card_declined,2,1121,1,12,11,0.917,1
PAY_07222,CUST_0042,8159.57,card,card_declined,6,591,1,11,3,0.273,1
PAY_07223,CUST_0608,1324.81,card,network_timeout,5,41,1,3,3,1.0,1
PAY_07224,CUST_2158,2331.91,card,card_declined,21,959,1,12,4,0.333,0
PAY_07225,CUST_1797,780.97,upi,checkout_abandoned,2,397,0,7,5,0.714,0
PAY_07226,CUST_2412,713.7,card,card_declined,19,2054,0,0,0,0.75,1
PAY_07227,CUST_2392,1838.41,card,card_declined,23,542,0,10,7,0.7,0
PAY_07228,CUST_0375,1388.18,upi,insufficient_funds,9,498,0,13,13,1.0,0
PAY_07229,CUST_0452,1471.71,wallet,card_declined,3,973,1,3,3,1.0,1
PAY_07230,CUST_2366,551.3,netbanking,checkout_abandoned,19,746,0,3,0,0.0,1
PAY_07231,CUST_2018,1697.23,card,insufficient_funds,10,1306,2,10,4,0.4,0
PAY_07232,CUST_0659,6216.47,netbanking,card_declined,15,23,1,14,5,0.357,0
PAY_07233,CUST_0778,909.7,netbanking,card_declined,7,2101,0,3,3,1.0,0
PAY_07234,CUST_1613,3690.4,upi,insufficient_funds,10,474,0,6,2,0.333,1
PAY_07235,CUST_1370,112.62,upi,network_timeout,9,1433,0,10,4,0.4,1
PAY_07236,CUST_0950,947.35,card,checkout_abandoned,12,1910,0,12,7,0.583,1
PAY_07237,CUST_0845,390.42,upi,insufficient_funds,0,102,0,0,0,0.75,1
PAY_07238,CUST_1547,4839.2,upi,network_timeout,13,1035,0,2,1,0.5,1
PAY_07239,CUST_2299,3635.73,card,network_timeout,6,1283,0,13,4,0.308,0
PAY_07240,CUST_2108,786.88,card,checkout_abandoned,5,214,2,7,6,0.857,1
PAY_07241,CUST_1870,2268.7,card,network_timeout,22,1426,1,11,6,0.545,0
PAY_07242,CUST_2152,4707.49,upi,insufficient_funds,3,1796,2,0,0,0.75,0
PAY_07243,CUST_0148,5331.01,card,checkout_abandoned,19,276,2,1,1,1.0,1
PAY_07244,CUST_2173,1301.03,upi,checkout_abandoned,18,1828,0,11,6,0.545,0
PAY_07245,CUST_0986,307.49,netbanking,network_timeout,9,1014,2,5,3,0.6,1
PAY_07246,CUST_0662,877.18,card,checkout_abandoned,2,2112,2,14,8,0.571,0
PAY_07247,CUST_2164,3322.45,card,checkout_abandoned,15,619,2,6,3,0.5,1
PAY_07248,CUST_1943,9649.46,card,card_declined,16,133,2,12,6,0.5,0
PAY_07249,CUST_0203,1723.45,card,checkout_abandoned,4,1422,0,8,8,1.0,0
PAY_07250,CUST_0874,1107.75,netbanking,network_timeout,21,950,2,10,6,0.6,0
PAY_07251,CUST_1674,12271.46,upi,network_timeout,7,1373,2,9,7,0.778,0
PAY_07252,CUST_0451,2490.22,netbanking,network_timeout,10,1912,1,1,1,1.0,0
PAY_07253,CUST_0423,674.07,wallet,checkout_abandoned,22,1863,2,11,5,0.455,0
PAY_07254,CUST_0772,1636.66,card,network_timeout,18,257,1,14,9,0.643,1
PAY_07255,CUST_0787,4005.74,upi,network_timeout,10,145,1,5,5,1.0,1
PAY_07256,CUST_0871,1701.46,upi,card_declined,20,783,2,5,1,0.2,0
PAY_07257,CUST_1985,3398.3,upi,insufficient_funds,8,286,2,8,6,0.75,1
PAY_07258,CUST_1409,498.47,card,checkout_abandoned,6,1956,1,9,2,0.222,1
PAY_07259,CUST_1115,571.46,card,checkout_abandoned,16,1184,2,5,5,1.0,0
PAY_07260,CUST_1544,999.9,upi,card_declined,6,199,2,4,4,1.0,1
PAY_07261,CUST_2440,1436.24,upi,checkout_abandoned,13,1201,1,14,12,0.857,1
PAY_07262,CUST_0998,2351.25,card,checkout_abandoned,12,1567,2,12,5,0.417,0
PAY_07263,CUST_1168,2995.75,card,network_timeout,12,1671,1,8,7,0.875,0
PAY_07264,CUST_2069,12944.59,upi,card_declined,21,2051,1,5,5,1.0,1
PAY_07265,CUST_0506,996.95,upi,network_timeout,9,1335,1,5,3,0.6,1
PAY_07266,CUST_0134,1400.17,upi,card_declined,16,1300,1,5,4,0.8,0
PAY_07267,CUST_1519,1019.45,card,insufficient_funds,9,125,0,8,5,0.625,1
PAY_07268,CUST_2169,4268.65,card,network_timeout,4,1899,1,0,0,0.75,1
PAY_07269,CUST_1550,4459.1,netbanking,checkout_abandoned,8,1673,0,9,3,0.333,0
PAY_07270,CUST_1826,1258.17,upi,insufficient_funds,9,1727,2,8,4,0.5,0
PAY_07271,CUST_0421,9396.93,card,checkout_abandoned,4,2102,2,2,2,1.0,0
PAY_07272,CUST_0911,1020.88,upi,checkout_abandoned,13,1742,2,3,3,1.0,0
PAY_07273,CUST_0788,4103.01,card,card_declined,23,932,2,4,4,1.0,0
PAY_07274,CUST_1540,5762.69,upi,card_declined,8,1360,1,13,11,0.846,0
PAY_07275,CUST_0641,605.64,card,checkout_abandoned,13,1910,1,14,8,0.571,0
PAY_07276,CUST_1077,2857.34,upi,checkout_abandoned,4,152,0,11,4,0.364,1
PAY_07277,CUST_0339,203.47,wallet,insufficient_funds,7,321,0,10,9,0.9,1
PAY_07278,CUST_0271,3480.43,card,checkout_abandoned,19,863,2,14,6,0.429,1
PAY_07279,CUST_0758,745.65,card,network_timeout,3,1425,2,11,8,0.727,0
PAY_07280,CUST_2410,2834.21,card,checkout_abandoned,16,1800,1,5,3,0.6,0
PAY_07281,CUST_0232,3292.93,card,checkout_abandoned,22,666,2,5,2,0.4,0
PAY_07282,CUST_0883,4410.1,wallet,card_declined,18,440,0,9,4,0.444,0
PAY_07283,CUST_1342,3669.15,wallet,card_declined,18,408,2,6,5,0.833,0
PAY_07284,CUST_2106,1882.32,card,card_declined,3,649,0,6,4,0.667,0
PAY_07285,CUST_0104,1327.64,wallet,checkout_abandoned,1,131,2,14,12,0.857,0
PAY_07286,CUST_1947,1696.0,card,checkout_abandoned,3,1108,0,13,8,0.615,0
PAY_07287,CUST_1823,737.11,upi,checkout_abandoned,19,1860,2,9,4,0.444,1
PAY_07288,CUST_1899,1519.58,upi,card_declined,2,913,1,4,4,1.0,0
PAY_07289,CUST_1512,1426.51,card,network_timeout,3,1050,1,6,4,0.667,1
PAY_07290,CUST_0089,958.11,upi,card_declined,15,1765,0,4,3,0.75,1
PAY_07291,CUST_0054,447.01,upi,insufficient_funds,1,28,1,6,6,1.0,0
PAY_07292,CUST_2085,648.07,card,insufficient_funds,21,2102,0,5,2,0.4,0
PAY_07293,CUST_2125,144.81,wallet,checkout_abandoned,16,441,1,6,6,1.0,1
PAY_07294,CUST_1195,1407.03,card,card_declined,20,231,0,7,7,1.0,1
PAY_07295,CUST_0937,2401.72,card,network_timeout,16,1277,2,9,6,0.667,0
PAY_07296,CUST_2186,210.5,wallet,checkout_abandoned,6,40,0,13,3,0.231,1
PAY_07297,CUST_2081,2175.28,card,checkout_abandoned,15,968,1,7,6,0.857,0
PAY_07298,CUST_0979,1632.0,card,card_declined,8,1672,2,3,1,0.333,0
PAY_07299,CUST_0418,702.14,card,checkout_abandoned,22,1485,1,2,1,0.5,0
PAY_07300,CUST_1622,1274.84,card,network_timeout,11,162,1,9,7,0.778,0
PAY_07301,CUST_2187,4172.14,card,network_timeout,14,1572,2,14,10,0.714,0
PAY_07302,CUST_0752,825.67,card,checkout_abandoned,0,518,0,4,2,0.5,1
PAY_07303,CUST_0381,1917.2,upi,checkout_abandoned,3,397,1,1,1,1.0,1
PAY_07304,CUST_1807,2375.16,upi,network_timeout,16,755,1,1,1,1.0,1
PAY_07305,CUST_0150,932.41,netbanking,network_timeout,22,961,2,4,3,0.75,0
PAY_07306,CUST_2480,4032.57,wallet,network_timeout,5,645,1,14,12,0.857,0
PAY_07307,CUST_0967,2486.46,card,card_declined,22,1150,1,11,7,0.636,0
PAY_07308,CUST_0802,1471.46,wallet,checkout_abandoned,19,1401,1,11,7,0.636,1
PAY_07309,CUST_2459,11921.92,netbanking,card_declined,16,167,0,4,2,0.5,0
PAY_07310,CUST_0831,4046.49,wallet,insufficient_funds,12,598,1,14,8,0.571,1
PAY_07311,CUST_0498,467.13,upi,insufficient_funds,0,664,2,6,4,0.667,0
PAY_07312,CUST_1863,1318.46,card,insufficient_funds,3,1312,1,6,5,0.833,1
PAY_07313,CUST_1454,12950.06,card,insufficient_funds,2,556,2,14,6,0.429,1
PAY_07314,CUST_1206,820.4,wallet,network_timeout,17,1503,0,11,11,1.0,1
PAY_07315,CUST_0049,1898.1,upi,insufficient_funds,6,1569,1,4,4,1.0,0
PAY_07316,CUST_0700,4819.07,netbanking,card_declined,19,47,0,9,5,0.556,0
PAY_07317,CUST_1745,3033.28,upi,checkout_abandoned,17,1364,2,5,1,0.2,0
PAY_07318,CUST_2426,3404.04,card,checkout_abandoned,20,794,2,9,8,0.889,1
PAY_07319,CUST_0090,3247.42,card,network_timeout,20,631,1,2,2,1.0,1
PAY_07320,CUST_0167,1836.94,wallet,insufficient_funds,2,111,1,0,0,0.75,0
PAY_07321,CUST_0119,954.98,card,card_declined,15,1049,2,14,10,0.714,0
PAY_07322,CUST_2186,2548.74,upi,card_declined,11,1653,0,1,1,1.0,1
PAY_07323,CUST_1389,1304.17,wallet,insufficient_funds,18,336,1,6,6,1.0,0
PAY_07324,CUST_0130,1224.71,card,checkout_abandoned,1,127,0,2,2,1.0,0
PAY_07325,CUST_1634,5892.99,card,checkout_abandoned,10,303,1,0,0,0.75,1
PAY_07326,CUST_1612,1327.09,upi,insufficient_funds,23,1860,2,11,8,0.727,0
PAY_07327,CUST_0363,7047.63,netbanking,checkout_abandoned,0,447,2,4,4,1.0,1
PAY_07328,CUST_0886,2210.46,upi,insufficient_funds,11,1830,0,11,8,0.727,0
PAY_07329,CUST_0798,1584.82,card,insufficient_funds,7,410,0,8,3,0.375,0
PAY_07330,CUST_1698,420.52,card,insufficient_funds,18,1116,1,9,7,0.778,0
PAY_07331,CUST_1247,9812.64,card,card_declined,9,963,2,10,6,0.6,0
PAY_07332,CUST_1656,1791.42,card,checkout_abandoned,6,2036,0,2,0,0.0,0
PAY_07333,CUST_1488,292.63,card,insufficient_funds,14,590,1,6,5,0.833,0
PAY_07334,CUST_0721,3966.83,netbanking,checkout_abandoned,5,792,0,11,9,0.818,1
PAY_07335,CUST_0071,1729.16,card,insufficient_funds,12,965,1,3,3,1.0,0
PAY_07336,CUST_0879,854.47,netbanking,checkout_abandoned,11,654,1,1,0,0.0,0
PAY_07337,CUST_1191,3791.39,wallet,network_timeout,23,361,0,6,2,0.333,1
PAY_07338,CUST_1863,234.29,upi,network_timeout,14,247,0,13,6,0.462,1
PAY_07339,CUST_2002,1016.65,upi,card_declined,22,1281,0,4,4,1.0,1
PAY_07340,CUST_0029,1416.61,card,checkout_abandoned,6,1571,1,5,4,0.8,1
PAY_07341,CUST_2308,3559.2,upi,network_timeout,1,367,0,1,1,1.0,1
PAY_07342,CUST_0933,10804.77,card,insufficient_funds,8,919,0,10,6,0.6,0
PAY_07343,CUST_2045,1479.9,card,checkout_abandoned,10,1526,2,5,3,0.6,0
PAY_07344,CUST_0488,2600.6,upi,card_declined,9,2113,2,2,1,0.5,0
PAY_07345,CUST_2168,16224.09,card,insufficient_funds,0,282,1,1,1,1.0,1
PAY_07346,CUST_1243,1806.83,card,network_timeout,0,1879,1,4,3,0.75,0
PAY_07347,CUST_1642,2617.83,upi,insufficient_funds,13,834,0,3,2,0.667,1
PAY_07348,CUST_0529,668.92,upi,network_timeout,5,1107,0,7,4,0.571,1
PAY_07349,CUST_2280,8628.93,card,insufficient_funds,8,143,0,6,3,0.5,1
PAY_07350,CUST_1738,1017.56,card,card_declined,18,975,0,7,2,0.286,0
PAY_07351,CUST_0693,2231.43,card,card_declined,9,618,0,5,3,0.6,1
PAY_07352,CUST_1976,2181.42,upi,card_declined,19,509,2,1,1,1.0,1
PAY_07353,CUST_0485,1927.18,upi,checkout_abandoned,11,1888,2,11,9,0.818,1
PAY_07354,CUST_0747,1271.68,card,network_timeout,17,330,2,8,8,1.0,0
PAY_07355,CUST_0471,2183.32,upi,network_timeout,6,509,0,2,2,1.0,1
PAY_07356,CUST_1402,7342.39,wallet,insufficient_funds,3,523,1,1,0,0.0,0
PAY_07357,CUST_1912,11162.21,upi,checkout_abandoned,6,1674,1,14,7,0.5,0
PAY_07358,CUST_1207,1564.67,upi,card_declined,3,1189,0,13,13,1.0,1
PAY_07359,CUST_1642,1256.36,upi,insufficient_funds,11,989,1,2,1,0.5,1
PAY_07360,CUST_0591,942.49,netbanking,checkout_abandoned,7,307,1,6,1,0.167,1
PAY_07361,CUST_1955,15435.89,wallet,network_timeout,6,854,0,8,6,0.75,1
PAY_07362,CUST_1869,1995.42,card,checkout_abandoned,5,1909,0,6,2,0.333,0
PAY_07363,CUST_2274,4392.16,card,checkout_abandoned,9,1077,1,12,9,0.75,0
PAY_07364,CUST_0725,3142.8,card,checkout_abandoned,0,2090,0,8,1,0.125,0
PAY_07365,CUST_0636,10532.95,netbanking,card_declined,9,98,1,3,2,0.667,1
PAY_07366,CUST_1486,1476.43,card,card_declined,5,576,1,11,8,0.727,1
PAY_07367,CUST_0179,742.4,wallet,card_declined,12,328,2,13,4,0.308,0
PAY_07368,CUST_2153,7967.32,card,checkout_abandoned,11,1392,2,1,1,1.0,1
PAY_07369,CUST_1006,3707.77,upi,checkout_abandoned,10,225,1,12,7,0.583,1
PAY_07370,CUST_1642,2592.99,card,checkout_abandoned,14,886,1,10,10,1.0,0
PAY_07371,CUST_0621,6146.86,upi,insufficient_funds,1,83,1,13,12,0.923,0
PAY_07372,CUST_0969,2714.07,card,checkout_abandoned,2,1130,0,13,9,0.692,1
PAY_07373,CUST_1260,6319.92,upi,network_timeout,11,404,0,0,0,0.75,1
PAY_07374,CUST_1331,2192.54,upi,checkout_abandoned,9,1664,0,6,5,0.833,1
PAY_07375,CUST_1735,3703.75,card,network_timeout,7,996,0,1,0,0.0,0
PAY_07376,CUST_2217,2742.58,upi,card_declined,9,1316,1,0,0,0.75,0
PAY_07377,CUST_1978,1387.58,wallet,card_declined,5,409,0,13,5,0.385,0
PAY_07378,CUST_1586,1527.26,netbanking,checkout_abandoned,3,1437,1,3,3,1.0,0
PAY_07379,CUST_0110,1314.55,upi,insufficient_funds,5,73,2,0,0,0.75,0
PAY_07380,CUST_1373,2225.93,upi,insufficient_funds,22,314,2,14,12,0.857,0
PAY_07381,CUST_0268,1250.0,wallet,insufficient_funds,2,1767,1,6,5,0.833,0
PAY_07382,CUST_1023,2551.05,upi,insufficient_funds,23,517,1,1,1,1.0,0
PAY_07383,CUST_2404,2482.6,wallet,checkout_abandoned,16,1588,1,3,2,0.667,0
PAY_07384,CUST_1888,2121.05,netbanking,card_declined,2,1867,1,0,0,0.75,0
PAY_07385,CUST_0505,2150.72,card,card_declined,19,282,2,10,3,0.3,0
PAY_07386,CUST_0431,1144.38,card,checkout_abandoned,6,2094,1,14,8,0.571,0
PAY_07387,CUST_0693,1436.49,upi,network_timeout,11,1760,1,5,4,0.8,1
PAY_07388,CUST_1789,472.98,upi,card_declined,0,1199,2,12,8,0.667,0
PAY_07389,CUST_0780,1635.41,upi,card_declined,0,689,2,5,4,0.8,0
PAY_07390,CUST_1400,818.03,wallet,card_declined,18,449,2,6,6,1.0,1
PAY_07391,CUST_1276,1949.69,upi,insufficient_funds,14,496,2,3,1,0.333,0
PAY_07392,CUST_0226,1016.33,card,card_declined,10,1104,1,0,0,0.75,0
PAY_07393,CUST_1626,348.98,upi,card_declined,22,327,2,2,1,0.5,0
PAY_07394,CUST_2091,10910.67,card,checkout_abandoned,23,1026,1,8,3,0.375,0
PAY_07395,CUST_1165,1495.77,upi,checkout_abandoned,23,1096,2,1,1,1.0,0
PAY_07396,CUST_1441,5728.38,wallet,checkout_abandoned,11,1432,0,12,11,0.917,1
PAY_07397,CUST_1791,1180.8,card,insufficient_funds,19,16,0,13,7,0.538,0
PAY_07398,CUST_1531,7002.59,netbanking,insufficient_funds,1,708,0,4,1,0.25,0
PAY_07399,CUST_0797,716.36,netbanking,checkout_abandoned,17,289,2,4,3,0.75,0
PAY_07400,CUST_1446,2072.2,card,checkout_abandoned,19,1902,0,2,2,1.0,1
PAY_07401,CUST_1369,751.23,netbanking,network_timeout,0,1813,0,6,3,0.5,1
PAY_07402,CUST_2286,14416.61,netbanking,insufficient_funds,18,2113,2,13,5,0.385,0
PAY_07403,CUST_2325,1474.59,upi,insufficient_funds,21,1953,2,5,5,1.0,0
PAY_07404,CUST_1367,3492.26,card,network_timeout,4,1968,2,11,11,1.0,1
PAY_07405,CUST_2258,2581.19,card,network_timeout,22,704,1,4,4,1.0,1
PAY_07406,CUST_1914,1763.63,upi,card_declined,4,2135,2,6,2,0.333,0
PAY_07407,CUST_1044,2723.62,card,checkout_abandoned,22,5,1,7,3,0.429,0
PAY_07408,CUST_1343,5339.46,card,network_timeout,22,298,2,13,5,0.385,0
PAY_07409,CUST_1503,3072.07,wallet,network_timeout,11,647,1,7,5,0.714,0
PAY_07410,CUST_2001,2049.82,upi,card_declined,23,544,0,9,5,0.556,0
PAY_07411,CUST_0417,2727.12,upi,checkout_abandoned,12,1713,0,12,7,0.583,0
PAY_07412,CUST_1965,8329.62,wallet,checkout_abandoned,17,1652,2,14,12,0.857,0
PAY_07413,CUST_2349,1289.61,card,card_declined,10,359,0,13,7,0.538,0
PAY_07414,CUST_2480,408.48,card,network_timeout,4,1007,0,1,1,1.0,0
PAY_07415,CUST_0080,748.7,upi,checkout_abandoned,7,202,2,1,1,1.0,1
PAY_07416,CUST_1490,794.6,card,checkout_abandoned,4,2075,2,6,5,0.833,0
PAY_07417,CUST_1228,889.37,card,card_declined,4,1523,1,5,4,0.8,0
PAY_07418,CUST_0901,914.17,netbanking,checkout_abandoned,15,322,0,10,9,0.9,1
PAY_07419,CUST_1447,1766.34,card,network_timeout,1,1659,1,6,6,1.0,0
PAY_07420,CUST_2264,2193.99,upi,card_declined,2,664,0,6,3,0.5,0
PAY_07421,CUST_0022,2175.21,upi,card_declined,22,499,1,1,1,1.0,1
PAY_07422,CUST_1631,1003.57,upi,card_declined,4,1395,1,5,5,1.0,0
PAY_07423,CUST_0601,3986.47,card,insufficient_funds,14,480,2,8,6,0.75,0
PAY_07424,CUST_1534,2760.33,card,network_timeout,0,885,0,10,6,0.6,0
PAY_07425,CUST_1897,6377.87,netbanking,checkout_abandoned,17,1906,1,2,2,1.0,0
PAY_07426,CUST_1858,3543.79,wallet,card_declined,12,782,0,9,5,0.556,0
PAY_07427,CUST_0299,1360.92,upi,checkout_abandoned,0,325,1,8,8,1.0,1
PAY_07428,CUST_1262,5115.0,card,card_declined,14,1191,2,4,4,1.0,0
PAY_07429,CUST_1775,2240.4,upi,network_timeout,3,312,0,13,4,0.308,1
PAY_07430,CUST_1781,3408.15,card,checkout_abandoned,23,1738,2,6,4,0.667,0
PAY_07431,CUST_0979,3203.14,card,checkout_abandoned,12,1597,2,3,3,1.0,0
PAY_07432,CUST_2459,1629.59,card,network_timeout,2,935,0,10,4,0.4,1
PAY_07433,CUST_0562,1955.02,card,checkout_abandoned,11,1162,2,2,2,1.0,0
PAY_07434,CUST_1792,1620.42,card,card_declined,21,75,1,9,7,0.778,0
PAY_07435,CUST_0566,909.76,card,card_declined,19,1383,2,10,8,0.8,0
PAY_07436,CUST_1905,323.69,netbanking,insufficient_funds,7,1689,1,6,2,0.333,0
PAY_07437,CUST_0910,1033.28,upi,card_declined,12,1952,2,3,2,0.667,0
PAY_07438,CUST_1751,2110.91,card,insufficient_funds,21,1559,0,3,1,0.333,0
PAY_07439,CUST_0247,4289.86,card,card_declined,9,624,0,3,0,0.0,0
PAY_07440,CUST_1596,3402.73,netbanking,checkout_abandoned,16,1092,1,1,1,1.0,1
PAY_07441,CUST_1449,1439.21,card,checkout_abandoned,11,697,2,14,13,0.929,1
PAY_07442,CUST_1597,1044.61,card,checkout_abandoned,7,1303,1,12,12,1.0,0
PAY_07443,CUST_2406,1558.75,upi,checkout_abandoned,3,1880,0,7,6,0.857,0
PAY_07444,CUST_2466,825.13,upi,card_declined,21,796,2,12,12,1.0,1
PAY_07445,CUST_1295,331.4,netbanking,card_declined,13,1719,1,9,6,0.667,0
PAY_07446,CUST_1648,522.92,card,checkout_abandoned,14,229,1,9,9,1.0,0
PAY_07447,CUST_0277,5406.38,card,network_timeout,0,1544,1,10,8,0.8,0
PAY_07448,CUST_0117,7953.52,card,insufficient_funds,15,1722,2,8,6,0.75,0
PAY_07449,CUST_0941,3290.17,upi,network_timeout,4,1690,2,8,4,0.5,0
PAY_07450,CUST_0531,1718.18,card,network_timeout,21,849,1,2,2,1.0,1
PAY_07451,CUST_1311,590.61,card,card_declined,15,1600,2,9,9,1.0,0
PAY_07452,CUST_0689,1582.3,card,insufficient_funds,10,2128,2,6,3,0.5,0
PAY_07453,CUST_1005,2936.62,wallet,insufficient_funds,9,138,0,3,2,0.667,1
PAY_07454,CUST_1699,3496.25,card,network_timeout,2,2110,2,7,4,0.571,0
PAY_07455,CUST_1043,3123.13,card,checkout_abandoned,17,779,1,12,5,0.417,0
PAY_07456,CUST_0408,4737.18,wallet,network_timeout,1,690,1,6,5,0.833,0
PAY_07457,CUST_1222,8517.72,upi,checkout_abandoned,22,227,1,7,5,0.714,1
PAY_07458,CUST_2234,1301.83,upi,checkout_abandoned,7,421,0,3,2,0.667,1
PAY_07459,CUST_1972,16980.0,upi,card_declined,21,1114,2,12,10,0.833,0
PAY_07460,CUST_0422,357.66,card,checkout_abandoned,20,1640,2,1,1,1.0,0
PAY_07461,CUST_2054,965.74,netbanking,network_timeout,11,1565,2,12,8,0.667,0
PAY_07462,CUST_2095,2112.32,card,network_timeout,22,1651,1,13,9,0.692,0
PAY_07463,CUST_1654,2792.7,wallet,card_declined,16,1572,0,2,2,1.0,0
PAY_07464,CUST_2292,1556.56,card,checkout_abandoned,13,69,1,8,1,0.125,0
PAY_07465,CUST_1436,1210.67,upi,checkout_abandoned,5,977,0,8,7,0.875,0
PAY_07466,CUST_2481,10484.05,upi,card_declined,13,1160,1,12,10,0.833,1
PAY_07467,CUST_0295,1165.29,card,card_declined,14,106,2,4,4,1.0,1
PAY_07468,CUST_0041,796.35,card,card_declined,5,613,0,10,4,0.4,0
PAY_07469,CUST_1044,6961.86,netbanking,checkout_abandoned,13,614,1,1,0,0.0,0
PAY_07470,CUST_1204,3550.57,card,network_timeout,21,108,1,12,10,0.833,0
PAY_07471,CUST_1429,4321.32,wallet,card_declined,11,971,2,11,4,0.364,0
PAY_07472,CUST_1977,2105.35,card,checkout_abandoned,9,930,1,3,1,0.333,0
PAY_07473,CUST_1920,598.7,upi,insufficient_funds,14,1172,1,1,1,1.0,0
PAY_07474,CUST_2303,1926.07,upi,network_timeout,11,288,1,1,0,0.0,0
PAY_07475,CUST_0745,536.25,upi,insufficient_funds,15,2104,0,12,10,0.833,1
PAY_07476,CUST_1289,2185.04,upi,network_timeout,23,612,0,9,8,0.889,1
PAY_07477,CUST_1564,3035.9,upi,network_timeout,17,1334,2,5,1,0.2,0
PAY_07478,CUST_0603,4255.12,upi,insufficient_funds,19,1223,2,8,7,0.875,0
PAY_07479,CUST_1375,1671.76,upi,insufficient_funds,5,15,0,8,4,0.5,1
PAY_07480,CUST_0872,3274.81,upi,checkout_abandoned,18,536,1,1,1,1.0,0
PAY_07481,CUST_0926,873.46,card,network_timeout,1,1509,2,6,4,0.667,0
PAY_07482,CUST_1011,3900.45,card,checkout_abandoned,10,784,2,9,8,0.889,0
PAY_07483,CUST_1244,3087.77,card,network_timeout,4,717,0,9,5,0.556,1
PAY_07484,CUST_1982,948.93,upi,checkout_abandoned,3,1531,0,2,2,1.0,0
PAY_07485,CUST_0180,2751.31,wallet,insufficient_funds,23,1725,0,13,7,0.538,0
PAY_07486,CUST_2336,4304.08,card,checkout_abandoned,8,1743,1,1,1,1.0,0
PAY_07487,CUST_0528,1916.89,upi,insufficient_funds,12,947,2,12,6,0.5,0
PAY_07488,CUST_1148,932.19,card,card_declined,10,993,0,14,13,0.929,1
PAY_07489,CUST_1851,2075.06,upi,card_declined,17,1458,2,11,8,0.727,0
PAY_07490,CUST_2396,2800.36,upi,card_declined,19,1274,2,8,6,0.75,0
PAY_07491,CUST_0086,926.6,upi,checkout_abandoned,1,805,2,2,2,1.0,1
PAY_07492,CUST_1731,803.86,upi,checkout_abandoned,18,714,1,4,2,0.5,0
PAY_07493,CUST_1380,2732.14,netbanking,checkout_abandoned,15,2090,2,8,2,0.25,1
PAY_07494,CUST_1156,3477.94,card,card_declined,22,1911,1,1,0,0.0,0
PAY_07495,CUST_1076,10050.2,upi,checkout_abandoned,1,656,0,10,9,0.9,1
PAY_07496,CUST_0269,3065.98,card,checkout_abandoned,1,176,2,13,8,0.615,0
PAY_07497,CUST_0279,684.22,wallet,insufficient_funds,5,2060,1,11,5,0.455,0
PAY_07498,CUST_1264,9203.77,netbanking,network_timeout,10,211,0,14,6,0.429,1
PAY_07499,CUST_1916,4186.13,card,checkout_abandoned,16,506,1,7,5,0.714,1
PAY_07500,CUST_0980,361.88,card,card_declined,19,82,1,3,2,0.667,1
PAY_07501,CUST_1793,789.43,upi,network_timeout,16,1673,2,0,0,0.75,0
PAY_07502,CUST_0322,1214.75,wallet,checkout_abandoned,11,221,2,6,6,1.0,1
PAY_07503,CUST_1520,3519.31,card,card_declined,3,687,0,1,1,1.0,0
PAY_07504,CUST_2209,268.27,upi,insufficient_funds,5,1358,1,9,8,0.889,0
PAY_07505,CUST_0023,1636.4,card,network_timeout,9,116,2,12,10,0.833,1
PAY_07506,CUST_0300,3362.3,upi,checkout_abandoned,19,2156,1,1,1,1.0,1
PAY_07507,CUST_1746,186.47,upi,checkout_abandoned,21,1685,2,7,7,1.0,0
PAY_07508,CUST_2341,3271.32,card,checkout_abandoned,1,1299,2,8,5,0.625,1
PAY_07509,CUST_1611,3601.47,netbanking,network_timeout,22,1211,1,4,4,1.0,1
PAY_07510,CUST_0062,914.36,card,network_timeout,8,551,2,3,1,0.333,0
PAY_07511,CUST_0371,715.45,netbanking,network_timeout,14,1272,0,10,2,0.2,0
PAY_07512,CUST_0474,902.99,card,network_timeout,16,1767,0,3,3,1.0,1
PAY_07513,CUST_0252,212.27,upi,card_declined,9,1083,2,0,0,0.75,0
PAY_07514,CUST_1784,1386.57,card,checkout_abandoned,3,766,0,9,6,0.667,1
PAY_07515,CUST_0671,2145.7,upi,checkout_abandoned,4,633,2,1,0,0.0,0
PAY_07516,CUST_2386,678.63,card,network_timeout,20,1283,2,4,2,0.5,0
PAY_07517,CUST_0424,3917.39,upi,checkout_abandoned,15,1930,2,1,1,1.0,0
PAY_07518,CUST_0151,1953.93,card,checkout_abandoned,9,951,0,8,6,0.75,0
PAY_07519,CUST_2055,2216.22,card,insufficient_funds,23,1436,0,3,2,0.667,1
PAY_07520,CUST_0630,1304.98,netbanking,card_declined,9,1104,1,3,3,1.0,1
PAY_07521,CUST_1904,3261.61,upi,card_declined,17,1055,0,5,3,0.6,0
PAY_07522,CUST_1493,5054.28,upi,insufficient_funds,22,229,2,7,4,0.571,0
PAY_07523,CUST_1872,1299.23,upi,network_timeout,8,732,2,10,8,0.8,1
PAY_07524,CUST_2357,3308.89,card,card_declined,3,2009,2,13,8,0.615,0
PAY_07525,CUST_0304,3338.12,netbanking,card_declined,10,1907,0,9,9,1.0,0
PAY_07526,CUST_1066,2514.52,card,card_declined,10,660,0,7,4,0.571,1
PAY_07527,CUST_0285,6885.58,wallet,checkout_abandoned,13,1273,2,8,2,0.25,0
PAY_07528,CUST_1452,1006.62,netbanking,checkout_abandoned,12,1298,2,7,5,0.714,1
PAY_07529,CUST_2283,1284.73,card,insufficient_funds,14,1905,2,0,0,0.75,0
PAY_07530,CUST_0888,966.78,card,card_declined,2,16,1,7,7,1.0,0
PAY_07531,CUST_1269,3214.92,upi,card_declined,20,659,0,11,7,0.636,1
PAY_07532,CUST_0315,1447.44,netbanking,card_declined,7,994,2,12,3,0.25,0
PAY_07533,CUST_0301,1031.68,card,insufficient_funds,18,1121,0,1,1,1.0,0
PAY_07534,CUST_0056,6809.41,card,card_declined,12,1656,1,10,10,1.0,0
PAY_07535,CUST_0929,7655.25,card,insufficient_funds,7,737,1,1,1,1.0,0
PAY_07536,CUST_1681,1383.8,netbanking,checkout_abandoned,22,1323,1,0,0,0.75,0
PAY_07537,CUST_0005,602.82,upi,network_timeout,6,1830,1,0,0,0.75,0
PAY_07538,CUST_2194,7993.28,card,checkout_abandoned,11,688,0,1,1,1.0,1
PAY_07539,CUST_1550,2623.14,upi,card_declined,7,1081,1,1,1,1.0,0
PAY_07540,CUST_0411,2520.27,netbanking,insufficient_funds,13,1405,0,8,5,0.625,0
PAY_07541,CUST_1217,1957.73,wallet,checkout_abandoned,2,1734,0,13,4,0.308,0
PAY_07542,CUST_1455,948.89,card,insufficient_funds,16,1718,1,11,6,0.545,0
PAY_07543,CUST_2239,1293.25,card,network_timeout,0,878,0,10,3,0.3,0
PAY_07544,CUST_1854,3095.54,card,checkout_abandoned,3,342,2,1,1,1.0,1
PAY_07545,CUST_2110,1258.27,upi,network_timeout,23,259,1,14,13,0.929,0
PAY_07546,CUST_0747,2545.11,card,insufficient_funds,3,143,1,7,6,0.857,0
PAY_07547,CUST_0124,1819.35,card,network_timeout,7,1041,1,0,0,0.75,1
PAY_07548,CUST_0959,772.81,netbanking,card_declined,11,997,2,9,8,0.889,0
PAY_07549,CUST_2212,6584.32,upi,card_declined,11,538,0,10,4,0.4,0
PAY_07550,CUST_2311,2895.08,card,card_declined,14,945,0,6,4,0.667,0
PAY_07551,CUST_1166,2345.05,card,checkout_abandoned,2,1494,2,10,10,1.0,0
PAY_07552,CUST_0840,2806.12,card,checkout_abandoned,7,101,0,10,7,0.7,1
PAY_07553,CUST_1498,428.9,card,insufficient_funds,10,544,2,8,8,1.0,0
PAY_07554,CUST_0672,1213.18,card,card_declined,1,1468,1,5,2,0.4,0
PAY_07555,CUST_0332,530.44,card,checkout_abandoned,0,522,2,14,11,0.786,1
PAY_07556,CUST_0221,1988.81,card,checkout_abandoned,18,1256,1,9,3,0.333,0
PAY_07557,CUST_2431,2336.18,netbanking,insufficient_funds,21,1680,0,6,3,0.5,0
PAY_07558,CUST_1514,2015.48,netbanking,insufficient_funds,16,676,1,11,6,0.545,1
PAY_07559,CUST_1919,4621.22,card,checkout_abandoned,23,219,0,3,3,1.0,1
PAY_07560,CUST_1171,543.3,upi,checkout_abandoned,21,599,1,14,6,0.429,0
PAY_07561,CUST_0767,949.7,card,checkout_abandoned,22,1386,1,11,8,0.727,0
PAY_07562,CUST_2399,2507.45,netbanking,insufficient_funds,19,624,0,9,6,0.667,0
PAY_07563,CUST_2432,2223.17,netbanking,card_declined,4,1971,0,3,0,0.0,0
PAY_07564,CUST_1482,628.41,upi,insufficient_funds,17,246,2,5,3,0.6,0
PAY_07565,CUST_2302,4688.02,upi,insufficient_funds,19,987,0,14,9,0.643,0
PAY_07566,CUST_0592,6186.47,card,checkout_abandoned,12,2005,2,10,8,0.8,0
PAY_07567,CUST_0289,2530.09,card,card_declined,8,1592,1,1,1,1.0,0
PAY_07568,CUST_0146,538.23,upi,network_timeout,22,130,2,12,7,0.583,1
PAY_07569,CUST_0879,2045.35,card,checkout_abandoned,15,608,1,1,0,0.0,0
PAY_07570,CUST_2249,2363.3,upi,checkout_abandoned,16,94,2,6,4,0.667,1
PAY_07571,CUST_0220,1448.19,upi,checkout_abandoned,22,2069,0,6,4,0.667,1
PAY_07572,CUST_1867,5288.75,card,checkout_abandoned,2,1690,1,5,1,0.2,0
PAY_07573,CUST_0488,1640.56,upi,card_declined,13,539,0,7,3,0.429,0
PAY_07574,CUST_1495,9693.16,netbanking,insufficient_funds,18,992,2,2,2,1.0,0
PAY_07575,CUST_2106,3367.87,upi,card_declined,9,967,1,9,4,0.444,0
PAY_07576,CUST_1130,2244.88,upi,checkout_abandoned,5,1752,2,10,3,0.3,0
PAY_07577,CUST_1421,3758.91,netbanking,checkout_abandoned,12,233,2,12,8,0.667,0
PAY_07578,CUST_0104,6125.71,card,card_declined,19,1101,0,6,3,0.5,0
PAY_07579,CUST_2354,3695.18,upi,card_declined,14,1575,0,7,4,0.571,1
PAY_07580,CUST_1444,1694.04,card,insufficient_funds,23,1941,1,1,1,1.0,0
PAY_07581,CUST_1355,1061.68,card,insufficient_funds,13,756,1,5,1,0.2,0
PAY_07582,CUST_0314,733.52,wallet,checkout_abandoned,3,754,2,8,6,0.75,0
PAY_07583,CUST_0296,255.43,card,card_declined,3,1394,1,6,3,0.5,0
PAY_07584,CUST_1895,2069.22,card,checkout_abandoned,1,1264,2,14,8,0.571,1
PAY_07585,CUST_2433,1320.03,card,network_timeout,17,1964,2,4,3,0.75,0
PAY_07586,CUST_2231,1377.79,wallet,insufficient_funds,18,475,2,0,0,0.75,1
PAY_07587,CUST_1074,4099.53,netbanking,card_declined,0,838,2,13,8,0.615,1
PAY_07588,CUST_2312,1645.64,card,checkout_abandoned,19,969,0,7,2,0.286,0
PAY_07589,CUST_1743,8197.83,upi,network_timeout,16,1122,2,1,1,1.0,1
PAY_07590,CUST_0143,1138.04,card,insufficient_funds,16,287,2,14,12,0.857,0
PAY_07591,CUST_1382,827.81,upi,insufficient_funds,10,337,2,3,2,0.667,0
PAY_07592,CUST_1080,658.15,upi,checkout_abandoned,11,1076,0,14,13,0.929,1
PAY_07593,CUST_1747,3209.09,card,checkout_abandoned,0,185,2,5,3,0.6,0
PAY_07594,CUST_1509,4522.1,upi,checkout_abandoned,20,993,0,5,2,0.4,0
PAY_07595,CUST_0969,1118.82,wallet,network_timeout,17,350,2,3,3,1.0,1
PAY_07596,CUST_1129,768.43,card,checkout_abandoned,15,58,1,2,2,1.0,1
PAY_07597,CUST_0281,6122.73,card,insufficient_funds,22,899,2,12,11,0.917,0
PAY_07598,CUST_1651,564.09,wallet,checkout_abandoned,20,196,1,6,1,0.167,0
PAY_07599,CUST_1309,4038.86,card,insufficient_funds,4,1387,0,8,5,0.625,1
PAY_07600,CUST_1272,1139.97,upi,network_timeout,8,1217,1,4,3,0.75,1
PAY_07601,CUST_2270,2473.08,upi,checkout_abandoned,6,322,1,6,3,0.5,1
PAY_07602,CUST_0271,4260.23,card,checkout_abandoned,8,1548,1,7,2,0.286,0
PAY_07603,CUST_0747,2634.76,card,network_timeout,2,635,1,4,1,0.25,1
PAY_07604,CUST_0384,1421.31,card,network_timeout,14,1429,2,8,7,0.875,0
PAY_07605,CUST_1142,5499.54,card,checkout_abandoned,3,2041,1,6,6,1.0,0
PAY_07606,CUST_1603,2268.38,upi,checkout_abandoned,16,1555,0,11,4,0.364,0
PAY_07607,CUST_1018,34253.69,netbanking,checkout_abandoned,22,657,0,11,10,0.909,0
PAY_07608,CUST_2002,460.09,card,card_declined,3,1033,0,9,6,0.667,0
PAY_07609,CUST_0146,454.68,upi,insufficient_funds,6,650,0,1,0,0.0,1
PAY_07610,CUST_0041,3987.62,card,checkout_abandoned,3,735,2,13,12,0.923,0
PAY_07611,CUST_2494,1754.85,card,checkout_abandoned,19,1903,2,10,7,0.7,0
PAY_07612,CUST_0855,3393.54,upi,checkout_abandoned,19,1484,2,11,10,0.909,0
PAY_07613,CUST_2419,747.58,card,checkout_abandoned,15,1176,1,9,3,0.333,0
PAY_07614,CUST_0556,1879.66,upi,insufficient_funds,13,585,2,7,6,0.857,1
PAY_07615,CUST_1273,2595.14,card,insufficient_funds,12,1127,1,8,5,0.625,1
PAY_07616,CUST_2365,1165.11,upi,checkout_abandoned,5,1359,0,1,1,1.0,0
PAY_07617,CUST_0200,2166.8,wallet,insufficient_funds,14,1530,1,13,8,0.615,0
PAY_07618,CUST_0827,605.66,card,checkout_abandoned,8,197,1,12,7,0.583,0
PAY_07619,CUST_1531,2468.58,wallet,checkout_abandoned,9,1871,1,13,10,0.769,0
PAY_07620,CUST_1125,5721.01,card,checkout_abandoned,19,1162,2,10,6,0.6,0
PAY_07621,CUST_0956,668.8,card,insufficient_funds,21,764,2,3,1,0.333,0
PAY_07622,CUST_1829,637.26,card,checkout_abandoned,5,1553,0,5,1,0.2,0
PAY_07623,CUST_0762,4663.3,netbanking,card_declined,15,1186,0,13,7,0.538,0
PAY_07624,CUST_0293,628.31,upi,card_declined,14,684,1,3,1,0.333,0
PAY_07625,CUST_1277,3526.36,wallet,insufficient_funds,22,1971,0,9,9,1.0,0
PAY_07626,CUST_0714,1881.49,upi,card_declined,12,1983,1,9,4,0.444,0
PAY_07627,CUST_0195,1288.56,card,checkout_abandoned,9,1965,2,2,2,1.0,0
PAY_07628,CUST_2249,5818.29,netbanking,checkout_abandoned,22,158,1,1,0,0.0,0
PAY_07629,CUST_0232,3782.2,wallet,card_declined,22,1982,2,0,0,0.75,0
PAY_07630,CUST_1614,2251.42,netbanking,checkout_abandoned,18,574,0,11,8,0.727,1
PAY_07631,CUST_1162,321.63,upi,network_timeout,22,751,2,4,4,1.0,1
PAY_07632,CUST_1231,3182.25,netbanking,checkout_abandoned,17,1461,0,3,3,1.0,1
PAY_07633,CUST_1720,764.22,card,checkout_abandoned,7,1030,0,13,10,0.769,1
PAY_07634,CUST_1607,1507.84,wallet,network_timeout,18,1784,0,8,8,1.0,0
PAY_07635,CUST_0602,1810.59,wallet,card_declined,23,1434,2,0,0,0.75,0
PAY_07636,CUST_1591,8212.1,upi,card_declined,22,245,1,4,1,0.25,1
PAY_07637,CUST_0561,1469.9,card,network_timeout,18,305,2,7,2,0.286,0
PAY_07638,CUST_0615,576.7,card,checkout_abandoned,6,214,0,7,4,0.571,0
PAY_07639,CUST_2315,5832.83,wallet,network_timeout,18,712,1,11,5,0.455,0
PAY_07640,CUST_2373,3216.75,netbanking,insufficient_funds,0,1005,1,12,12,1.0,0
PAY_07641,CUST_0629,3314.04,upi,card_declined,15,1905,0,0,0,0.75,0
PAY_07642,CUST_0849,5921.09,wallet,checkout_abandoned,6,746,1,4,4,1.0,0
PAY_07643,CUST_1217,7144.58,upi,insufficient_funds,3,210,1,9,4,0.444,0
PAY_07644,CUST_1038,881.97,netbanking,checkout_abandoned,21,1187,0,0,0,0.75,0
PAY_07645,CUST_0749,591.55,card,checkout_abandoned,17,901,1,8,5,0.625,0
PAY_07646,CUST_0279,3531.64,card,insufficient_funds,16,1820,0,1,1,1.0,1
PAY_07647,CUST_2109,1459.09,upi,card_declined,14,76,2,8,7,0.875,1
PAY_07648,CUST_1312,1568.88,card,insufficient_funds,3,624,0,1,0,0.0,0
PAY_07649,CUST_0626,733.78,card,insufficient_funds,12,1504,0,11,7,0.636,0
PAY_07650,CUST_1512,2871.7,netbanking,checkout_abandoned,8,23,2,6,5,0.833,1
PAY_07651,CUST_0233,2483.06,card,checkout_abandoned,23,1216,0,14,7,0.5,1
PAY_07652,CUST_1258,1589.45,upi,card_declined,14,1449,0,1,1,1.0,0
PAY_07653,CUST_1839,592.81,card,network_timeout,20,72,1,13,11,0.846,0
PAY_07654,CUST_1896,4735.59,netbanking,card_declined,3,1215,1,6,2,0.333,0
PAY_07655,CUST_1634,2208.58,card,card_declined,7,2010,1,7,7,1.0,0
PAY_07656,CUST_0843,4402.01,upi,checkout_abandoned,14,1114,1,10,1,0.1,0
PAY_07657,CUST_2442,334.67,upi,checkout_abandoned,23,373,0,9,7,0.778,1
PAY_07658,CUST_1491,1883.71,card,checkout_abandoned,1,1694,0,13,10,0.769,0
PAY_07659,CUST_1774,1014.37,card,card_declined,2,129,0,12,8,0.667,1
PAY_07660,CUST_0541,1852.81,card,network_timeout,17,1836,2,3,3,1.0,0
PAY_07661,CUST_0363,3828.05,card,insufficient_funds,2,2059,0,4,3,0.75,0
PAY_07662,CUST_2354,2419.94,card,checkout_abandoned,7,312,1,13,3,0.231,0
PAY_07663,CUST_2115,1826.29,card,checkout_abandoned,15,593,0,12,10,0.833,0
PAY_07664,CUST_1861,1818.5,upi,checkout_abandoned,10,1797,1,14,10,0.714,0
PAY_07665,CUST_0529,516.84,card,card_declined,18,1602,0,13,12,0.923,0
PAY_07666,CUST_0620,871.56,card,network_timeout,0,1168,0,9,7,0.778,0
PAY_07667,CUST_1216,4414.16,card,checkout_abandoned,15,1455,0,14,6,0.429,0
PAY_07668,CUST_0228,1201.24,upi,insufficient_funds,15,1881,0,11,9,0.818,0
PAY_07669,CUST_1175,4482.24,upi,network_timeout,6,1544,0,13,6,0.462,0
PAY_07670,CUST_0419,3486.45,upi,network_timeout,16,1226,0,7,5,0.714,1
PAY_07671,CUST_1798,3636.97,upi,checkout_abandoned,10,837,2,14,6,0.429,0
PAY_07672,CUST_0375,2349.3,upi,card_declined,20,1931,1,1,0,0.0,0
PAY_07673,CUST_0093,1269.95,card,checkout_abandoned,18,1236,0,13,13,1.0,1
PAY_07674,CUST_1769,1594.99,card,insufficient_funds,17,1798,2,14,13,0.929,0
PAY_07675,CUST_1523,3004.45,upi,network_timeout,12,1849,1,11,5,0.455,1
PAY_07676,CUST_0024,328.67,card,network_timeout,16,704,1,14,7,0.5,0
PAY_07677,CUST_1651,4868.61,netbanking,insufficient_funds,3,1606,1,6,2,0.333,0
PAY_07678,CUST_0656,1206.46,upi,checkout_abandoned,10,1389,0,4,3,0.75,1
PAY_07679,CUST_2490,1679.94,upi,checkout_abandoned,8,494,1,2,0,0.0,0
PAY_07680,CUST_1005,1691.57,upi,checkout_abandoned,1,1227,0,2,1,0.5,0
PAY_07681,CUST_0443,1743.55,wallet,checkout_abandoned,19,2061,2,12,9,0.75,0
PAY_07682,CUST_0071,629.31,card,checkout_abandoned,15,1156,1,0,0,0.75,0
PAY_07683,CUST_0286,2032.3,card,network_timeout,7,1487,2,3,3,1.0,0
PAY_07684,CUST_0630,2895.85,netbanking,checkout_abandoned,0,238,0,7,5,0.714,0
PAY_07685,CUST_0946,350.72,upi,card_declined,23,841,0,5,5,1.0,1
PAY_07686,CUST_1955,635.82,card,checkout_abandoned,15,52,1,13,6,0.462,1
PAY_07687,CUST_1099,3685.77,card,network_timeout,19,791,0,0,0,0.75,1
PAY_07688,CUST_2131,3176.01,card,checkout_abandoned,1,740,2,0,0,0.75,0
PAY_07689,CUST_0887,2285.95,netbanking,insufficient_funds,21,410,0,4,4,1.0,1
PAY_07690,CUST_1164,1042.97,card,insufficient_funds,1,1075,1,9,8,0.889,1
PAY_07691,CUST_2278,3190.82,card,card_declined,21,1090,1,5,5,1.0,0
PAY_07692,CUST_1785,687.61,card,insufficient_funds,13,1193,0,12,2,0.167,0
PAY_07693,CUST_2439,1612.71,wallet,insufficient_funds,20,859,0,1,1,1.0,1
PAY_07694,CUST_2111,632.92,upi,card_declined,22,1119,0,5,2,0.4,0
PAY_07695,CUST_0170,1581.2,upi,card_declined,21,1251,0,9,6,0.667,0
PAY_07696,CUST_0204,789.37,wallet,network_timeout,17,315,1,9,3,0.333,1
PAY_07697,CUST_0093,3295.1,card,insufficient_funds,2,1040,0,7,7,1.0,0
PAY_07698,CUST_2025,2545.51,netbanking,checkout_abandoned,16,1765,0,6,6,1.0,1
PAY_07699,CUST_1827,1140.34,upi,card_declined,12,1523,0,1,1,1.0,0
PAY_07700,CUST_2096,4306.07,upi,network_timeout,19,1555,2,0,0,0.75,0
PAY_07701,CUST_1968,837.56,netbanking,card_declined,23,636,0,0,0,0.75,0
PAY_07702,CUST_1789,1749.9,wallet,network_timeout,11,1864,1,7,3,0.429,0
PAY_07703,CUST_0211,1100.68,card,network_timeout,6,1054,1,13,13,1.0,1
PAY_07704,CUST_1023,3259.86,card,network_timeout,17,1907,1,1,1,1.0,0
PAY_07705,CUST_2420,3011.81,netbanking,insufficient_funds,5,340,2,0,0,0.75,0
PAY_07706,CUST_1289,5100.57,card,network_timeout,11,1797,2,10,8,0.8,0
PAY_07707,CUST_0109,1923.55,upi,card_declined,16,640,1,7,4,0.571,1
PAY_07708,CUST_0386,168.66,card,network_timeout,22,1435,0,4,0,0.0,1
PAY_07709,CUST_0984,1275.19,netbanking,insufficient_funds,17,38,2,0,0,0.75,1
PAY_07710,CUST_1878,6296.5,upi,checkout_abandoned,17,951,0,12,7,0.583,1
PAY_07711,CUST_2005,1387.9,wallet,insufficient_funds,12,1684,1,9,9,1.0,1
PAY_07712,CUST_1797,388.2,upi,checkout_abandoned,7,1372,1,8,4,0.5,0
PAY_07713,CUST_1615,2578.61,wallet,insufficient_funds,20,670,2,3,1,0.333,0
PAY_07714,CUST_1558,2737.47,upi,card_declined,8,535,0,14,14,1.0,1
PAY_07715,CUST_1412,1006.05,upi,insufficient_funds,5,498,0,0,0,0.75,0
PAY_07716,CUST_2081,1477.55,upi,card_declined,15,1991,0,11,3,0.273,0
PAY_07717,CUST_1776,913.89,upi,network_timeout,21,652,0,10,9,0.9,0
PAY_07718,CUST_0207,2734.21,upi,checkout_abandoned,11,1366,2,10,9,0.9,1
PAY_07719,CUST_2358,1883.38,card,checkout_abandoned,8,25,0,9,9,1.0,1
PAY_07720,CUST_1318,708.34,card,insufficient_funds,3,1293,2,4,1,0.25,0
PAY_07721,CUST_0426,1786.31,upi,card_declined,19,1402,2,6,6,1.0,0
PAY_07722,CUST_0794,1001.37,card,checkout_abandoned,15,1254,0,6,6,1.0,1
PAY_07723,CUST_2039,5792.91,upi,card_declined,4,1800,1,12,9,0.75,0
PAY_07724,CUST_1489,3679.38,card,insufficient_funds,14,1476,2,11,7,0.636,0
PAY_07725,CUST_2186,1632.26,card,checkout_abandoned,8,455,2,7,5,0.714,1
PAY_07726,CUST_0027,1920.6,upi,insufficient_funds,0,1481,0,10,8,0.8,0
PAY_07727,CUST_1323,4050.37,card,card_declined,15,512,2,14,13,0.929,1
PAY_07728,CUST_0714,1566.59,wallet,insufficient_funds,9,96,2,10,2,0.2,0
PAY_07729,CUST_1859,3301.91,wallet,network_timeout,5,2008,0,5,5,1.0,1
PAY_07730,CUST_0217,5869.07,upi,card_declined,17,916,1,0,0,0.75,0
PAY_07731,CUST_0211,1215.41,card,checkout_abandoned,5,933,0,13,5,0.385,1
PAY_07732,CUST_1093,6717.41,card,insufficient_funds,4,2106,1,0,0,0.75,1
PAY_07733,CUST_2243,5322.17,netbanking,insufficient_funds,4,1312,2,7,3,0.429,0
PAY_07734,CUST_2308,2195.99,card,card_declined,20,1638,2,1,0,0.0,0
PAY_07735,CUST_0912,1261.95,wallet,checkout_abandoned,10,1894,2,13,9,0.692,0
PAY_07736,CUST_0115,2174.23,wallet,insufficient_funds,13,414,0,0,0,0.75,0
PAY_07737,CUST_0516,1480.21,card,checkout_abandoned,19,329,2,10,6,0.6,0
PAY_07738,CUST_2301,954.63,upi,insufficient_funds,9,924,2,11,11,1.0,0
PAY_07739,CUST_1515,2755.52,upi,card_declined,6,159,1,10,8,0.8,0
PAY_07740,CUST_1748,793.71,upi,insufficient_funds,23,997,0,8,3,0.375,1
PAY_07741,CUST_0446,1372.92,card,network_timeout,14,1175,0,8,5,0.625,1
PAY_07742,CUST_2208,1387.45,upi,network_timeout,15,2113,2,7,7,1.0,0
PAY_07743,CUST_1646,603.86,card,checkout_abandoned,7,366,0,11,10,0.909,1
PAY_07744,CUST_1982,3048.24,netbanking,checkout_abandoned,22,2055,0,1,1,1.0,1
PAY_07745,CUST_0918,1499.48,upi,checkout_abandoned,7,523,0,13,12,0.923,1
PAY_07746,CUST_1068,5087.88,upi,network_timeout,23,167,0,11,9,0.818,1
PAY_07747,CUST_0038,1480.03,wallet,network_timeout,14,1828,2,14,8,0.571,0
PAY_07748,CUST_1117,1300.19,upi,network_timeout,11,573,0,1,0,0.0,0
PAY_07749,CUST_1893,872.91,upi,insufficient_funds,17,640,2,3,1,0.333,0
PAY_07750,CUST_0042,1857.09,card,checkout_abandoned,8,158,1,3,2,0.667,0
PAY_07751,CUST_2207,1865.5,upi,checkout_abandoned,19,1157,1,6,6,1.0,1
PAY_07752,CUST_1257,3258.28,card,insufficient_funds,20,420,1,12,5,0.417,0
PAY_07753,CUST_1906,1899.14,wallet,checkout_abandoned,2,1313,2,11,1,0.091,0
PAY_07754,CUST_1259,9611.12,card,checkout_abandoned,0,970,1,10,3,0.3,0
PAY_07755,CUST_1733,2592.86,card,insufficient_funds,1,586,0,5,4,0.8,0
PAY_07756,CUST_1898,817.35,netbanking,checkout_abandoned,11,1297,2,1,1,1.0,0
PAY_07757,CUST_1492,763.84,card,card_declined,15,334,0,10,10,1.0,1
PAY_07758,CUST_1424,2761.09,netbanking,card_declined,15,1754,1,1,0,0.0,0
PAY_07759,CUST_0655,797.02,card,insufficient_funds,6,1495,2,3,1,0.333,0
PAY_07760,CUST_0712,2896.96,card,network_timeout,19,188,1,6,5,0.833,0
PAY_07761,CUST_1933,3685.1,upi,insufficient_funds,2,2148,1,11,10,0.909,1
PAY_07762,CUST_0568,3756.85,upi,checkout_abandoned,16,607,0,9,8,0.889,1
PAY_07763,CUST_1516,898.02,wallet,insufficient_funds,11,2084,2,1,0,0.0,0
PAY_07764,CUST_1933,3762.05,card,insufficient_funds,0,1317,1,3,3,1.0,0
PAY_07765,CUST_1466,2329.98,card,network_timeout,20,1988,2,12,7,0.583,0
PAY_07766,CUST_1267,1106.82,card,card_declined,16,993,2,8,7,0.875,0
PAY_07767,CUST_0784,1584.5,card,checkout_abandoned,13,1663,1,9,8,0.889,1
PAY_07768,CUST_0251,2624.29,upi,insufficient_funds,15,666,1,5,5,1.0,1
PAY_07769,CUST_0381,1050.75,card,checkout_abandoned,7,1501,1,12,12,1.0,1
PAY_07770,CUST_1998,2291.65,upi,checkout_abandoned,0,384,1,8,5,0.625,1
PAY_07771,CUST_0337,5721.71,wallet,card_declined,9,317,0,1,0,0.0,0
PAY_07772,CUST_0990,3892.42,card,card_declined,7,1530,1,10,3,0.3,0
PAY_07773,CUST_2274,1922.02,upi,card_declined,16,71,1,4,4,1.0,1
PAY_07774,CUST_0696,2170.81,card,checkout_abandoned,11,507,0,12,3,0.25,0
PAY_07775,CUST_0879,1170.39,netbanking,checkout_abandoned,23,1056,0,9,5,0.556,1
PAY_07776,CUST_0285,1197.06,card,insufficient_funds,15,1478,1,2,2,1.0,0
PAY_07777,CUST_1203,526.25,upi,card_declined,16,1248,0,0,0,0.75,0
PAY_07778,CUST_0485,2200.48,card,checkout_abandoned,16,1980,0,1,0,0.0,0
PAY_07779,CUST_1572,3107.4,card,card_declined,7,1564,2,3,1,0.333,0
PAY_07780,CUST_0131,1700.82,card,checkout_abandoned,13,466,2,1,1,1.0,0
PAY_07781,CUST_0991,892.19,card,checkout_abandoned,21,1520,0,9,9,1.0,0
PAY_07782,CUST_1803,1897.79,netbanking,insufficient_funds,23,1559,0,2,1,0.5,0
PAY_07783,CUST_1173,5265.62,card,network_timeout,7,1838,1,6,3,0.5,1
PAY_07784,CUST_1542,3692.01,wallet,card_declined,16,1730,0,4,2,0.5,0
PAY_07785,CUST_0801,1758.05,upi,insufficient_funds,1,1356,2,9,5,0.556,0
PAY_07786,CUST_2408,9260.25,card,checkout_abandoned,3,1367,0,0,0,0.75,1
PAY_07787,CUST_1918,15592.04,card,checkout_abandoned,9,983,1,6,4,0.667,0
PAY_07788,CUST_0416,1225.9,card,checkout_abandoned,17,703,1,12,10,0.833,1
PAY_07789,CUST_2171,1478.58,netbanking,network_timeout,4,2068,1,3,3,1.0,1
PAY_07790,CUST_0767,3134.44,card,card_declined,5,518,2,12,10,0.833,0
PAY_07791,CUST_0843,867.11,netbanking,checkout_abandoned,17,1814,0,2,2,1.0,0
PAY_07792,CUST_1599,3550.52,card,network_timeout,4,1700,2,10,6,0.6,0
PAY_07793,CUST_1179,1952.21,card,card_declined,1,1331,2,4,1,0.25,0
PAY_07794,CUST_1389,2423.22,card,insufficient_funds,15,704,1,5,5,1.0,0
PAY_07795,CUST_1668,1135.91,upi,network_timeout,12,1537,1,7,4,0.571,1
PAY_07796,CUST_1362,958.51,upi,checkout_abandoned,12,1741,0,10,3,0.3,1
PAY_07797,CUST_0383,367.66,wallet,card_declined,13,1293,2,7,3,0.429,0
PAY_07798,CUST_0233,5903.89,card,checkout_abandoned,22,1816,2,8,6,0.75,0
PAY_07799,CUST_1444,3822.65,card,insufficient_funds,22,1103,1,4,4,1.0,0
PAY_07800,CUST_0052,3084.76,netbanking,insufficient_funds,13,1879,2,9,5,0.556,0
PAY_07801,CUST_2054,2378.45,upi,card_declined,15,872,1,1,0,0.0,0
PAY_07802,CUST_1805,284.91,netbanking,checkout_abandoned,12,1764,2,1,1,1.0,1
PAY_07803,CUST_1546,986.99,card,insufficient_funds,8,149,2,2,1,0.5,0
PAY_07804,CUST_1769,1466.56,upi,network_timeout,3,1944,1,13,5,0.385,1
PAY_07805,CUST_0993,757.83,card,card_declined,15,1442,1,9,9,1.0,0
PAY_07806,CUST_0072,464.39,wallet,checkout_abandoned,20,2008,1,5,5,1.0,0
PAY_07807,CUST_2082,823.57,card,checkout_abandoned,16,1992,0,9,8,0.889,1
PAY_07808,CUST_2078,1872.18,netbanking,insufficient_funds,7,1066,0,4,2,0.5,1
PAY_07809,CUST_1561,1872.56,card,checkout_abandoned,14,1421,0,10,10,1.0,1
PAY_07810,CUST_1917,3720.3,netbanking,card_declined,10,629,0,5,3,0.6,0
PAY_07811,CUST_0192,9377.66,netbanking,card_declined,23,2109,0,9,4,0.444,0
PAY_07812,CUST_0543,3115.52,netbanking,network_timeout,12,409,2,3,2,0.667,1
PAY_07813,CUST_0531,1564.16,upi,checkout_abandoned,11,410,1,0,0,0.75,1
PAY_07814,CUST_1416,7599.24,card,insufficient_funds,22,845,0,14,8,0.571,0
PAY_07815,CUST_1722,507.75,netbanking,network_timeout,4,938,2,9,7,0.778,0
PAY_07816,CUST_0658,341.2,upi,insufficient_funds,6,547,0,9,5,0.556,1
PAY_07817,CUST_1102,885.51,upi,network_timeout,4,2078,2,9,9,1.0,0
PAY_07818,CUST_2086,3447.11,card,checkout_abandoned,16,1819,0,13,8,0.615,0
PAY_07819,CUST_0926,2059.85,card,checkout_abandoned,16,438,0,0,0,0.75,1
PAY_07820,CUST_0436,729.88,card,network_timeout,16,1817,0,14,11,0.786,0
PAY_07821,CUST_2419,1006.13,upi,network_timeout,22,677,1,6,6,1.0,1
PAY_07822,CUST_2076,666.71,card,network_timeout,0,956,2,8,3,0.375,0
PAY_07823,CUST_2394,666.7,card,insufficient_funds,5,2121,1,14,8,0.571,0
PAY_07824,CUST_1646,6225.37,netbanking,insufficient_funds,9,1746,0,12,9,0.75,0
PAY_07825,CUST_1714,1604.86,upi,checkout_abandoned,5,759,0,5,2,0.4,1
PAY_07826,CUST_0464,7414.61,netbanking,card_declined,0,1384,1,13,13,1.0,1
PAY_07827,CUST_1702,883.18,card,checkout_abandoned,5,1733,1,1,1,1.0,0
PAY_07828,CUST_2164,2666.29,card,card_declined,3,1241,2,2,1,0.5,0
PAY_07829,CUST_1732,2158.58,upi,checkout_abandoned,22,534,0,3,2,0.667,1
PAY_07830,CUST_2074,3638.36,card,card_declined,1,1751,0,4,4,1.0,0
PAY_07831,CUST_0092,2206.54,upi,checkout_abandoned,5,762,2,10,9,0.9,0
PAY_07832,CUST_1589,3958.45,card,checkout_abandoned,6,1739,0,6,2,0.333,1
PAY_07833,CUST_0275,2804.27,upi,card_declined,17,1165,2,12,11,0.917,0
PAY_07834,CUST_1248,751.84,card,checkout_abandoned,16,1727,1,9,6,0.667,1
PAY_07835,CUST_0240,3234.77,upi,network_timeout,20,1779,1,9,8,0.889,1
PAY_07836,CUST_1573,1657.5,netbanking,insufficient_funds,3,1178,0,11,8,0.727,0
PAY_07837,CUST_1265,966.97,card,insufficient_funds,20,704,2,6,3,0.5,0
PAY_07838,CUST_1675,3136.07,upi,checkout_abandoned,9,693,0,5,5,1.0,0
PAY_07839,CUST_1607,3762.31,upi,checkout_abandoned,19,75,0,1,0,0.0,0
PAY_07840,CUST_0257,1222.54,upi,insufficient_funds,13,871,1,12,10,0.833,0
PAY_07841,CUST_2319,1359.8,card,checkout_abandoned,11,449,0,3,1,0.333,1
PAY_07842,CUST_1003,593.39,card,insufficient_funds,4,1471,0,9,6,0.667,0
PAY_07843,CUST_0052,424.86,netbanking,card_declined,0,1429,0,11,7,0.636,0
PAY_07844,CUST_2340,1482.81,upi,network_timeout,6,1966,1,5,5,1.0,1
PAY_07845,CUST_2140,3392.04,upi,card_declined,5,356,2,2,1,0.5,0
PAY_07846,CUST_1933,1137.89,card,insufficient_funds,13,1561,2,10,6,0.6,0
PAY_07847,CUST_1845,5640.78,wallet,network_timeout,17,501,2,4,2,0.5,0
PAY_07848,CUST_0193,1527.65,card,insufficient_funds,16,1708,0,12,11,0.917,0
PAY_07849,CUST_0821,1532.62,card,card_declined,19,1746,0,6,2,0.333,0
PAY_07850,CUST_2144,1428.34,upi,checkout_abandoned,11,631,0,5,5,1.0,0
PAY_07851,CUST_0235,3947.41,upi,network_timeout,5,2097,0,10,5,0.5,1
PAY_07852,CUST_0157,835.82,upi,checkout_abandoned,8,947,0,5,4,0.8,0
PAY_07853,CUST_0249,1623.56,card,network_timeout,8,1371,1,11,8,0.727,1
PAY_07854,CUST_1712,1161.71,card,network_timeout,20,1613,0,10,1,0.1,0
PAY_07855,CUST_1998,1148.59,upi,insufficient_funds,15,1308,0,13,9,0.692,0
PAY_07856,CUST_0843,1851.34,card,checkout_abandoned,19,1881,1,6,5,0.833,1
PAY_07857,CUST_2266,1643.99,upi,card_declined,6,146,2,1,1,1.0,0
PAY_07858,CUST_0679,4175.04,upi,card_declined,6,1106,1,2,1,0.5,0
PAY_07859,CUST_0832,1784.55,card,checkout_abandoned,20,1708,1,0,0,0.75,1
PAY_07860,CUST_1202,2806.09,upi,checkout_abandoned,17,40,0,12,12,1.0,1
PAY_07861,CUST_0995,2066.78,netbanking,network_timeout,1,1027,2,3,3,1.0,1
PAY_07862,CUST_0198,5533.35,netbanking,card_declined,14,1913,0,3,0,0.0,0
PAY_07863,CUST_1468,1413.23,card,card_declined,0,710,2,9,9,1.0,0
PAY_07864,CUST_2418,1416.42,upi,network_timeout,1,210,0,3,1,0.333,1
PAY_07865,CUST_0926,3266.82,wallet,checkout_abandoned,2,830,2,14,7,0.5,1
PAY_07866,CUST_2391,1397.92,upi,network_timeout,1,1144,2,13,11,0.846,1
PAY_07867,CUST_2086,2681.83,card,card_declined,11,195,1,6,5,0.833,1
PAY_07868,CUST_0426,11682.81,card,card_declined,0,1035,1,9,7,0.778,1
PAY_07869,CUST_2480,822.53,upi,network_timeout,13,1425,2,5,5,1.0,1
PAY_07870,CUST_2400,6129.56,netbanking,checkout_abandoned,3,2078,2,6,3,0.5,0
PAY_07871,CUST_1738,1214.12,wallet,card_declined,5,1442,0,7,5,0.714,0
PAY_07872,CUST_2394,5248.43,wallet,card_declined,2,270,1,5,2,0.4,0
PAY_07873,CUST_0828,3116.23,card,insufficient_funds,6,2018,2,6,2,0.333,0
PAY_07874,CUST_0306,2909.7,upi,card_declined,2,1434,1,2,0,0.0,0
PAY_07875,CUST_0361,1595.23,card,network_timeout,12,1817,2,9,4,0.444,1
PAY_07876,CUST_0034,1473.12,card,card_declined,9,672,1,1,1,1.0,0
PAY_07877,CUST_2144,1010.23,card,network_timeout,21,68,0,13,8,0.615,1
PAY_07878,CUST_1173,1809.06,wallet,checkout_abandoned,17,938,0,13,5,0.385,0
PAY_07879,CUST_1249,1553.73,card,checkout_abandoned,9,772,0,3,1,0.333,0
PAY_07880,CUST_0845,2097.2,upi,checkout_abandoned,10,900,2,0,0,0.75,0
PAY_07881,CUST_1315,582.32,card,insufficient_funds,0,2031,2,7,6,0.857,0
PAY_07882,CUST_1205,1832.91,card,card_declined,13,753,1,0,0,0.75,1
PAY_07883,CUST_1126,4942.69,upi,insufficient_funds,13,579,1,6,5,0.833,0
PAY_07884,CUST_1288,3830.62,card,checkout_abandoned,8,1901,1,11,7,0.636,0
PAY_07885,CUST_0639,1833.43,card,card_declined,7,1935,2,4,3,0.75,0
PAY_07886,CUST_1885,13981.31,upi,insufficient_funds,15,1558,1,13,13,1.0,1
PAY_07887,CUST_0028,1134.17,netbanking,insufficient_funds,15,269,1,0,0,0.75,0
PAY_07888,CUST_1580,1679.42,upi,card_declined,7,1941,1,10,6,0.6,0
PAY_07889,CUST_0325,564.04,netbanking,checkout_abandoned,18,89,0,7,1,0.143,1
PAY_07890,CUST_1277,1303.27,card,checkout_abandoned,7,1747,2,3,1,0.333,0
PAY_07891,CUST_1567,7523.55,card,network_timeout,10,1599,2,6,5,0.833,0
PAY_07892,CUST_1256,1343.67,card,checkout_abandoned,22,900,0,4,4,1.0,1
PAY_07893,CUST_2436,530.21,wallet,card_declined,16,425,0,9,7,0.778,1
PAY_07894,CUST_2349,3616.06,card,card_declined,10,134,1,14,11,0.786,1
PAY_07895,CUST_2384,2457.53,card,insufficient_funds,13,79,2,7,0,0.0,0
PAY_07896,CUST_0741,3498.39,wallet,checkout_abandoned,10,646,0,10,7,0.7,1
PAY_07897,CUST_2499,1419.27,wallet,network_timeout,4,1026,2,9,6,0.667,0
PAY_07898,CUST_0476,804.2,card,card_declined,1,747,0,12,7,0.583,1
PAY_07899,CUST_0906,1554.09,netbanking,checkout_abandoned,19,1309,0,8,2,0.25,0
PAY_07900,CUST_0785,2805.73,card,insufficient_funds,22,221,0,6,2,0.333,0
PAY_07901,CUST_0507,1698.81,upi,insufficient_funds,21,1520,1,1,0,0.0,0
PAY_07902,CUST_1969,2455.06,upi,network_timeout,8,333,1,11,4,0.364,0
PAY_07903,CUST_1861,1171.56,wallet,checkout_abandoned,9,956,1,13,12,0.923,0
PAY_07904,CUST_0745,2529.1,card,checkout_abandoned,16,50,1,14,14,1.0,1
PAY_07905,CUST_1727,1795.67,netbanking,checkout_abandoned,8,2006,2,10,10,1.0,1
PAY_07906,CUST_1628,1023.36,card,card_declined,16,947,2,5,3,0.6,0
PAY_07907,CUST_2368,2013.24,upi,network_timeout,11,806,2,10,10,1.0,1
PAY_07908,CUST_0949,1321.06,upi,checkout_abandoned,21,367,1,4,3,0.75,0
PAY_07909,CUST_0470,2949.15,netbanking,network_timeout,20,501,0,13,9,0.692,0
PAY_07910,CUST_0997,3619.41,wallet,insufficient_funds,21,587,2,0,0,0.75,0
PAY_07911,CUST_0120,2688.59,netbanking,checkout_abandoned,19,208,2,13,8,0.615,0
PAY_07912,CUST_1859,486.65,upi,card_declined,3,1038,2,11,5,0.455,0
PAY_07913,CUST_2470,831.91,card,insufficient_funds,18,317,2,13,5,0.385,0
PAY_07914,CUST_0467,1081.69,wallet,checkout_abandoned,2,355,0,3,3,1.0,1
PAY_07915,CUST_2183,951.93,upi,checkout_abandoned,17,195,1,7,4,0.571,0
PAY_07916,CUST_1544,1165.92,card,checkout_abandoned,21,142,2,3,2,0.667,1
PAY_07917,CUST_1635,3773.43,upi,checkout_abandoned,20,1791,2,10,8,0.8,1
PAY_07918,CUST_1426,3147.82,card,card_declined,6,1654,0,9,4,0.444,0
PAY_07919,CUST_0403,1282.36,upi,checkout_abandoned,17,1460,2,10,7,0.7,0
PAY_07920,CUST_2016,2889.9,card,insufficient_funds,20,1912,0,11,6,0.545,1
PAY_07921,CUST_0594,2341.66,card,checkout_abandoned,0,980,1,0,0,0.75,0
PAY_07922,CUST_2284,1753.3,wallet,insufficient_funds,9,729,2,6,6,1.0,1
PAY_07923,CUST_2108,4510.31,wallet,checkout_abandoned,4,929,0,3,2,0.667,1
PAY_07924,CUST_0358,1060.51,upi,network_timeout,8,999,0,14,10,0.714,1
PAY_07925,CUST_1093,1877.6,wallet,checkout_abandoned,21,230,2,7,4,0.571,0
PAY_07926,CUST_0644,776.54,card,card_declined,4,623,2,2,2,1.0,1
PAY_07927,CUST_2143,806.9,card,card_declined,16,1013,0,5,2,0.4,0
PAY_07928,CUST_0356,606.03,wallet,insufficient_funds,23,998,2,7,5,0.714,0
PAY_07929,CUST_0517,817.99,upi,card_declined,20,842,1,4,4,1.0,1
PAY_07930,CUST_2497,1923.73,netbanking,checkout_abandoned,1,193,2,9,6,0.667,0
PAY_07931,CUST_1778,1413.12,card,insufficient_funds,22,612,1,11,6,0.545,0
PAY_07932,CUST_1522,1450.47,card,network_timeout,12,993,1,9,4,0.444,1
PAY_07933,CUST_0232,1416.88,card,card_declined,23,469,0,8,8,1.0,1
PAY_07934,CUST_2347,7433.38,wallet,card_declined,17,997,1,9,8,0.889,0
PAY_07935,CUST_0425,724.73,card,network_timeout,18,693,1,4,4,1.0,1
PAY_07936,CUST_2409,665.32,upi,insufficient_funds,10,663,1,9,5,0.556,1
PAY_07937,CUST_1395,915.26,card,card_declined,3,2010,0,0,0,0.75,0
PAY_07938,CUST_2261,1699.39,upi,card_declined,7,1875,1,11,11,1.0,1
PAY_07939,CUST_1143,2717.2,card,card_declined,12,1512,0,5,4,0.8,1
PAY_07940,CUST_0667,2952.51,netbanking,network_timeout,3,908,2,12,6,0.5,1
PAY_07941,CUST_0276,3832.42,upi,card_declined,0,1731,1,3,0,0.0,0
PAY_07942,CUST_1267,1650.69,card,insufficient_funds,4,321,1,14,10,0.714,0
PAY_07943,CUST_1518,1310.92,card,checkout_abandoned,18,404,2,7,4,0.571,0
PAY_07944,CUST_0584,6649.59,card,network_timeout,22,1621,1,14,7,0.5,0
PAY_07945,CUST_0816,194.06,upi,network_timeout,19,1949,2,4,2,0.5,1
PAY_07946,CUST_1077,1892.68,netbanking,insufficient_funds,9,317,2,7,4,0.571,0
PAY_07947,CUST_0315,2539.06,card,checkout_abandoned,12,1065,2,10,3,0.3,0
PAY_07948,CUST_1065,8058.55,upi,insufficient_funds,0,185,1,10,9,0.9,0
PAY_07949,CUST_0853,476.8,card,insufficient_funds,12,2104,1,3,1,0.333,0
PAY_07950,CUST_2286,1286.18,netbanking,checkout_abandoned,9,797,2,6,5,0.833,1
PAY_07951,CUST_0717,607.56,wallet,checkout_abandoned,9,1762,1,3,1,0.333,0
PAY_07952,CUST_1738,427.06,netbanking,network_timeout,14,1722,0,9,4,0.444,1
PAY_07953,CUST_1933,1528.32,card,checkout_abandoned,10,352,1,6,6,1.0,1
PAY_07954,CUST_1855,3505.25,card,card_declined,14,2054,0,0,0,0.75,0
PAY_07955,CUST_1110,4723.56,wallet,checkout_abandoned,20,2079,2,4,3,0.75,0
PAY_07956,CUST_1850,1176.2,card,checkout_abandoned,2,1421,1,5,5,1.0,0
PAY_07957,CUST_1167,3067.94,upi,insufficient_funds,21,2072,0,8,6,0.75,1
PAY_07958,CUST_1367,1536.66,wallet,insufficient_funds,6,1933,1,13,13,1.0,0
PAY_07959,CUST_1322,2809.61,netbanking,card_declined,17,1214,0,14,5,0.357,0
PAY_07960,CUST_0864,4532.92,upi,checkout_abandoned,17,1228,2,10,8,0.8,0
PAY_07961,CUST_0841,1540.95,upi,card_declined,23,2148,1,13,7,0.538,0
PAY_07962,CUST_2097,4260.41,wallet,insufficient_funds,23,411,0,0,0,0.75,1
PAY_07963,CUST_0283,682.06,card,checkout_abandoned,4,1019,1,12,8,0.667,0
PAY_07964,CUST_0868,3043.46,wallet,checkout_abandoned,12,1221,0,7,4,0.571,0
PAY_07965,CUST_1168,4115.36,card,card_declined,21,207,1,5,3,0.6,0
PAY_07966,CUST_1303,3788.44,netbanking,checkout_abandoned,2,1590,2,5,1,0.2,0
PAY_07967,CUST_0422,697.52,wallet,network_timeout,15,1363,1,5,4,0.8,1
PAY_07968,CUST_0380,1526.74,upi,checkout_abandoned,20,162,1,12,11,0.917,0
PAY_07969,CUST_1615,2292.23,card,card_declined,11,1826,1,6,6,1.0,1
PAY_07970,CUST_1481,2565.69,card,card_declined,10,907,1,1,1,1.0,1
PAY_07971,CUST_0466,1974.84,netbanking,network_timeout,9,238,0,13,8,0.615,1
PAY_07972,CUST_1176,5647.06,upi,card_declined,17,182,0,9,9,1.0,1
PAY_07973,CUST_1716,638.44,card,network_timeout,3,595,2,5,3,0.6,1
PAY_07974,CUST_2197,1485.25,netbanking,card_declined,5,857,2,10,8,0.8,1
PAY_07975,CUST_0064,466.53,wallet,checkout_abandoned,2,867,0,5,5,1.0,0
PAY_07976,CUST_0758,2958.81,netbanking,checkout_abandoned,20,1215,2,8,6,0.75,0
PAY_07977,CUST_1881,2805.22,upi,checkout_abandoned,18,1416,0,0,0,0.75,0
PAY_07978,CUST_0761,26223.85,wallet,checkout_abandoned,6,1550,1,4,4,1.0,0
PAY_07979,CUST_0353,4091.35,netbanking,checkout_abandoned,14,956,2,5,4,0.8,0
PAY_07980,CUST_0311,2346.39,card,insufficient_funds,16,768,0,11,6,0.545,0
PAY_07981,CUST_1537,2207.15,wallet,insufficient_funds,4,1608,2,11,8,0.727,0
PAY_07982,CUST_1206,1397.24,upi,checkout_abandoned,9,265,2,11,2,0.182,0
PAY_07983,CUST_0645,1998.06,wallet,checkout_abandoned,8,1946,1,7,7,1.0,1
PAY_07984,CUST_1916,2245.18,netbanking,checkout_abandoned,8,1069,2,5,2,0.4,0
PAY_07985,CUST_0472,373.81,upi,checkout_abandoned,15,1352,0,7,4,0.571,0
PAY_07986,CUST_1618,2107.11,card,card_declined,4,280,1,4,3,0.75,1
PAY_07987,CUST_2263,1951.49,card,checkout_abandoned,5,191,0,7,4,0.571,0
PAY_07988,CUST_0223,7322.83,card,checkout_abandoned,20,209,1,9,5,0.556,1
PAY_07989,CUST_1171,1620.04,upi,checkout_abandoned,4,855,0,14,5,0.357,0
PAY_07990,CUST_0751,975.65,netbanking,checkout_abandoned,10,1582,1,5,4,0.8,0
PAY_07991,CUST_1969,2231.36,card,network_timeout,17,2069,2,1,1,1.0,0
PAY_07992,CUST_0813,1910.31,card,checkout_abandoned,9,1315,0,5,3,0.6,1
PAY_07993,CUST_1920,1621.43,upi,card_declined,11,927,2,12,6,0.5,0
PAY_07994,CUST_1502,647.0,card,checkout_abandoned,2,1146,2,6,5,0.833,0
PAY_07995,CUST_1995,1588.79,card,card_declined,10,365,0,6,5,0.833,1
PAY_07996,CUST_1972,1132.51,card,insufficient_funds,3,363,2,6,4,0.667,0
PAY_07997,CUST_1763,1513.77,upi,card_declined,3,1852,0,3,0,0.0,0
PAY_07998,CUST_2484,3233.32,upi,network_timeout,8,1988,1,12,6,0.5,0
PAY_07999,CUST_2064,1049.35,netbanking,card_declined,15,1809,1,10,9,0.9,0
PAY_08000,CUST_0638,1508.02,card,checkout_abandoned,1,1858,2,14,8,0.571,1
PAY_08001,CUST_0269,2775.28,card,network_timeout,2,1569,1,1,1,1.0,1
PAY_08002,CUST_0484,1451.02,netbanking,checkout_abandoned,14,1820,1,10,10,1.0,0
PAY_08003,CUST_1083,14514.32,wallet,insufficient_funds,14,106,1,1,0,0.0,0
PAY_08004,CUST_1058,2196.53,card,card_declined,4,141,2,1,1,1.0,0
PAY_08005,CUST_1865,666.49,netbanking,checkout_abandoned,1,1936,2,12,11,0.917,0
PAY_08006,CUST_1691,919.75,netbanking,checkout_abandoned,17,156,0,5,5,1.0,1
PAY_08007,CUST_0363,848.61,wallet,network_timeout,23,561,0,4,4,1.0,0
PAY_08008,CUST_1796,930.31,card,checkout_abandoned,15,1018,2,2,2,1.0,1
PAY_08009,CUST_1527,2765.91,card,checkout_abandoned,5,1137,0,1,1,1.0,1
PAY_08010,CUST_2075,742.73,card,network_timeout,11,623,0,9,3,0.333,1
PAY_08011,CUST_1086,1381.02,netbanking,checkout_abandoned,20,1916,0,7,6,0.857,0
PAY_08012,CUST_0781,4490.59,netbanking,checkout_abandoned,4,726,0,8,8,1.0,0
PAY_08013,CUST_0694,1187.64,upi,checkout_abandoned,1,1693,0,2,2,1.0,0
PAY_08014,CUST_2103,3080.14,card,insufficient_funds,18,1533,1,14,11,0.786,0
PAY_08015,CUST_0629,468.33,card,card_declined,15,103,1,0,0,0.75,1
PAY_08016,CUST_1676,1338.16,upi,card_declined,23,2020,0,6,5,0.833,0
PAY_08017,CUST_1146,886.06,wallet,checkout_abandoned,11,450,1,7,4,0.571,1
PAY_08018,CUST_0049,2287.83,card,checkout_abandoned,17,1303,0,1,1,1.0,1
PAY_08019,CUST_1265,786.6,upi,insufficient_funds,10,1297,1,8,7,0.875,0
PAY_08020,CUST_2433,9426.38,upi,network_timeout,17,63,2,8,4,0.5,1
PAY_08021,CUST_0832,484.94,netbanking,card_declined,16,2098,1,7,6,0.857,1
PAY_08022,CUST_0633,4465.64,netbanking,insufficient_funds,4,87,0,5,3,0.6,0
PAY_08023,CUST_1270,3634.27,card,checkout_abandoned,20,935,2,13,8,0.615,0
PAY_08024,CUST_0189,2306.37,upi,insufficient_funds,9,500,2,2,2,1.0,0
PAY_08025,CUST_0952,1880.12,netbanking,card_declined,11,450,2,11,7,0.636,0
PAY_08026,CUST_1108,7938.73,wallet,network_timeout,1,20,0,5,5,1.0,1
PAY_08027,CUST_1019,12994.91,upi,insufficient_funds,6,272,0,5,3,0.6,0
PAY_08028,CUST_1337,1524.97,card,checkout_abandoned,1,300,1,3,2,0.667,0
PAY_08029,CUST_1214,2042.15,upi,checkout_abandoned,22,1442,0,10,6,0.6,0
PAY_08030,CUST_1170,1157.04,upi,network_timeout,10,115,1,2,1,0.5,0
PAY_08031,CUST_0804,706.35,card,network_timeout,3,1168,0,5,4,0.8,1
PAY_08032,CUST_1920,2607.2,wallet,insufficient_funds,6,600,1,7,5,0.714,0
PAY_08033,CUST_0848,2197.86,card,network_timeout,15,78,2,0,0,0.75,1
PAY_08034,CUST_0293,496.39,wallet,insufficient_funds,15,99,1,12,6,0.5,1
PAY_08035,CUST_1691,2592.41,card,card_declined,14,1805,2,4,3,0.75,0
PAY_08036,CUST_2031,2257.59,card,checkout_abandoned,22,1968,1,13,2,0.154,0
PAY_08037,CUST_0021,1112.7,upi,insufficient_funds,23,1338,1,9,8,0.889,0
PAY_08038,CUST_1213,1056.08,upi,network_timeout,10,1130,0,3,2,0.667,1
PAY_08039,CUST_0240,2526.44,netbanking,card_declined,16,510,0,9,6,0.667,0
PAY_08040,CUST_0194,6520.11,upi,checkout_abandoned,3,1861,0,6,3,0.5,0
PAY_08041,CUST_1929,2475.65,card,card_declined,1,1059,0,7,7,1.0,0
PAY_08042,CUST_2438,3360.78,wallet,insufficient_funds,4,1465,1,12,10,0.833,0
PAY_08043,CUST_0080,924.99,upi,checkout_abandoned,9,1696,0,9,7,0.778,1
PAY_08044,CUST_2236,1292.23,card,network_timeout,10,994,1,14,8,0.571,1
PAY_08045,CUST_0650,2927.65,netbanking,checkout_abandoned,23,711,0,13,9,0.692,1
PAY_08046,CUST_0796,607.2,card,card_declined,11,1006,1,12,10,0.833,0
PAY_08047,CUST_1133,2124.52,card,checkout_abandoned,11,1930,0,6,6,1.0,1
PAY_08048,CUST_1263,2671.19,upi,checkout_abandoned,13,1556,0,7,3,0.429,1
PAY_08049,CUST_0379,1745.36,upi,network_timeout,2,1491,1,13,9,0.692,0
PAY_08050,CUST_0609,2323.99,upi,checkout_abandoned,21,693,2,13,6,0.462,0
PAY_08051,CUST_1163,1885.22,wallet,insufficient_funds,6,696,1,5,5,1.0,0
PAY_08052,CUST_1269,1094.24,card,checkout_abandoned,21,1147,0,10,7,0.7,1
PAY_08053,CUST_1084,701.38,wallet,checkout_abandoned,17,59,2,8,7,0.875,0
PAY_08054,CUST_0623,1674.54,card,checkout_abandoned,15,254,2,1,0,0.0,0
PAY_08055,CUST_0593,5110.98,card,checkout_abandoned,21,1201,2,1,1,1.0,0
PAY_08056,CUST_0926,4084.88,card,network_timeout,3,1695,0,1,1,1.0,1
PAY_08057,CUST_0934,1365.5,card,network_timeout,17,827,0,3,1,0.333,1
PAY_08058,CUST_0684,1343.0,card,insufficient_funds,4,709,2,14,13,0.929,0
PAY_08059,CUST_0522,1266.2,netbanking,checkout_abandoned,23,1516,2,4,4,1.0,0
PAY_08060,CUST_1121,1266.33,netbanking,checkout_abandoned,7,386,1,13,13,1.0,0
PAY_08061,CUST_2165,2265.93,upi,network_timeout,8,215,1,6,6,1.0,1
PAY_08062,CUST_0170,4194.49,card,card_declined,17,1600,1,6,1,0.167,0
PAY_08063,CUST_0291,11001.53,netbanking,network_timeout,9,1070,2,3,0,0.0,1
PAY_08064,CUST_1337,926.73,card,checkout_abandoned,20,202,0,9,6,0.667,0
PAY_08065,CUST_1997,3030.51,upi,checkout_abandoned,9,1376,2,8,3,0.375,0
PAY_08066,CUST_0550,2777.79,upi,card_declined,15,2056,2,4,2,0.5,0
PAY_08067,CUST_0759,1382.63,card,card_declined,4,765,0,11,8,0.727,0
PAY_08068,CUST_0423,792.14,upi,insufficient_funds,20,1489,0,10,3,0.3,0
PAY_08069,CUST_2112,2243.61,wallet,card_declined,0,1513,0,10,6,0.6,1
PAY_08070,CUST_0874,9812.83,card,checkout_abandoned,5,1599,2,6,4,0.667,0
PAY_08071,CUST_0805,2232.28,upi,insufficient_funds,18,1024,0,9,9,1.0,0
PAY_08072,CUST_1820,958.87,wallet,network_timeout,16,177,0,5,5,1.0,1
PAY_08073,CUST_0328,1587.2,card,card_declined,4,272,1,14,13,0.929,0
PAY_08074,CUST_0890,723.0,card,insufficient_funds,6,1218,1,6,4,0.667,0
PAY_08075,CUST_0914,1826.85,upi,checkout_abandoned,6,1112,0,4,3,0.75,1
PAY_08076,CUST_1886,3109.66,netbanking,network_timeout,15,65,2,6,6,1.0,1
PAY_08077,CUST_0471,1034.28,card,card_declined,8,510,1,14,12,0.857,0
PAY_08078,CUST_2448,133.09,upi,card_declined,0,707,1,14,5,0.357,0
PAY_08079,CUST_0993,2246.32,card,checkout_abandoned,9,1762,1,5,2,0.4,1
PAY_08080,CUST_2360,1205.08,wallet,checkout_abandoned,14,1564,1,13,7,0.538,0
PAY_08081,CUST_0411,987.33,netbanking,card_declined,9,1856,2,4,4,1.0,0
PAY_08082,CUST_0553,980.54,upi,network_timeout,21,466,2,2,0,0.0,1
PAY_08083,CUST_0189,2479.33,wallet,card_declined,15,1882,1,3,1,0.333,1
PAY_08084,CUST_2327,1298.83,upi,network_timeout,6,1506,1,4,4,1.0,1
PAY_08085,CUST_1597,3789.16,wallet,card_declined,15,106,0,4,2,0.5,1
PAY_08086,CUST_2159,3856.45,card,checkout_abandoned,20,1189,0,4,3,0.75,1
PAY_08087,CUST_0179,1449.59,card,checkout_abandoned,23,563,2,5,5,1.0,0
PAY_08088,CUST_0071,1186.6,netbanking,card_declined,1,1966,1,0,0,0.75,1
PAY_08089,CUST_1291,1993.62,card,network_timeout,6,956,0,5,3,0.6,0
PAY_08090,CUST_2429,1602.35,card,card_declined,15,1073,2,7,4,0.571,0
PAY_08091,CUST_0868,442.98,netbanking,insufficient_funds,0,2028,2,6,3,0.5,0
PAY_08092,CUST_2395,8323.39,upi,card_declined,10,651,0,7,6,0.857,1
PAY_08093,CUST_2143,3187.56,card,insufficient_funds,14,1344,0,3,3,1.0,0
PAY_08094,CUST_1855,1242.34,card,checkout_abandoned,0,1889,1,1,0,0.0,0
PAY_08095,CUST_2315,388.56,card,card_declined,2,1228,2,13,10,0.769,0
PAY_08096,CUST_1509,1558.06,card,checkout_abandoned,15,1032,0,14,13,0.929,1
PAY_08097,CUST_1547,1124.58,card,card_declined,11,658,0,6,6,1.0,1
PAY_08098,CUST_2476,1714.85,upi,network_timeout,3,622,2,11,9,0.818,1
PAY_08099,CUST_0926,318.76,netbanking,network_timeout,0,1802,2,2,2,1.0,0
PAY_08100,CUST_0489,1233.66,card,checkout_abandoned,11,898,1,2,2,1.0,1
PAY_08101,CUST_1328,1295.28,card,card_declined,22,716,1,7,6,0.857,1
PAY_08102,CUST_1938,1543.37,upi,card_declined,5,957,1,10,6,0.6,1
PAY_08103,CUST_0441,1490.07,card,checkout_abandoned,10,131,0,10,5,0.5,0
PAY_08104,CUST_2261,1876.84,card,checkout_abandoned,2,480,2,5,4,0.8,1
PAY_08105,CUST_2241,6078.32,card,checkout_abandoned,9,1957,1,13,10,0.769,1
PAY_08106,CUST_1250,1192.17,upi,card_declined,2,1722,2,9,7,0.778,0
PAY_08107,CUST_2272,868.37,card,insufficient_funds,5,1931,2,4,3,0.75,0
PAY_08108,CUST_0746,452.0,card,checkout_abandoned,15,1772,0,7,3,0.429,0
PAY_08109,CUST_2073,1195.9,upi,network_timeout,11,80,2,4,0,0.0,0
PAY_08110,CUST_1113,586.72,netbanking,network_timeout,4,961,0,2,0,0.0,0
PAY_08111,CUST_2087,3880.11,upi,insufficient_funds,3,287,0,0,0,0.75,1
PAY_08112,CUST_2430,1666.79,wallet,insufficient_funds,7,37,1,6,6,1.0,1
PAY_08113,CUST_0274,3816.59,upi,checkout_abandoned,19,524,0,0,0,0.75,1
PAY_08114,CUST_1857,5814.44,card,checkout_abandoned,4,223,1,14,9,0.643,0
PAY_08115,CUST_0875,900.99,card,card_declined,7,1946,2,13,9,0.692,1
PAY_08116,CUST_1368,1363.29,card,checkout_abandoned,3,1100,0,11,8,0.727,0
PAY_08117,CUST_1794,5223.34,card,network_timeout,14,2029,1,11,5,0.455,0
PAY_08118,CUST_0276,2094.18,card,insufficient_funds,0,564,1,9,3,0.333,1
PAY_08119,CUST_1869,2731.89,card,insufficient_funds,4,1094,0,10,8,0.8,1
PAY_08120,CUST_1730,4113.07,upi,checkout_abandoned,11,715,0,12,10,0.833,1
PAY_08121,CUST_1292,3687.68,upi,insufficient_funds,15,1108,2,7,3,0.429,0
PAY_08122,CUST_0662,2499.46,card,network_timeout,18,1146,0,12,10,0.833,1
PAY_08123,CUST_0751,5500.7,upi,checkout_abandoned,17,95,1,3,3,1.0,0
PAY_08124,CUST_2473,1704.35,card,card_declined,1,1431,0,13,9,0.692,0
PAY_08125,CUST_2195,2727.32,upi,checkout_abandoned,14,451,2,10,5,0.5,0
PAY_08126,CUST_1293,1562.64,upi,insufficient_funds,4,405,0,1,0,0.0,1
PAY_08127,CUST_2022,4072.38,card,insufficient_funds,14,2151,1,2,0,0.0,0
PAY_08128,CUST_1536,1027.55,card,checkout_abandoned,21,1484,1,1,0,0.0,1
PAY_08129,CUST_1435,468.37,wallet,network_timeout,0,207,2,3,2,0.667,1
PAY_08130,CUST_2499,3039.6,upi,insufficient_funds,21,236,0,11,5,0.455,0
PAY_08131,CUST_0117,795.87,upi,network_timeout,22,169,2,12,4,0.333,0
PAY_08132,CUST_1882,735.2,card,checkout_abandoned,23,1220,0,14,11,0.786,0
PAY_08133,CUST_0438,4951.7,card,checkout_abandoned,0,1458,0,1,0,0.0,0
PAY_08134,CUST_1217,3899.35,card,checkout_abandoned,15,1447,2,8,6,0.75,0
PAY_08135,CUST_1360,1368.6,wallet,insufficient_funds,6,9,1,12,4,0.333,1
PAY_08136,CUST_1378,157.46,card,insufficient_funds,0,631,1,14,14,1.0,0
PAY_08137,CUST_1915,2757.65,card,network_timeout,1,397,1,1,1,1.0,0
PAY_08138,CUST_2262,3058.09,wallet,card_declined,3,1806,2,9,7,0.778,0
PAY_08139,CUST_0483,2721.64,upi,checkout_abandoned,9,314,0,1,0,0.0,0
PAY_08140,CUST_2342,2623.4,card,insufficient_funds,5,1702,2,1,0,0.0,0
PAY_08141,CUST_0974,1556.87,upi,insufficient_funds,1,519,0,12,5,0.417,1
PAY_08142,CUST_1211,1296.17,upi,insufficient_funds,8,1904,1,13,7,0.538,0
PAY_08143,CUST_1174,742.94,wallet,insufficient_funds,11,690,0,2,2,1.0,1
PAY_08144,CUST_0869,1030.32,card,insufficient_funds,8,738,2,12,8,0.667,0
PAY_08145,CUST_1031,2327.92,netbanking,network_timeout,15,1159,2,13,3,0.231,0
PAY_08146,CUST_1954,2358.74,card,network_timeout,4,2015,0,8,5,0.625,1
PAY_08147,CUST_0060,3385.99,netbanking,insufficient_funds,7,967,0,2,1,0.5,1
PAY_08148,CUST_0399,584.29,netbanking,card_declined,4,1046,2,11,11,1.0,0
PAY_08149,CUST_1270,477.31,netbanking,checkout_abandoned,5,829,1,8,8,1.0,0
PAY_08150,CUST_0994,1328.46,netbanking,card_declined,22,672,1,5,4,0.8,0
PAY_08151,CUST_1700,795.99,upi,network_timeout,15,2126,1,12,4,0.333,1
PAY_08152,CUST_0054,2088.77,card,network_timeout,2,1346,2,9,8,0.889,0
PAY_08153,CUST_0760,631.21,card,network_timeout,4,2089,2,3,3,1.0,0
PAY_08154,CUST_2097,4627.29,card,checkout_abandoned,0,1908,0,6,4,0.667,1
PAY_08155,CUST_0642,932.52,upi,network_timeout,20,929,2,4,2,0.5,0
PAY_08156,CUST_0122,6436.12,card,checkout_abandoned,0,1920,2,7,4,0.571,0
PAY_08157,CUST_0607,2738.0,upi,checkout_abandoned,1,277,0,4,4,1.0,0
PAY_08158,CUST_1366,773.83,upi,card_declined,13,525,1,9,9,1.0,0
PAY_08159,CUST_1458,9617.48,wallet,card_declined,11,999,1,6,6,1.0,0
PAY_08160,CUST_2486,2225.87,card,insufficient_funds,5,330,2,0,0,0.75,0
PAY_08161,CUST_2421,2055.84,netbanking,insufficient_funds,11,35,2,0,0,0.75,1
PAY_08162,CUST_0817,1708.5,upi,network_timeout,11,967,2,1,0,0.0,1
PAY_08163,CUST_0322,2614.39,wallet,card_declined,3,144,1,2,1,0.5,1
PAY_08164,CUST_2009,2740.45,netbanking,card_declined,11,2027,2,1,1,1.0,0
PAY_08165,CUST_2225,901.05,card,insufficient_funds,19,1159,1,9,6,0.667,0
PAY_08166,CUST_0338,1517.32,card,checkout_abandoned,21,2084,0,8,6,0.75,1
PAY_08167,CUST_2197,1974.56,wallet,checkout_abandoned,14,1385,2,0,0,0.75,0
PAY_08168,CUST_0324,2869.04,upi,checkout_abandoned,3,596,1,6,5,0.833,1
PAY_08169,CUST_1603,2908.21,netbanking,card_declined,18,1435,1,4,2,0.5,0
PAY_08170,CUST_0566,2053.24,netbanking,insufficient_funds,7,146,1,7,5,0.714,1
PAY_08171,CUST_1841,1158.97,upi,checkout_abandoned,3,1080,0,8,8,1.0,0
PAY_08172,CUST_2006,1112.39,netbanking,checkout_abandoned,16,1532,1,7,4,0.571,0
PAY_08173,CUST_2059,693.92,wallet,network_timeout,4,964,0,5,2,0.4,1
PAY_08174,CUST_1567,2891.77,wallet,network_timeout,12,501,1,0,0,0.75,1
PAY_08175,CUST_1310,1099.66,card,card_declined,12,1991,1,11,10,0.909,0
PAY_08176,CUST_2079,1544.01,card,checkout_abandoned,14,456,1,11,3,0.273,1
PAY_08177,CUST_2338,2177.07,card,network_timeout,8,598,0,12,8,0.667,1
PAY_08178,CUST_0715,1805.67,card,network_timeout,11,1589,2,10,5,0.5,0
PAY_08179,CUST_0472,1791.94,netbanking,network_timeout,2,560,2,4,1,0.25,1
PAY_08180,CUST_0437,872.68,netbanking,insufficient_funds,19,435,0,10,5,0.5,0
PAY_08181,CUST_1661,2231.95,card,insufficient_funds,16,314,1,13,8,0.615,1
PAY_08182,CUST_1369,1401.47,card,checkout_abandoned,2,1692,0,0,0,0.75,0
PAY_08183,CUST_1186,1679.79,upi,network_timeout,19,264,1,7,7,1.0,1
PAY_08184,CUST_0088,4545.61,netbanking,card_declined,22,2000,2,9,9,1.0,0
PAY_08185,CUST_0598,2696.73,upi,insufficient_funds,18,323,2,14,10,0.714,1
PAY_08186,CUST_1219,1140.13,card,checkout_abandoned,4,332,1,7,3,0.429,0
PAY_08187,CUST_0813,1597.84,card,insufficient_funds,16,2076,0,13,5,0.385,0
PAY_08188,CUST_2397,6471.04,upi,insufficient_funds,4,1182,2,11,7,0.636,0
PAY_08189,CUST_1233,1407.59,upi,network_timeout,19,1548,1,11,6,0.545,1
PAY_08190,CUST_1622,1858.35,netbanking,checkout_abandoned,5,1512,2,1,1,1.0,1
PAY_08191,CUST_2259,3062.11,wallet,checkout_abandoned,22,625,2,7,7,1.0,0
PAY_08192,CUST_1266,2138.15,card,checkout_abandoned,17,1156,1,11,6,0.545,1
PAY_08193,CUST_0193,1335.8,card,card_declined,19,1022,0,1,1,1.0,1
PAY_08194,CUST_0491,993.07,card,checkout_abandoned,14,1965,1,14,14,1.0,0
PAY_08195,CUST_0665,1785.52,card,checkout_abandoned,2,1831,2,10,9,0.9,0
PAY_08196,CUST_1149,3047.14,card,network_timeout,2,147,2,12,9,0.75,0
PAY_08197,CUST_0039,5178.46,card,network_timeout,19,1394,2,9,7,0.778,0
PAY_08198,CUST_1376,557.39,card,card_declined,20,2148,1,13,2,0.154,0
PAY_08199,CUST_1915,7374.4,netbanking,insufficient_funds,9,974,2,13,8,0.615,0
PAY_08200,CUST_1255,1429.12,card,card_declined,23,1211,0,1,1,1.0,1
PAY_08201,CUST_1962,3772.16,netbanking,card_declined,6,1653,0,14,11,0.786,1
PAY_08202,CUST_1365,997.76,card,checkout_abandoned,11,461,1,7,1,0.143,0
PAY_08203,CUST_2150,496.15,card,insufficient_funds,10,613,0,7,7,1.0,0
PAY_08204,CUST_2417,629.66,card,network_timeout,0,1367,0,3,3,1.0,0
PAY_08205,CUST_1715,1381.29,card,insufficient_funds,6,2088,0,6,4,0.667,0
PAY_08206,CUST_0484,2737.54,card,insufficient_funds,12,1435,2,8,7,0.875,0
PAY_08207,CUST_1898,1845.48,netbanking,insufficient_funds,0,1672,1,7,4,0.571,0
PAY_08208,CUST_0996,1473.44,wallet,insufficient_funds,13,12,0,10,8,0.8,0
PAY_08209,CUST_2216,4402.64,card,network_timeout,12,204,1,10,9,0.9,0
PAY_08210,CUST_0372,1802.86,card,checkout_abandoned,4,1808,1,11,11,1.0,0
PAY_08211,CUST_1457,2251.54,card,insufficient_funds,12,1676,1,8,4,0.5,0
PAY_08212,CUST_1030,21684.73,netbanking,checkout_abandoned,0,154,2,14,12,0.857,0
PAY_08213,CUST_1497,1788.46,card,checkout_abandoned,15,845,1,13,11,0.846,1
PAY_08214,CUST_0240,1031.6,card,network_timeout,11,464,0,14,9,0.643,1
PAY_08215,CUST_2348,2644.69,netbanking,card_declined,8,1310,2,10,8,0.8,0
PAY_08216,CUST_0887,3238.33,netbanking,card_declined,20,1287,0,3,2,0.667,0
PAY_08217,CUST_0687,2290.05,upi,checkout_abandoned,20,48,2,14,7,0.5,0
PAY_08218,CUST_0968,2040.75,card,network_timeout,5,1673,0,13,11,0.846,1
PAY_08219,CUST_0817,5891.86,card,insufficient_funds,13,374,0,4,1,0.25,0
PAY_08220,CUST_1819,5331.24,card,checkout_abandoned,8,1380,2,13,13,1.0,0
PAY_08221,CUST_0993,1639.03,upi,insufficient_funds,20,1797,0,7,6,0.857,0
PAY_08222,CUST_2285,1075.72,netbanking,checkout_abandoned,21,1341,2,10,5,0.5,0
PAY_08223,CUST_0677,2537.42,card,insufficient_funds,19,2127,0,5,5,1.0,1
PAY_08224,CUST_1266,1070.79,netbanking,checkout_abandoned,14,1065,1,3,2,0.667,1
PAY_08225,CUST_2023,3654.34,upi,insufficient_funds,23,594,2,6,4,0.667,1
PAY_08226,CUST_1941,2527.0,netbanking,card_declined,13,1109,2,2,2,1.0,0
PAY_08227,CUST_1914,15238.29,card,checkout_abandoned,15,1582,0,2,2,1.0,0
PAY_08228,CUST_1016,5849.9,card,card_declined,7,929,2,6,3,0.5,0
PAY_08229,CUST_2452,759.42,card,checkout_abandoned,17,205,1,14,5,0.357,0
PAY_08230,CUST_0707,1188.58,upi,checkout_abandoned,23,600,0,0,0,0.75,1
PAY_08231,CUST_2104,389.31,card,card_declined,13,1127,0,4,4,1.0,1
PAY_08232,CUST_0376,325.49,card,card_declined,16,784,0,4,1,0.25,0
PAY_08233,CUST_1326,1971.61,netbanking,checkout_abandoned,6,1979,1,3,0,0.0,0
PAY_08234,CUST_0986,693.42,upi,network_timeout,2,1896,2,1,1,1.0,1
PAY_08235,CUST_1825,6690.81,upi,checkout_abandoned,9,1396,1,2,2,1.0,0
PAY_08236,CUST_1896,4545.41,upi,card_declined,1,827,0,7,4,0.571,1
PAY_08237,CUST_0066,1448.59,upi,checkout_abandoned,23,370,1,6,0,0.0,0
PAY_08238,CUST_1502,1384.22,upi,network_timeout,14,1643,1,9,9,1.0,1
PAY_08239,CUST_2313,5906.69,card,checkout_abandoned,17,2057,1,12,3,0.25,0
PAY_08240,CUST_0546,7095.58,card,insufficient_funds,6,1323,0,1,1,1.0,1
PAY_08241,CUST_1955,853.6,card,card_declined,14,33,2,4,4,1.0,1
PAY_08242,CUST_1870,770.16,card,checkout_abandoned,2,484,1,13,8,0.615,0
PAY_08243,CUST_0067,1414.69,upi,checkout_abandoned,22,1188,1,3,1,0.333,0
PAY_08244,CUST_0222,2541.46,upi,insufficient_funds,17,333,0,1,0,0.0,0
PAY_08245,CUST_0922,1193.45,card,checkout_abandoned,7,1242,0,3,1,0.333,1
PAY_08246,CUST_0390,2584.57,netbanking,card_declined,20,266,0,5,3,0.6,1
PAY_08247,CUST_0754,8567.92,upi,card_declined,13,965,1,3,3,1.0,0
PAY_08248,CUST_0454,584.48,upi,card_declined,10,1070,0,7,5,0.714,0
PAY_08249,CUST_2081,1260.17,wallet,insufficient_funds,12,1396,0,3,3,1.0,0
PAY_08250,CUST_1709,593.45,card,card_declined,7,440,2,8,7,0.875,1
PAY_08251,CUST_0461,921.75,card,insufficient_funds,9,1281,0,12,2,0.167,0
PAY_08252,CUST_0710,1421.97,card,card_declined,3,561,0,4,3,0.75,0
PAY_08253,CUST_1733,1006.04,upi,checkout_abandoned,2,931,2,8,3,0.375,0
PAY_08254,CUST_2206,2728.55,card,checkout_abandoned,16,1809,1,10,8,0.8,0
PAY_08255,CUST_2485,2031.05,netbanking,checkout_abandoned,15,141,0,0,0,0.75,1
PAY_08256,CUST_0230,2286.45,card,card_declined,0,1055,1,5,3,0.6,0
PAY_08257,CUST_1563,1408.36,upi,checkout_abandoned,8,2035,0,9,9,1.0,0
PAY_08258,CUST_2342,1516.04,upi,card_declined,16,719,0,3,1,0.333,0
PAY_08259,CUST_2231,1359.66,card,checkout_abandoned,3,916,2,6,4,0.667,1
PAY_08260,CUST_0013,1475.3,upi,network_timeout,22,401,2,6,4,0.667,0
PAY_08261,CUST_0120,2516.81,upi,insufficient_funds,7,353,1,14,7,0.5,0
PAY_08262,CUST_2294,386.35,netbanking,card_declined,9,944,1,1,1,1.0,1
PAY_08263,CUST_0584,2266.28,upi,checkout_abandoned,14,1233,1,9,9,1.0,0
PAY_08264,CUST_0327,898.35,upi,checkout_abandoned,17,569,1,14,6,0.429,0
PAY_08265,CUST_0366,1372.59,card,checkout_abandoned,8,1214,2,13,10,0.769,0
PAY_08266,CUST_0059,516.11,upi,checkout_abandoned,1,85,1,8,6,0.75,1
PAY_08267,CUST_1054,1351.01,card,checkout_abandoned,12,1132,0,5,2,0.4,1
PAY_08268,CUST_0672,2248.12,card,card_declined,8,1873,2,2,1,0.5,0
PAY_08269,CUST_0173,2594.66,card,checkout_abandoned,5,1537,1,3,1,0.333,0
PAY_08270,CUST_0842,696.78,upi,insufficient_funds,10,1228,2,11,8,0.727,0
PAY_08271,CUST_0751,2496.42,card,network_timeout,3,2081,2,0,0,0.75,0
PAY_08272,CUST_1839,4479.93,wallet,card_declined,15,1794,0,10,9,0.9,1
PAY_08273,CUST_0488,1212.68,card,checkout_abandoned,16,123,1,13,6,0.462,1
PAY_08274,CUST_2246,1801.32,card,checkout_abandoned,7,1600,2,6,6,1.0,0
PAY_08275,CUST_0257,344.02,card,insufficient_funds,9,1565,1,12,10,0.833,0
PAY_08276,CUST_0965,878.24,card,insufficient_funds,15,32,2,14,3,0.214,0
PAY_08277,CUST_2421,2234.91,card,insufficient_funds,20,872,1,11,3,0.273,1
PAY_08278,CUST_0629,3865.77,upi,checkout_abandoned,17,1411,2,7,5,0.714,0
PAY_08279,CUST_2082,1114.45,card,checkout_abandoned,21,1438,2,8,8,1.0,1
PAY_08280,CUST_0701,15230.43,card,insufficient_funds,3,303,2,3,3,1.0,0
PAY_08281,CUST_0176,2313.82,card,network_timeout,7,519,0,1,0,0.0,0
PAY_08282,CUST_2190,649.92,card,network_timeout,20,158,2,11,9,0.818,1
PAY_08283,CUST_1994,5040.64,wallet,insufficient_funds,4,1102,2,7,6,0.857,0
PAY_08284,CUST_0136,660.63,card,network_timeout,16,64,1,13,11,0.846,0
PAY_08285,CUST_1254,2340.88,netbanking,card_declined,1,1359,0,11,9,0.818,1
PAY_08286,CUST_1087,855.9,upi,card_declined,23,1824,0,3,3,1.0,0
PAY_08287,CUST_1760,607.65,card,insufficient_funds,7,1684,1,14,8,0.571,1
PAY_08288,CUST_0552,3886.5,netbanking,checkout_abandoned,18,1233,2,0,0,0.75,0
PAY_08289,CUST_0787,1462.23,card,insufficient_funds,19,1450,2,1,1,1.0,0
PAY_08290,CUST_0893,7158.67,netbanking,card_declined,18,1669,2,9,6,0.667,0
PAY_08291,CUST_2061,797.27,upi,checkout_abandoned,6,1667,2,9,9,1.0,0
PAY_08292,CUST_0653,516.89,card,checkout_abandoned,0,1379,0,10,10,1.0,0
PAY_08293,CUST_0707,1226.36,wallet,network_timeout,23,2121,2,9,3,0.333,0
PAY_08294,CUST_1953,18177.67,card,card_declined,10,300,1,3,3,1.0,0
PAY_08295,CUST_0461,3507.55,wallet,checkout_abandoned,16,1039,0,2,0,0.0,1
PAY_08296,CUST_0631,2803.59,wallet,insufficient_funds,7,1313,0,14,10,0.714,0
PAY_08297,CUST_1029,2878.7,card,checkout_abandoned,23,1813,0,5,2,0.4,1
PAY_08298,CUST_2252,1221.3,card,insufficient_funds,18,242,0,2,2,1.0,1
PAY_08299,CUST_0871,15978.86,netbanking,card_declined,15,656,0,1,0,0.0,0
PAY_08300,CUST_1767,2596.74,card,insufficient_funds,15,114,1,12,9,0.75,0
PAY_08301,CUST_0724,2409.07,upi,checkout_abandoned,1,649,1,12,6,0.5,1
PAY_08302,CUST_0732,3957.76,card,insufficient_funds,12,735,0,13,7,0.538,1
PAY_08303,CUST_2420,649.98,card,card_declined,6,703,2,12,5,0.417,0
PAY_08304,CUST_0164,890.75,upi,network_timeout,8,216,2,2,1,0.5,0
PAY_08305,CUST_0345,1479.01,upi,checkout_abandoned,13,1270,1,0,0,0.75,1
PAY_08306,CUST_0431,3978.28,upi,card_declined,2,1524,0,7,3,0.429,0
PAY_08307,CUST_0404,637.21,upi,checkout_abandoned,18,438,0,7,5,0.714,1
PAY_08308,CUST_1302,1705.58,card,checkout_abandoned,7,1308,1,0,0,0.75,0
PAY_08309,CUST_0408,1523.04,card,insufficient_funds,11,807,1,13,11,0.846,0
PAY_08310,CUST_2065,510.83,card,checkout_abandoned,14,1474,1,9,5,0.556,0
PAY_08311,CUST_1663,1197.99,card,checkout_abandoned,2,1000,2,10,8,0.8,1
PAY_08312,CUST_0960,2777.6,card,insufficient_funds,7,1960,2,8,6,0.75,1
PAY_08313,CUST_1072,549.45,upi,card_declined,5,1605,1,14,10,0.714,0
PAY_08314,CUST_1002,5566.99,card,insufficient_funds,2,785,0,11,10,0.909,0
PAY_08315,CUST_1229,2617.51,card,card_declined,16,1055,2,8,3,0.375,0
PAY_08316,CUST_2288,2374.04,upi,network_timeout,0,1207,0,7,7,1.0,1
PAY_08317,CUST_0669,1811.83,card,checkout_abandoned,3,261,1,12,10,0.833,1
PAY_08318,CUST_1067,751.21,wallet,checkout_abandoned,21,808,2,5,3,0.6,0
PAY_08319,CUST_0860,1070.4,card,insufficient_funds,15,594,2,12,12,1.0,0
PAY_08320,CUST_0426,2404.33,card,insufficient_funds,5,303,2,2,1,0.5,0
PAY_08321,CUST_1514,1068.72,netbanking,card_declined,18,536,0,0,0,0.75,0
PAY_08322,CUST_0457,2093.39,upi,network_timeout,22,1817,1,0,0,0.75,0
PAY_08323,CUST_1800,876.94,netbanking,card_declined,9,1744,1,5,5,1.0,0
PAY_08324,CUST_2126,2582.95,card,checkout_abandoned,0,1236,1,7,1,0.143,0
PAY_08325,CUST_1598,2741.9,card,checkout_abandoned,12,1339,2,13,12,0.923,0
PAY_08326,CUST_1200,489.5,upi,card_declined,10,1346,2,13,7,0.538,1
PAY_08327,CUST_1783,1899.58,card,checkout_abandoned,5,1510,1,0,0,0.75,0
PAY_08328,CUST_1960,532.83,upi,network_timeout,11,558,0,11,10,0.909,1
PAY_08329,CUST_1248,406.14,card,checkout_abandoned,8,1219,2,3,3,1.0,0
PAY_08330,CUST_1432,1119.27,card,network_timeout,9,1788,0,5,3,0.6,1
PAY_08331,CUST_0798,16866.35,card,card_declined,6,77,1,12,3,0.25,1
PAY_08332,CUST_0525,3347.11,netbanking,network_timeout,2,1100,2,14,9,0.643,0
PAY_08333,CUST_0148,5482.0,card,card_declined,8,230,2,11,6,0.545,0
PAY_08334,CUST_0623,2928.59,wallet,network_timeout,21,150,2,2,2,1.0,0
PAY_08335,CUST_0849,2121.54,card,card_declined,21,1339,2,0,0,0.75,0
PAY_08336,CUST_0343,3684.37,upi,checkout_abandoned,22,693,0,14,7,0.5,0
PAY_08337,CUST_2183,1079.1,card,checkout_abandoned,6,1094,0,3,3,1.0,1
PAY_08338,CUST_0253,2622.68,upi,card_declined,18,981,2,3,2,0.667,0
PAY_08339,CUST_0831,4615.71,netbanking,insufficient_funds,0,1206,1,7,6,0.857,0
PAY_08340,CUST_1529,3149.75,upi,checkout_abandoned,2,722,0,2,0,0.0,0
PAY_08341,CUST_0390,4864.73,card,card_declined,19,1119,1,9,6,0.667,0
PAY_08342,CUST_1977,2083.12,upi,network_timeout,6,248,2,12,6,0.5,1
PAY_08343,CUST_1692,6968.86,card,checkout_abandoned,20,533,1,5,4,0.8,1
PAY_08344,CUST_1713,1523.79,upi,insufficient_funds,7,701,1,7,2,0.286,0
PAY_08345,CUST_1926,9795.67,upi,checkout_abandoned,15,1152,1,13,10,0.769,0
PAY_08346,CUST_2259,2848.16,card,network_timeout,22,7,1,13,11,0.846,1
PAY_08347,CUST_1313,1323.96,upi,network_timeout,13,1923,2,1,1,1.0,0
PAY_08348,CUST_2267,700.81,upi,card_declined,19,457,2,11,4,0.364,0
PAY_08349,CUST_2349,943.08,card,card_declined,23,1804,1,0,0,0.75,0
PAY_08350,CUST_2365,835.52,card,card_declined,10,1380,2,2,2,1.0,0
PAY_08351,CUST_2188,1676.67,card,checkout_abandoned,11,667,2,9,8,0.889,1
PAY_08352,CUST_1924,649.61,netbanking,checkout_abandoned,12,1166,0,1,1,1.0,1
PAY_08353,CUST_2451,5063.17,upi,checkout_abandoned,16,600,2,2,2,1.0,0
PAY_08354,CUST_1196,1966.72,card,card_declined,19,811,2,6,5,0.833,0
PAY_08355,CUST_0481,1903.9,card,network_timeout,5,1754,2,6,4,0.667,0
PAY_08356,CUST_0870,708.56,card,checkout_abandoned,1,2073,2,8,5,0.625,0
PAY_08357,CUST_0656,972.93,card,checkout_abandoned,10,1017,2,13,9,0.692,0
PAY_08358,CUST_0198,304.68,card,card_declined,9,100,1,6,3,0.5,0
PAY_08359,CUST_1288,6566.83,card,checkout_abandoned,13,949,0,4,4,1.0,1
PAY_08360,CUST_2340,579.04,card,card_declined,1,1383,0,3,3,1.0,0
PAY_08361,CUST_2221,615.24,upi,card_declined,3,1092,0,13,10,0.769,1
PAY_08362,CUST_0714,5575.18,upi,checkout_abandoned,21,1342,0,3,3,1.0,1
PAY_08363,CUST_0998,2454.29,card,network_timeout,13,319,1,0,0,0.75,0
PAY_08364,CUST_0385,1982.53,upi,insufficient_funds,10,1125,2,7,4,0.571,0
PAY_08365,CUST_1090,2363.16,card,network_timeout,14,893,2,10,10,1.0,0
PAY_08366,CUST_0213,3860.93,card,checkout_abandoned,4,570,1,0,0,0.75,0
PAY_08367,CUST_0259,1949.72,wallet,card_declined,7,2073,1,9,9,1.0,0
PAY_08368,CUST_0612,523.59,upi,checkout_abandoned,23,1089,1,6,3,0.5,0
PAY_08369,CUST_1799,3236.0,card,insufficient_funds,5,758,1,11,8,0.727,0
PAY_08370,CUST_2136,2523.54,card,card_declined,21,1016,1,0,0,0.75,1
PAY_08371,CUST_2134,4595.28,upi,insufficient_funds,3,1391,2,13,7,0.538,0
PAY_08372,CUST_2373,662.66,card,network_timeout,12,315,0,13,4,0.308,1
PAY_08373,CUST_0289,1004.32,wallet,card_declined,19,2119,1,10,3,0.3,0
PAY_08374,CUST_0626,2463.19,card,insufficient_funds,22,511,0,9,8,0.889,0
PAY_08375,CUST_1329,845.5,card,network_timeout,4,224,2,10,1,0.1,0
PAY_08376,CUST_2098,274.04,upi,network_timeout,4,945,0,2,2,1.0,1
PAY_08377,CUST_0211,2107.81,upi,checkout_abandoned,9,2086,1,13,7,0.538,1
PAY_08378,CUST_1471,3683.24,upi,checkout_abandoned,18,804,0,11,6,0.545,0
PAY_08379,CUST_0361,1623.59,wallet,insufficient_funds,2,1245,1,11,7,0.636,0
PAY_08380,CUST_0724,2790.71,wallet,insufficient_funds,18,281,2,7,4,0.571,0
PAY_08381,CUST_1764,2485.52,card,network_timeout,12,1072,2,2,2,1.0,1
PAY_08382,CUST_0735,1815.18,card,network_timeout,14,515,0,7,3,0.429,0
PAY_08383,CUST_1865,2006.83,card,card_declined,16,11,1,8,5,0.625,0
PAY_08384,CUST_0998,5296.77,upi,insufficient_funds,9,1278,0,3,1,0.333,1
PAY_08385,CUST_2392,832.26,upi,card_declined,9,1133,2,13,3,0.231,0
PAY_08386,CUST_0358,3340.84,card,insufficient_funds,6,1520,1,5,5,1.0,0
PAY_08387,CUST_0532,699.83,wallet,checkout_abandoned,1,2146,2,14,14,1.0,0
PAY_08388,CUST_1625,953.1,card,network_timeout,15,1623,2,13,11,0.846,0
PAY_08389,CUST_2441,4685.72,netbanking,insufficient_funds,16,1852,1,1,0,0.0,0
PAY_08390,CUST_0085,683.81,netbanking,network_timeout,7,1166,0,2,2,1.0,1
PAY_08391,CUST_1507,1483.66,card,checkout_abandoned,23,2030,0,5,4,0.8,0
PAY_08392,CUST_2227,11903.88,card,insufficient_funds,3,119,0,9,5,0.556,1
PAY_08393,CUST_2098,4088.7,card,insufficient_funds,20,1694,0,1,0,0.0,0
PAY_08394,CUST_1894,998.05,wallet,checkout_abandoned,20,499,2,3,2,0.667,1
PAY_08395,CUST_1256,1144.68,card,card_declined,1,2090,2,12,12,1.0,0
PAY_08396,CUST_0860,1570.97,netbanking,network_timeout,19,1573,1,6,6,1.0,0
PAY_08397,CUST_1565,5141.49,upi,network_timeout,3,428,1,8,7,0.875,1
PAY_08398,CUST_1238,807.73,upi,checkout_abandoned,7,623,1,7,5,0.714,1
PAY_08399,CUST_0799,769.55,wallet,checkout_abandoned,16,148,2,14,4,0.286,0
PAY_08400,CUST_1038,3185.05,card,checkout_abandoned,0,1447,0,1,1,1.0,0
PAY_08401,CUST_0355,469.01,upi,network_timeout,5,444,1,7,6,0.857,0
PAY_08402,CUST_2380,868.42,card,card_declined,5,1399,2,1,0,0.0,0
PAY_08403,CUST_0409,1681.55,card,network_timeout,1,133,0,0,0,0.75,1
PAY_08404,CUST_1227,1751.95,card,checkout_abandoned,13,1114,1,7,6,0.857,0
PAY_08405,CUST_1083,604.16,card,checkout_abandoned,15,475,0,13,12,0.923,1
PAY_08406,CUST_2368,2388.77,upi,checkout_abandoned,16,666,2,6,6,1.0,1
PAY_08407,CUST_1235,2803.3,card,card_declined,17,913,1,10,7,0.7,0
PAY_08408,CUST_1952,1059.5,upi,checkout_abandoned,9,173,2,13,9,0.692,0
PAY_08409,CUST_1404,6796.4,card,checkout_abandoned,9,813,0,0,0,0.75,1
PAY_08410,CUST_1940,2361.91,upi,checkout_abandoned,20,1575,2,10,7,0.7,0
PAY_08411,CUST_0988,805.65,netbanking,checkout_abandoned,0,746,2,13,12,0.923,0
PAY_08412,CUST_1773,6582.48,upi,network_timeout,6,534,0,13,10,0.769,1
PAY_08413,CUST_2257,1184.27,wallet,network_timeout,7,1056,2,11,7,0.636,0
PAY_08414,CUST_1692,2076.92,card,insufficient_funds,22,612,2,13,10,0.769,0
PAY_08415,CUST_1042,1219.4,card,card_declined,4,1929,1,9,6,0.667,0
PAY_08416,CUST_0992,2965.69,upi,checkout_abandoned,15,265,1,0,0,0.75,0
PAY_08417,CUST_1267,1224.54,card,checkout_abandoned,8,1047,2,14,8,0.571,0
PAY_08418,CUST_0255,1285.44,upi,checkout_abandoned,17,1572,0,13,5,0.385,1
PAY_08419,CUST_0432,1583.76,netbanking,insufficient_funds,9,839,1,2,2,1.0,0
PAY_08420,CUST_1259,1204.7,card,card_declined,12,2072,0,14,7,0.5,0
PAY_08421,CUST_0658,4242.86,wallet,insufficient_funds,3,2147,2,9,3,0.333,0
PAY_08422,CUST_1958,658.07,card,checkout_abandoned,23,1041,0,6,6,1.0,1
PAY_08423,CUST_0881,1747.29,upi,checkout_abandoned,2,1534,0,12,10,0.833,1
PAY_08424,CUST_0308,1933.55,card,checkout_abandoned,3,782,2,9,2,0.222,0
PAY_08425,CUST_1130,1629.18,upi,insufficient_funds,10,2062,1,11,10,0.909,0
PAY_08426,CUST_1183,3905.66,card,network_timeout,10,1115,2,5,2,0.4,0
PAY_08427,CUST_0705,540.44,wallet,checkout_abandoned,11,1323,0,5,3,0.6,1
PAY_08428,CUST_0635,2835.22,wallet,card_declined,6,845,2,1,1,1.0,0
PAY_08429,CUST_1428,664.86,upi,checkout_abandoned,5,923,2,13,6,0.462,0
PAY_08430,CUST_1132,1198.13,upi,network_timeout,6,667,2,3,2,0.667,0
PAY_08431,CUST_1808,612.4,upi,card_declined,11,545,0,2,2,1.0,1
PAY_08432,CUST_0509,1380.04,upi,card_declined,19,2098,1,1,1,1.0,0
PAY_08433,CUST_2063,1133.4,upi,checkout_abandoned,3,723,2,5,4,0.8,0
PAY_08434,CUST_1694,6675.23,upi,network_timeout,13,2019,2,7,6,0.857,1
PAY_08435,CUST_0337,2183.39,netbanking,checkout_abandoned,9,10,0,12,9,0.75,1
PAY_08436,CUST_1614,2559.0,upi,checkout_abandoned,2,1351,0,9,5,0.556,0
PAY_08437,CUST_1120,742.14,card,insufficient_funds,9,1758,1,12,8,0.667,0
PAY_08438,CUST_1074,3253.88,wallet,checkout_abandoned,22,43,0,0,0,0.75,1
PAY_08439,CUST_1426,6674.99,card,checkout_abandoned,3,142,2,0,0,0.75,0
PAY_08440,CUST_0629,3610.02,card,card_declined,3,802,1,3,3,1.0,0
PAY_08441,CUST_2316,630.13,wallet,checkout_abandoned,23,683,1,5,1,0.2,0
PAY_08442,CUST_0698,1241.69,card,insufficient_funds,17,430,2,1,1,1.0,1
PAY_08443,CUST_2282,1963.21,card,insufficient_funds,9,1084,0,13,6,0.462,0
PAY_08444,CUST_0494,1134.35,upi,insufficient_funds,16,1260,2,14,13,0.929,0
PAY_08445,CUST_0521,13656.0,netbanking,checkout_abandoned,14,1863,1,7,4,0.571,1
PAY_08446,CUST_2417,1223.81,card,card_declined,19,863,2,12,9,0.75,1
PAY_08447,CUST_1501,1738.64,upi,insufficient_funds,9,1718,1,2,2,1.0,1
PAY_08448,CUST_0575,1113.61,card,checkout_abandoned,15,900,2,0,0,0.75,1
PAY_08449,CUST_1172,2166.54,card,card_declined,4,1636,0,13,8,0.615,0
PAY_08450,CUST_1065,5439.39,card,checkout_abandoned,9,1993,0,12,12,1.0,0
PAY_08451,CUST_1903,1973.23,card,checkout_abandoned,3,884,1,11,7,0.636,0
PAY_08452,CUST_1255,1510.7,wallet,card_declined,4,1952,0,12,10,0.833,0
PAY_08453,CUST_0168,762.36,upi,card_declined,18,1214,0,10,5,0.5,0
PAY_08454,CUST_1678,4734.4,netbanking,checkout_abandoned,12,586,1,12,4,0.333,0
PAY_08455,CUST_2066,1604.53,wallet,card_declined,2,1855,0,14,5,0.357,0
PAY_08456,CUST_1879,1550.27,wallet,card_declined,0,1346,1,13,13,1.0,0
PAY_08457,CUST_0529,277.1,upi,checkout_abandoned,23,1202,1,13,10,0.769,1
PAY_08458,CUST_0964,1625.82,card,checkout_abandoned,12,1870,1,7,5,0.714,0
PAY_08459,CUST_0101,1305.91,netbanking,checkout_abandoned,8,1407,2,12,9,0.75,0
PAY_08460,CUST_1293,417.69,upi,network_timeout,4,2073,0,3,1,0.333,0
PAY_08461,CUST_0789,3972.82,card,checkout_abandoned,5,15,2,4,4,1.0,1
PAY_08462,CUST_2251,1173.03,card,checkout_abandoned,15,1607,1,13,9,0.692,0
PAY_08463,CUST_0609,8200.88,card,checkout_abandoned,1,1051,2,5,4,0.8,1
PAY_08464,CUST_0288,5580.84,upi,checkout_abandoned,9,215,2,12,8,0.667,1
PAY_08465,CUST_1800,1011.93,netbanking,checkout_abandoned,19,758,0,7,4,0.571,0
PAY_08466,CUST_1105,5382.96,upi,network_timeout,18,1469,0,4,4,1.0,1
PAY_08467,CUST_1592,6528.78,card,insufficient_funds,9,138,2,6,2,0.333,0
PAY_08468,CUST_0474,1150.92,card,network_timeout,14,1061,1,8,3,0.375,0
PAY_08469,CUST_2185,787.93,netbanking,network_timeout,16,1460,0,0,0,0.75,1
PAY_08470,CUST_0116,320.94,card,insufficient_funds,11,624,0,8,5,0.625,0
PAY_08471,CUST_0990,2440.35,card,insufficient_funds,16,1885,2,1,0,0.0,0
PAY_08472,CUST_0388,826.24,netbanking,checkout_abandoned,15,1925,1,7,4,0.571,0
PAY_08473,CUST_1791,2499.73,netbanking,insufficient_funds,7,1389,2,4,3,0.75,0
PAY_08474,CUST_0623,1142.83,upi,card_declined,5,1379,2,9,7,0.778,1
PAY_08475,CUST_1162,964.64,upi,insufficient_funds,6,599,0,12,11,0.917,1
PAY_08476,CUST_1410,1148.66,card,card_declined,22,1972,0,1,1,1.0,0
PAY_08477,CUST_0664,636.31,wallet,checkout_abandoned,2,1068,2,1,0,0.0,0
PAY_08478,CUST_1918,1148.23,upi,insufficient_funds,1,146,2,6,3,0.5,0
PAY_08479,CUST_0642,998.5,upi,insufficient_funds,17,754,1,11,8,0.727,0
PAY_08480,CUST_2352,1779.73,card,checkout_abandoned,8,1693,2,4,1,0.25,0
PAY_08481,CUST_1658,1956.57,upi,card_declined,19,1246,1,11,4,0.364,0
PAY_08482,CUST_2396,764.03,card,card_declined,1,1267,0,0,0,0.75,1
PAY_08483,CUST_0168,4342.42,upi,checkout_abandoned,19,1491,2,4,3,0.75,1
PAY_08484,CUST_2197,1584.28,upi,network_timeout,14,651,2,7,7,1.0,1
PAY_08485,CUST_2432,5987.88,netbanking,checkout_abandoned,0,567,2,9,8,0.889,0
PAY_08486,CUST_1288,2182.9,card,checkout_abandoned,9,1893,2,5,3,0.6,0
PAY_08487,CUST_2217,1902.31,netbanking,checkout_abandoned,0,1056,2,13,8,0.615,1
PAY_08488,CUST_1060,1215.32,card,card_declined,1,1722,1,6,5,0.833,0
PAY_08489,CUST_1137,2943.67,upi,checkout_abandoned,1,1362,0,9,6,0.667,0
PAY_08490,CUST_1126,1848.99,card,checkout_abandoned,16,1228,0,1,1,1.0,1
PAY_08491,CUST_1596,3577.12,card,card_declined,11,1089,0,13,6,0.462,1
PAY_08492,CUST_2414,6498.14,netbanking,checkout_abandoned,22,2099,1,7,6,0.857,1
PAY_08493,CUST_0523,1006.32,card,insufficient_funds,16,1250,0,7,6,0.857,1
PAY_08494,CUST_1474,2940.43,wallet,checkout_abandoned,2,1724,0,4,3,0.75,0
PAY_08495,CUST_1239,2874.5,card,network_timeout,21,494,2,9,9,1.0,0
PAY_08496,CUST_1864,2596.79,upi,network_timeout,5,1010,0,0,0,0.75,1
PAY_08497,CUST_1123,1272.81,card,card_declined,7,1160,1,6,3,0.5,0
PAY_08498,CUST_0163,1293.58,upi,checkout_abandoned,6,118,1,11,5,0.455,0
PAY_08499,CUST_2004,1128.26,wallet,network_timeout,9,2159,2,11,5,0.455,0
PAY_08500,CUST_2435,1110.5,upi,card_declined,16,1315,2,9,8,0.889,0
PAY_08501,CUST_2374,919.14,card,card_declined,4,232,2,5,2,0.4,0
PAY_08502,CUST_1302,1655.64,netbanking,checkout_abandoned,9,936,0,7,4,0.571,1
PAY_08503,CUST_0862,981.7,upi,card_declined,20,2132,0,2,2,1.0,1
PAY_08504,CUST_1507,2550.53,card,network_timeout,18,1251,2,9,8,0.889,0
PAY_08505,CUST_2093,1883.91,upi,checkout_abandoned,7,479,2,3,2,0.667,0
PAY_08506,CUST_2020,2060.78,upi,insufficient_funds,11,102,1,4,3,0.75,0
PAY_08507,CUST_1399,1446.28,netbanking,network_timeout,16,876,2,11,9,0.818,1
PAY_08508,CUST_0212,1902.0,card,card_declined,0,1779,2,1,1,1.0,0
PAY_08509,CUST_0624,1476.88,card,checkout_abandoned,18,580,1,4,2,0.5,0
PAY_08510,CUST_0032,3358.25,wallet,checkout_abandoned,4,1739,2,5,3,0.6,0
PAY_08511,CUST_1269,1263.49,upi,insufficient_funds,9,1207,2,14,7,0.5,0
PAY_08512,CUST_2389,2430.77,upi,network_timeout,7,1630,1,11,5,0.455,0
PAY_08513,CUST_1513,632.98,wallet,network_timeout,2,1957,1,5,1,0.2,0
PAY_08514,CUST_0534,3181.8,card,checkout_abandoned,15,1685,1,9,8,0.889,0
PAY_08515,CUST_0097,1150.71,card,insufficient_funds,7,1500,0,3,1,0.333,1
PAY_08516,CUST_0265,867.59,netbanking,network_timeout,16,392,0,11,5,0.455,1
PAY_08517,CUST_0836,723.79,upi,checkout_abandoned,7,1584,0,5,5,1.0,1
PAY_08518,CUST_2340,679.4,wallet,card_declined,15,1106,0,13,11,0.846,1
PAY_08519,CUST_0105,1224.59,upi,network_timeout,23,446,1,13,11,0.846,1
PAY_08520,CUST_0939,5969.65,card,card_declined,1,1636,1,3,3,1.0,0
PAY_08521,CUST_0985,1075.87,card,network_timeout,1,1966,2,6,5,0.833,0
PAY_08522,CUST_2136,307.42,card,insufficient_funds,8,1346,0,13,7,0.538,0
PAY_08523,CUST_1533,2411.28,wallet,checkout_abandoned,18,1890,2,1,0,0.0,0
PAY_08524,CUST_2329,738.14,card,insufficient_funds,15,1118,0,9,3,0.333,1
PAY_08525,CUST_2138,3454.34,upi,card_declined,23,1927,1,7,7,1.0,0
PAY_08526,CUST_0492,1285.21,card,checkout_abandoned,15,767,0,8,8,1.0,1
PAY_08527,CUST_1519,1445.68,card,checkout_abandoned,20,53,0,8,6,0.75,1
PAY_08528,CUST_0174,4690.95,card,checkout_abandoned,13,1431,0,7,4,0.571,0
PAY_08529,CUST_1652,2950.49,upi,checkout_abandoned,4,754,0,5,3,0.6,1
PAY_08530,CUST_0099,664.11,card,insufficient_funds,10,85,1,7,7,1.0,0
PAY_08531,CUST_1592,747.05,wallet,network_timeout,15,1161,0,14,13,0.929,1
PAY_08532,CUST_0691,432.13,wallet,card_declined,0,61,0,1,1,1.0,1
PAY_08533,CUST_1773,14445.22,card,card_declined,9,1110,1,2,0,0.0,0
PAY_08534,CUST_0446,902.69,netbanking,checkout_abandoned,13,942,0,0,0,0.75,0
PAY_08535,CUST_0699,4588.88,card,checkout_abandoned,10,594,2,9,4,0.444,1
PAY_08536,CUST_2254,1175.82,card,card_declined,6,1184,2,4,4,1.0,0
PAY_08537,CUST_1548,758.74,card,card_declined,10,881,0,0,0,0.75,0
PAY_08538,CUST_2322,1831.32,netbanking,checkout_abandoned,8,701,1,3,3,1.0,0
PAY_08539,CUST_1904,1386.05,upi,card_declined,17,177,2,3,3,1.0,1
PAY_08540,CUST_1105,3418.79,card,insufficient_funds,14,1473,2,1,1,1.0,0
PAY_08541,CUST_0931,3453.17,upi,card_declined,22,153,0,11,4,0.364,0
PAY_08542,CUST_0882,1122.63,upi,card_declined,11,2007,2,0,0,0.75,0
PAY_08543,CUST_1183,568.83,upi,insufficient_funds,15,1833,1,13,12,0.923,0
PAY_08544,CUST_1020,690.77,upi,checkout_abandoned,10,277,2,14,12,0.857,0
PAY_08545,CUST_0324,289.91,netbanking,insufficient_funds,17,767,0,13,11,0.846,0
PAY_08546,CUST_2085,1445.16,upi,network_timeout,9,1025,2,3,3,1.0,0
PAY_08547,CUST_0585,1783.09,card,checkout_abandoned,18,1240,2,3,3,1.0,1
PAY_08548,CUST_0362,721.46,netbanking,network_timeout,18,2036,0,14,5,0.357,0
PAY_08549,CUST_0427,654.99,card,checkout_abandoned,5,58,2,9,4,0.444,1
PAY_08550,CUST_0378,1776.99,upi,checkout_abandoned,11,2062,0,8,6,0.75,1
PAY_08551,CUST_1583,1085.7,upi,network_timeout,18,1399,2,12,8,0.667,0
PAY_08552,CUST_0701,1518.08,card,network_timeout,14,1060,2,2,2,1.0,0
PAY_08553,CUST_0041,1341.79,card,checkout_abandoned,15,693,0,6,1,0.167,0
PAY_08554,CUST_1458,2196.29,upi,checkout_abandoned,2,1664,2,2,1,0.5,0
PAY_08555,CUST_1091,1145.18,netbanking,checkout_abandoned,21,86,2,11,3,0.273,0
PAY_08556,CUST_1781,1217.49,netbanking,card_declined,14,415,1,3,3,1.0,1
PAY_08557,CUST_0455,399.46,upi,checkout_abandoned,1,1859,0,1,1,1.0,1
PAY_08558,CUST_2477,1728.96,card,checkout_abandoned,1,1738,1,5,4,0.8,0
PAY_08559,CUST_0330,1932.36,card,insufficient_funds,5,990,2,8,7,0.875,0
PAY_08560,CUST_0103,1561.47,netbanking,checkout_abandoned,18,2107,0,3,3,1.0,1
PAY_08561,CUST_0896,8308.29,card,insufficient_funds,16,855,2,13,5,0.385,0
PAY_08562,CUST_0893,2050.35,upi,card_declined,0,717,0,12,10,0.833,1
PAY_08563,CUST_2275,1588.21,card,checkout_abandoned,7,292,2,13,9,0.692,1
PAY_08564,CUST_0770,2683.45,card,card_declined,17,508,1,5,4,0.8,0
PAY_08565,CUST_1540,9757.9,upi,insufficient_funds,5,525,2,5,4,0.8,0
PAY_08566,CUST_0106,2203.32,upi,insufficient_funds,12,255,0,7,6,0.857,1
PAY_08567,CUST_1479,303.92,upi,checkout_abandoned,18,2098,0,13,7,0.538,0
PAY_08568,CUST_1980,2543.23,card,network_timeout,16,966,1,7,7,1.0,1
PAY_08569,CUST_1808,890.83,netbanking,checkout_abandoned,23,2150,2,5,5,1.0,0
PAY_08570,CUST_1065,386.67,upi,checkout_abandoned,5,705,2,9,9,1.0,1
PAY_08571,CUST_1358,6999.48,netbanking,network_timeout,12,1943,2,1,1,1.0,0
PAY_08572,CUST_1536,5888.16,upi,checkout_abandoned,12,1078,2,14,14,1.0,1
PAY_08573,CUST_1081,872.53,card,checkout_abandoned,10,524,2,10,6,0.6,1
PAY_08574,CUST_1131,877.11,upi,insufficient_funds,20,1119,2,6,4,0.667,0
PAY_08575,CUST_2340,2046.07,upi,checkout_abandoned,8,458,0,1,0,0.0,0
PAY_08576,CUST_0916,886.6,upi,network_timeout,5,1864,0,4,2,0.5,0
PAY_08577,CUST_2301,1615.63,upi,card_declined,0,671,0,8,4,0.5,0
PAY_08578,CUST_0344,1017.39,card,insufficient_funds,0,1906,1,14,10,0.714,0
PAY_08579,CUST_1192,1306.65,wallet,network_timeout,2,1617,0,7,5,0.714,1
PAY_08580,CUST_2228,585.26,card,card_declined,18,946,1,14,7,0.5,0
PAY_08581,CUST_0546,3487.92,card,network_timeout,13,994,1,7,7,1.0,1
PAY_08582,CUST_0299,4715.33,netbanking,insufficient_funds,16,1639,1,11,7,0.636,0
PAY_08583,CUST_1601,1661.34,card,network_timeout,5,69,1,1,1,1.0,1
PAY_08584,CUST_1447,1748.56,wallet,card_declined,3,1206,2,11,11,1.0,0
PAY_08585,CUST_1177,2977.58,card,checkout_abandoned,18,1519,0,3,1,0.333,1
PAY_08586,CUST_2441,1802.74,card,insufficient_funds,8,1568,0,6,3,0.5,0
PAY_08587,CUST_0963,7180.99,card,card_declined,18,1926,1,4,0,0.0,0
PAY_08588,CUST_0717,627.94,card,insufficient_funds,10,1513,0,8,8,1.0,0
PAY_08589,CUST_0964,3584.22,card,network_timeout,3,959,2,9,5,0.556,0
PAY_08590,CUST_1194,1642.84,card,network_timeout,0,1788,1,5,3,0.6,0
PAY_08591,CUST_1680,734.05,card,network_timeout,2,371,0,0,0,0.75,1
PAY_08592,CUST_1865,10864.03,card,card_declined,9,353,1,9,6,0.667,0
PAY_08593,CUST_0988,12133.22,card,checkout_abandoned,7,21,0,6,2,0.333,1
PAY_08594,CUST_0642,1524.23,card,network_timeout,2,1719,1,12,5,0.417,0
PAY_08595,CUST_1547,2569.13,card,card_declined,5,671,1,10,3,0.3,0
PAY_08596,CUST_0563,1234.71,card,checkout_abandoned,23,486,0,5,5,1.0,0
PAY_08597,CUST_0373,1404.32,card,checkout_abandoned,14,405,2,0,0,0.75,0
PAY_08598,CUST_0277,727.45,card,network_timeout,23,1485,0,8,4,0.5,1
PAY_08599,CUST_0637,646.34,card,insufficient_funds,12,1024,0,11,9,0.818,0
PAY_08600,CUST_0057,7870.38,card,insufficient_funds,13,2073,1,11,4,0.364,0
PAY_08601,CUST_1664,1745.03,wallet,network_timeout,11,1487,0,5,3,0.6,1
PAY_08602,CUST_0707,1874.34,card,card_declined,11,1263,2,3,2,0.667,1
PAY_08603,CUST_0191,941.17,card,insufficient_funds,7,382,1,1,1,1.0,1
PAY_08604,CUST_1698,2095.44,upi,checkout_abandoned,23,1912,0,9,7,0.778,1
PAY_08605,CUST_2223,540.51,upi,checkout_abandoned,1,669,1,3,2,0.667,1
PAY_08606,CUST_0188,969.28,card,insufficient_funds,16,1751,2,11,9,0.818,0
PAY_08607,CUST_0559,689.33,netbanking,card_declined,21,12,2,8,8,1.0,1
PAY_08608,CUST_1920,5063.68,upi,checkout_abandoned,3,1514,1,0,0,0.75,0
PAY_08609,CUST_1994,480.11,wallet,insufficient_funds,22,1674,2,10,8,0.8,0
PAY_08610,CUST_1069,700.76,wallet,card_declined,5,162,0,3,1,0.333,0
PAY_08611,CUST_1198,349.84,upi,card_declined,23,1525,2,13,11,0.846,0
PAY_08612,CUST_1385,883.18,upi,checkout_abandoned,15,53,0,0,0,0.75,1
PAY_08613,CUST_1304,1246.29,card,network_timeout,10,1154,1,5,5,1.0,1
PAY_08614,CUST_0781,3935.39,netbanking,card_declined,22,1958,0,0,0,0.75,1
PAY_08615,CUST_2030,1507.1,upi,card_declined,4,852,1,9,4,0.444,0
PAY_08616,CUST_1649,1296.04,card,network_timeout,7,1506,0,7,7,1.0,1
PAY_08617,CUST_1224,2288.08,card,network_timeout,14,415,0,7,5,0.714,0
PAY_08618,CUST_1891,1262.97,upi,checkout_abandoned,2,1182,1,10,6,0.6,1
PAY_08619,CUST_0624,12375.43,upi,card_declined,3,1000,2,13,11,0.846,1
PAY_08620,CUST_0213,1121.86,netbanking,checkout_abandoned,18,6,2,5,2,0.4,1
PAY_08621,CUST_0742,2506.17,card,checkout_abandoned,3,1812,2,8,8,1.0,0
PAY_08622,CUST_2220,3486.68,netbanking,network_timeout,4,269,0,9,9,1.0,1
PAY_08623,CUST_1809,1096.38,card,card_declined,21,134,2,13,12,0.923,0
PAY_08624,CUST_1471,2054.61,upi,checkout_abandoned,2,1490,0,2,0,0.0,0
PAY_08625,CUST_1416,1205.76,card,insufficient_funds,15,1789,2,7,5,0.714,0
PAY_08626,CUST_1624,2241.18,card,card_declined,16,507,2,12,6,0.5,1
PAY_08627,CUST_2309,1951.36,card,insufficient_funds,2,1468,2,4,4,1.0,1
PAY_08628,CUST_1317,1608.92,card,checkout_abandoned,13,770,1,5,2,0.4,0
PAY_08629,CUST_0815,714.15,card,insufficient_funds,9,1658,2,6,5,0.833,0
PAY_08630,CUST_0234,7994.41,netbanking,checkout_abandoned,10,1791,1,10,5,0.5,0
PAY_08631,CUST_0246,2877.45,card,network_timeout,7,1231,0,10,3,0.3,0
PAY_08632,CUST_1115,505.04,upi,network_timeout,1,701,1,1,1,1.0,1
PAY_08633,CUST_1622,1285.94,upi,card_declined,12,790,0,3,0,0.0,0
PAY_08634,CUST_0442,512.87,card,network_timeout,0,1118,0,12,6,0.5,1
PAY_08635,CUST_0401,3311.67,netbanking,card_declined,10,406,0,10,5,0.5,0
PAY_08636,CUST_1278,1768.9,netbanking,network_timeout,9,153,0,7,2,0.286,0
PAY_08637,CUST_0365,1805.88,netbanking,insufficient_funds,14,1461,2,6,6,1.0,0
PAY_08638,CUST_2254,917.5,netbanking,insufficient_funds,14,1071,2,14,6,0.429,0
PAY_08639,CUST_2157,1398.41,upi,network_timeout,18,1096,2,13,9,0.692,1
PAY_08640,CUST_1179,3378.85,wallet,card_declined,21,1548,1,6,5,0.833,0
PAY_08641,CUST_1933,4188.96,card,insufficient_funds,12,1025,2,5,3,0.6,0
PAY_08642,CUST_0523,3542.82,card,checkout_abandoned,14,495,0,13,10,0.769,0
PAY_08643,CUST_0357,519.99,upi,card_declined,12,4,2,5,4,0.8,0
PAY_08644,CUST_1264,1550.99,card,insufficient_funds,11,1252,2,6,5,0.833,0
PAY_08645,CUST_1928,2204.36,upi,insufficient_funds,14,1281,0,13,10,0.769,0
PAY_08646,CUST_0845,999.97,card,insufficient_funds,4,1269,1,1,1,1.0,1
PAY_08647,CUST_0564,477.39,card,checkout_abandoned,0,191,0,10,7,0.7,1
PAY_08648,CUST_2322,643.06,netbanking,card_declined,3,1761,0,10,8,0.8,1
PAY_08649,CUST_1105,5975.13,card,network_timeout,4,1947,0,5,5,1.0,0
PAY_08650,CUST_1066,693.93,card,network_timeout,14,780,2,2,1,0.5,1
PAY_08651,CUST_0673,1869.81,upi,insufficient_funds,2,72,0,12,9,0.75,0
PAY_08652,CUST_1993,1588.39,netbanking,checkout_abandoned,8,1932,1,11,4,0.364,0
PAY_08653,CUST_0544,1591.63,netbanking,checkout_abandoned,2,1397,2,12,5,0.417,0
PAY_08654,CUST_1205,1393.61,card,card_declined,3,1016,2,5,2,0.4,0
PAY_08655,CUST_0213,3384.13,netbanking,insufficient_funds,15,396,1,14,8,0.571,0
PAY_08656,CUST_0591,1852.02,upi,card_declined,9,71,0,11,8,0.727,0
PAY_08657,CUST_2421,1091.18,netbanking,card_declined,19,488,1,3,2,0.667,0
PAY_08658,CUST_1659,1875.47,card,network_timeout,17,167,0,7,4,0.571,0
PAY_08659,CUST_0608,647.75,card,network_timeout,5,362,2,4,3,0.75,1
PAY_08660,CUST_0048,2634.1,upi,insufficient_funds,1,1967,2,8,5,0.625,0
PAY_08661,CUST_0826,1043.95,upi,insufficient_funds,23,1475,0,2,2,1.0,0
PAY_08662,CUST_2042,1093.18,card,insufficient_funds,3,168,0,11,11,1.0,1
PAY_08663,CUST_1635,2713.46,upi,checkout_abandoned,16,1707,2,6,4,0.667,0
PAY_08664,CUST_2231,1299.44,upi,checkout_abandoned,14,1714,2,9,9,1.0,0
PAY_08665,CUST_1814,1359.31,card,card_declined,19,398,2,9,6,0.667,0
PAY_08666,CUST_1370,4580.88,upi,checkout_abandoned,13,2130,2,9,6,0.667,0
PAY_08667,CUST_2423,826.33,card,network_timeout,0,273,1,11,5,0.455,1
PAY_08668,CUST_0619,2681.82,netbanking,checkout_abandoned,3,1807,1,9,9,1.0,0
PAY_08669,CUST_0374,3847.43,upi,network_timeout,19,667,0,7,6,0.857,1
PAY_08670,CUST_0436,4578.19,upi,checkout_abandoned,14,876,2,8,5,0.625,1
PAY_08671,CUST_1505,10267.7,wallet,card_declined,18,953,2,9,4,0.444,0
PAY_08672,CUST_1804,1076.89,upi,insufficient_funds,15,503,2,12,11,0.917,0
PAY_08673,CUST_1768,898.92,card,checkout_abandoned,23,1832,1,7,2,0.286,0
PAY_08674,CUST_0537,3461.01,upi,card_declined,1,348,2,4,4,1.0,1
PAY_08675,CUST_1794,3818.97,wallet,card_declined,1,1327,0,3,3,1.0,1
PAY_08676,CUST_1278,956.19,card,checkout_abandoned,17,794,1,2,1,0.5,0
PAY_08677,CUST_2489,2652.84,upi,checkout_abandoned,1,2093,0,9,7,0.778,1
PAY_08678,CUST_2158,15913.25,card,checkout_abandoned,2,1059,1,11,11,1.0,0
PAY_08679,CUST_0331,1957.21,netbanking,checkout_abandoned,17,1905,0,4,3,0.75,0
PAY_08680,CUST_1911,3768.16,upi,checkout_abandoned,18,1026,0,8,8,1.0,1
PAY_08681,CUST_0253,6354.58,wallet,card_declined,20,1525,1,5,3,0.6,0
PAY_08682,CUST_0037,13340.22,upi,network_timeout,5,1337,0,13,5,0.385,0
PAY_08683,CUST_0460,2190.97,card,checkout_abandoned,16,796,0,13,9,0.692,1
PAY_08684,CUST_1759,4904.8,upi,checkout_abandoned,5,1710,2,14,11,0.786,0
PAY_08685,CUST_2220,957.9,wallet,card_declined,23,710,0,12,2,0.167,0
PAY_08686,CUST_0030,1836.19,card,card_declined,16,359,2,13,4,0.308,0
PAY_08687,CUST_2436,1259.39,card,checkout_abandoned,18,1455,1,8,7,0.875,0
PAY_08688,CUST_0811,398.33,upi,insufficient_funds,15,716,0,8,8,1.0,1
PAY_08689,CUST_0693,499.25,upi,card_declined,23,1543,0,4,3,0.75,0
PAY_08690,CUST_0936,2539.11,card,checkout_abandoned,6,1604,2,11,10,0.909,0
PAY_08691,CUST_0102,2579.35,card,network_timeout,18,1563,0,4,4,1.0,1
PAY_08692,CUST_1180,782.3,card,insufficient_funds,23,1925,2,5,5,1.0,0
PAY_08693,CUST_1775,6256.96,upi,card_declined,5,1681,0,14,12,0.857,0
PAY_08694,CUST_1638,740.67,upi,card_declined,9,1812,1,0,0,0.75,0
PAY_08695,CUST_1762,2211.35,upi,checkout_abandoned,16,2048,1,1,1,1.0,0
PAY_08696,CUST_2478,1291.23,netbanking,network_timeout,9,2093,0,11,11,1.0,0
PAY_08697,CUST_1318,1960.79,card,card_declined,16,94,2,10,5,0.5,0
PAY_08698,CUST_0443,3693.64,upi,insufficient_funds,4,1723,0,11,8,0.727,0
PAY_08699,CUST_0714,3299.13,card,card_declined,1,1870,2,7,5,0.714,0
PAY_08700,CUST_1679,3171.04,card,card_declined,1,2099,1,0,0,0.75,0
PAY_08701,CUST_1643,2863.12,upi,insufficient_funds,4,446,0,4,4,1.0,0
PAY_08702,CUST_0454,650.24,upi,network_timeout,19,2021,2,12,11,0.917,0
PAY_08703,CUST_1764,4461.17,wallet,card_declined,16,2139,0,9,7,0.778,0
PAY_08704,CUST_0832,770.71,card,insufficient_funds,8,1415,0,13,8,0.615,1
PAY_08705,CUST_0283,1653.61,card,network_timeout,16,838,1,0,0,0.75,0
PAY_08706,CUST_2036,1358.97,card,insufficient_funds,11,1524,1,4,2,0.5,0
PAY_08707,CUST_0769,2381.87,upi,card_declined,4,271,1,10,5,0.5,0
PAY_08708,CUST_0180,1221.42,card,card_declined,18,667,2,0,0,0.75,1
PAY_08709,CUST_2393,1585.62,netbanking,card_declined,0,1194,2,6,3,0.5,0
PAY_08710,CUST_0050,6572.41,netbanking,insufficient_funds,2,1941,2,13,12,0.923,0
PAY_08711,CUST_0530,638.64,upi,checkout_abandoned,6,975,0,2,1,0.5,1
PAY_08712,CUST_0901,1796.45,upi,card_declined,14,1510,2,1,1,1.0,1
PAY_08713,CUST_1385,738.22,card,checkout_abandoned,8,1218,1,9,9,1.0,1
PAY_08714,CUST_1100,3087.21,upi,checkout_abandoned,8,1936,2,3,1,0.333,0
PAY_08715,CUST_0760,1006.42,upi,card_declined,12,1901,0,2,2,1.0,0
PAY_08716,CUST_1030,1856.36,netbanking,card_declined,20,457,1,8,6,0.75,1
PAY_08717,CUST_1981,623.79,upi,card_declined,7,1011,2,9,4,0.444,0
PAY_08718,CUST_1467,5058.24,card,card_declined,9,797,2,12,10,0.833,0
PAY_08719,CUST_1130,1907.93,card,network_timeout,0,1431,1,1,0,0.0,0
PAY_08720,CUST_1838,2009.73,card,card_declined,22,183,1,11,4,0.364,0
PAY_08721,CUST_1211,3493.96,wallet,checkout_abandoned,20,520,0,10,9,0.9,1
PAY_08722,CUST_1607,661.44,netbanking,network_timeout,8,2013,1,10,9,0.9,1
PAY_08723,CUST_1619,1100.5,netbanking,checkout_abandoned,20,1722,1,3,2,0.667,1
PAY_08724,CUST_1846,2062.32,netbanking,checkout_abandoned,0,1751,0,12,7,0.583,0
PAY_08725,CUST_0820,439.64,card,network_timeout,1,1399,2,1,1,1.0,0
PAY_08726,CUST_1300,479.07,upi,checkout_abandoned,13,1647,1,10,9,0.9,0
PAY_08727,CUST_0547,933.12,upi,checkout_abandoned,13,1035,2,2,2,1.0,0
PAY_08728,CUST_1105,722.52,card,insufficient_funds,3,945,0,9,4,0.444,0
PAY_08729,CUST_0013,1367.11,upi,card_declined,12,921,0,6,6,1.0,1
PAY_08730,CUST_0328,2733.91,upi,insufficient_funds,3,24,2,2,2,1.0,1
PAY_08731,CUST_0807,3279.5,netbanking,card_declined,10,690,2,2,2,1.0,1
PAY_08732,CUST_2465,7654.66,card,network_timeout,11,2094,0,6,4,0.667,0
PAY_08733,CUST_1767,1767.71,netbanking,insufficient_funds,4,1668,2,5,4,0.8,0
PAY_08734,CUST_1642,2036.58,wallet,network_timeout,6,830,0,6,4,0.667,1
PAY_08735,CUST_2005,1764.53,wallet,checkout_abandoned,12,320,0,6,6,1.0,1
PAY_08736,CUST_0576,2325.65,card,insufficient_funds,13,535,2,0,0,0.75,0
PAY_08737,CUST_2468,2475.59,card,network_timeout,23,1317,1,6,3,0.5,1
PAY_08738,CUST_1719,3763.99,upi,insufficient_funds,15,1844,2,6,2,0.333,0
PAY_08739,CUST_1045,3752.24,card,checkout_abandoned,18,731,0,5,2,0.4,0
PAY_08740,CUST_1345,2727.21,card,network_timeout,21,445,2,3,0,0.0,0
PAY_08741,CUST_0854,6025.04,netbanking,card_declined,9,877,1,2,1,0.5,0
PAY_08742,CUST_1010,1838.95,card,checkout_abandoned,6,370,2,1,1,1.0,0
PAY_08743,CUST_2294,1103.55,card,card_declined,14,984,1,9,5,0.556,0
PAY_08744,CUST_1538,1257.78,wallet,checkout_abandoned,12,1018,0,8,6,0.75,0
PAY_08745,CUST_1298,1653.87,card,network_timeout,15,666,2,12,7,0.583,1
PAY_08746,CUST_0557,756.45,wallet,insufficient_funds,18,990,0,3,3,1.0,0
PAY_08747,CUST_2017,1101.96,card,checkout_abandoned,14,1276,1,6,4,0.667,1
PAY_08748,CUST_2430,723.19,card,checkout_abandoned,13,1911,2,2,2,1.0,0
PAY_08749,CUST_2012,2370.15,card,checkout_abandoned,19,1663,2,14,8,0.571,0
PAY_08750,CUST_1095,2388.93,card,network_timeout,8,2151,2,11,2,0.182,0
PAY_08751,CUST_2212,437.21,card,checkout_abandoned,4,1236,1,2,0,0.0,0
PAY_08752,CUST_1430,1066.65,netbanking,insufficient_funds,2,560,1,12,6,0.5,1
PAY_08753,CUST_0935,7751.9,wallet,checkout_abandoned,4,154,2,13,5,0.385,0
PAY_08754,CUST_0258,2979.07,card,checkout_abandoned,4,434,0,9,3,0.333,1
PAY_08755,CUST_1488,2588.96,card,card_declined,10,778,1,14,4,0.286,1
PAY_08756,CUST_2199,1058.0,upi,card_declined,0,1011,0,2,1,0.5,0
PAY_08757,CUST_2471,2265.09,upi,insufficient_funds,18,1243,0,4,3,0.75,0
PAY_08758,CUST_1702,1779.23,card,card_declined,14,954,1,9,7,0.778,0
PAY_08759,CUST_0757,951.6,card,insufficient_funds,6,709,2,8,3,0.375,0
PAY_08760,CUST_0249,1212.59,card,card_declined,12,1777,0,10,4,0.4,0
PAY_08761,CUST_1713,1234.65,upi,network_timeout,2,1312,2,14,11,0.786,1
PAY_08762,CUST_1070,547.08,card,card_declined,7,210,0,3,1,0.333,0
PAY_08763,CUST_1059,624.34,upi,insufficient_funds,11,1138,2,13,6,0.462,0
PAY_08764,CUST_0652,1534.51,card,checkout_abandoned,22,347,1,1,1,1.0,0
PAY_08765,CUST_0195,913.37,card,insufficient_funds,15,1704,0,6,4,0.667,0
PAY_08766,CUST_1211,1414.89,upi,insufficient_funds,12,442,1,6,3,0.5,0
PAY_08767,CUST_0970,498.21,card,checkout_abandoned,23,1133,0,12,9,0.75,0
PAY_08768,CUST_1041,3417.29,netbanking,checkout_abandoned,23,179,1,6,5,0.833,0
PAY_08769,CUST_0272,9508.35,upi,network_timeout,12,2031,0,12,8,0.667,0
PAY_08770,CUST_1942,4094.74,netbanking,card_declined,8,140,1,2,2,1.0,1
PAY_08771,CUST_1537,4446.93,upi,card_declined,8,1374,0,14,8,0.571,0
PAY_08772,CUST_1420,2970.36,card,checkout_abandoned,14,1112,0,2,2,1.0,1
PAY_08773,CUST_0140,2226.11,card,checkout_abandoned,18,131,0,8,3,0.375,1
PAY_08774,CUST_1104,1929.01,upi,checkout_abandoned,7,1922,0,7,5,0.714,1
PAY_08775,CUST_0882,866.03,upi,checkout_abandoned,20,884,0,1,0,0.0,1
PAY_08776,CUST_0436,3126.24,card,card_declined,22,1776,1,7,6,0.857,0
PAY_08777,CUST_2321,2981.28,card,insufficient_funds,13,995,1,13,7,0.538,0
PAY_08778,CUST_2364,1242.82,card,checkout_abandoned,6,417,0,8,7,0.875,1
PAY_08779,CUST_2329,2741.73,card,checkout_abandoned,7,618,1,10,9,0.9,0
PAY_08780,CUST_0759,1033.17,card,card_declined,4,311,2,14,13,0.929,0
PAY_08781,CUST_0433,1087.17,upi,network_timeout,6,883,1,4,1,0.25,1
PAY_08782,CUST_0156,3346.35,wallet,card_declined,15,1322,0,0,0,0.75,1
PAY_08783,CUST_1356,2540.11,card,checkout_abandoned,1,1182,1,10,7,0.7,0
PAY_08784,CUST_0742,1495.16,card,insufficient_funds,7,712,2,11,10,0.909,1
PAY_08785,CUST_2273,1362.95,card,checkout_abandoned,20,767,0,2,1,0.5,1
PAY_08786,CUST_0459,2070.12,card,card_declined,20,1092,0,5,4,0.8,1
PAY_08787,CUST_2352,414.56,upi,network_timeout,1,621,1,5,3,0.6,1
PAY_08788,CUST_0918,981.74,card,checkout_abandoned,2,1548,1,11,8,0.727,1
PAY_08789,CUST_2212,654.23,wallet,insufficient_funds,5,700,1,13,5,0.385,0
PAY_08790,CUST_2044,1817.15,netbanking,checkout_abandoned,1,1941,2,11,7,0.636,0
PAY_08791,CUST_1713,4300.29,upi,checkout_abandoned,13,536,2,4,3,0.75,0
PAY_08792,CUST_0946,2636.66,wallet,checkout_abandoned,0,404,0,9,6,0.667,1
PAY_08793,CUST_1849,1195.53,upi,insufficient_funds,5,2040,1,4,1,0.25,0
PAY_08794,CUST_1147,1022.76,wallet,checkout_abandoned,7,151,1,9,5,0.556,1
PAY_08795,CUST_2416,984.81,card,network_timeout,21,28,0,14,8,0.571,1
PAY_08796,CUST_1989,8912.73,wallet,network_timeout,19,492,0,9,5,0.556,1
PAY_08797,CUST_1412,1900.73,card,network_timeout,17,374,1,11,10,0.909,0
PAY_08798,CUST_1272,2111.9,card,network_timeout,22,1196,1,11,6,0.545,0
PAY_08799,CUST_0178,332.5,wallet,card_declined,23,1861,0,7,5,0.714,0
PAY_08800,CUST_1813,699.8,card,insufficient_funds,21,195,2,1,1,1.0,0
PAY_08801,CUST_2023,1737.5,card,card_declined,22,1118,0,14,11,0.786,1
PAY_08802,CUST_1207,1208.35,card,insufficient_funds,22,708,1,5,2,0.4,1
PAY_08803,CUST_1101,2002.17,card,card_declined,5,1679,2,13,3,0.231,0
PAY_08804,CUST_0862,1981.17,card,card_declined,7,660,2,12,6,0.5,0
PAY_08805,CUST_1335,2909.99,card,checkout_abandoned,11,654,2,10,6,0.6,0
PAY_08806,CUST_1258,403.51,upi,network_timeout,13,238,0,8,5,0.625,1
PAY_08807,CUST_2114,743.49,netbanking,card_declined,10,3,2,4,3,0.75,0
PAY_08808,CUST_2447,1662.12,card,checkout_abandoned,8,2116,1,2,0,0.0,0
PAY_08809,CUST_0749,1072.36,netbanking,checkout_abandoned,10,922,0,13,12,0.923,0
PAY_08810,CUST_0270,1404.34,upi,checkout_abandoned,16,1845,2,14,8,0.571,1
PAY_08811,CUST_1304,1964.05,netbanking,checkout_abandoned,17,2097,1,10,10,1.0,1
PAY_08812,CUST_2215,991.87,netbanking,checkout_abandoned,21,1280,0,14,11,0.786,1
PAY_08813,CUST_0552,2099.3,wallet,network_timeout,19,1186,0,3,0,0.0,0
PAY_08814,CUST_1565,2781.46,card,checkout_abandoned,3,1910,0,7,7,1.0,0
PAY_08815,CUST_0171,1896.2,upi,checkout_abandoned,4,1601,0,2,2,1.0,1
PAY_08816,CUST_2421,3203.9,wallet,insufficient_funds,11,617,0,7,2,0.286,0
PAY_08817,CUST_0350,316.46,upi,checkout_abandoned,20,2138,1,13,10,0.769,0
PAY_08818,CUST_0625,1126.32,card,checkout_abandoned,10,1824,0,4,3,0.75,0
PAY_08819,CUST_0645,3675.36,upi,checkout_abandoned,3,45,2,6,4,0.667,0
PAY_08820,CUST_0954,901.5,netbanking,checkout_abandoned,21,1466,2,7,4,0.571,0
PAY_08821,CUST_1944,808.75,card,insufficient_funds,14,83,2,6,6,1.0,0
PAY_08822,CUST_0275,1627.06,upi,insufficient_funds,21,504,0,14,8,0.571,0
PAY_08823,CUST_0350,1775.23,netbanking,network_timeout,8,1367,1,6,5,0.833,1
PAY_08824,CUST_0132,1173.55,upi,checkout_abandoned,20,1456,0,3,2,0.667,0
PAY_08825,CUST_0220,7866.76,card,checkout_abandoned,1,479,2,4,3,0.75,0
PAY_08826,CUST_1162,2263.65,upi,checkout_abandoned,17,1105,0,4,4,1.0,1
PAY_08827,CUST_0480,874.14,upi,checkout_abandoned,23,216,0,4,2,0.5,0
PAY_08828,CUST_0225,569.03,card,checkout_abandoned,22,1074,0,13,4,0.308,1
PAY_08829,CUST_1749,2489.91,upi,card_declined,11,557,1,7,3,0.429,0
PAY_08830,CUST_1507,857.72,card,checkout_abandoned,23,2008,1,5,2,0.4,0
PAY_08831,CUST_0149,10073.24,netbanking,card_declined,23,1717,1,2,2,1.0,1
PAY_08832,CUST_1410,2534.87,netbanking,network_timeout,3,841,0,14,11,0.786,1
PAY_08833,CUST_0920,2817.26,netbanking,card_declined,11,914,1,2,2,1.0,0
PAY_08834,CUST_2364,2196.22,upi,network_timeout,21,1983,0,5,3,0.6,1
PAY_08835,CUST_1779,4415.15,card,insufficient_funds,20,1875,0,10,5,0.5,0
PAY_08836,CUST_2279,264.88,upi,card_declined,13,1789,0,0,0,0.75,0
PAY_08837,CUST_1664,687.41,card,network_timeout,5,1179,0,4,1,0.25,0
PAY_08838,CUST_0738,4116.89,upi,checkout_abandoned,6,913,2,14,8,0.571,0
PAY_08839,CUST_1055,5978.98,card,card_declined,2,1325,0,0,0,0.75,0
PAY_08840,CUST_2311,670.03,upi,checkout_abandoned,13,1675,1,3,2,0.667,1
PAY_08841,CUST_1819,420.16,upi,card_declined,0,222,2,1,1,1.0,0
PAY_08842,CUST_0137,2058.14,card,card_declined,11,248,2,10,7,0.7,1
PAY_08843,CUST_0526,2654.13,card,card_declined,4,955,1,0,0,0.75,0
PAY_08844,CUST_1833,2025.25,card,network_timeout,12,1082,0,0,0,0.75,1
PAY_08845,CUST_1078,1716.15,card,checkout_abandoned,1,398,1,7,7,1.0,0
PAY_08846,CUST_1452,409.14,card,network_timeout,8,136,0,11,11,1.0,1
PAY_08847,CUST_1148,1333.46,netbanking,checkout_abandoned,8,1087,1,13,11,0.846,0
PAY_08848,CUST_0888,1502.4,netbanking,network_timeout,15,425,2,3,3,1.0,0
PAY_08849,CUST_0869,1160.9,wallet,checkout_abandoned,16,318,0,8,5,0.625,1
PAY_08850,CUST_2054,387.82,card,checkout_abandoned,16,772,0,12,7,0.583,1
PAY_08851,CUST_1140,2873.63,card,insufficient_funds,11,1971,0,10,4,0.4,0
PAY_08852,CUST_0884,3598.07,upi,card_declined,1,199,1,14,12,0.857,1
PAY_08853,CUST_2311,953.2,upi,card_declined,21,997,1,1,1,1.0,0
PAY_08854,CUST_1326,1551.17,upi,network_timeout,18,1925,0,0,0,0.75,1
PAY_08855,CUST_1791,1209.56,netbanking,network_timeout,16,9,2,10,9,0.9,1
PAY_08856,CUST_1714,1219.0,upi,card_declined,13,1891,0,5,5,1.0,1
PAY_08857,CUST_0664,2670.64,upi,checkout_abandoned,13,1694,1,11,10,0.909,0
PAY_08858,CUST_0670,2722.75,wallet,checkout_abandoned,20,10,1,10,6,0.6,1
PAY_08859,CUST_1280,4252.91,card,insufficient_funds,7,896,2,6,2,0.333,1
PAY_08860,CUST_0292,4182.59,netbanking,card_declined,15,216,1,14,11,0.786,1
PAY_08861,CUST_0794,1568.85,upi,card_declined,23,827,0,13,10,0.769,0
PAY_08862,CUST_1738,17487.22,card,insufficient_funds,23,2030,0,5,4,0.8,1
PAY_08863,CUST_0537,6219.87,wallet,checkout_abandoned,18,1806,0,0,0,0.75,0
PAY_08864,CUST_0465,1063.19,netbanking,network_timeout,17,7,1,14,7,0.5,1
PAY_08865,CUST_2367,1991.85,netbanking,card_declined,2,1775,2,14,13,0.929,0
PAY_08866,CUST_0531,367.56,card,network_timeout,10,2066,1,13,1,0.077,1
PAY_08867,CUST_1516,1839.68,card,card_declined,20,1387,1,0,0,0.75,0
PAY_08868,CUST_0500,6867.1,upi,insufficient_funds,5,1237,1,10,9,0.9,1
PAY_08869,CUST_2245,16656.99,card,insufficient_funds,8,1432,0,14,11,0.786,1
PAY_08870,CUST_1869,1633.56,card,network_timeout,15,1198,2,5,5,1.0,0
PAY_08871,CUST_1797,2353.0,card,network_timeout,23,518,1,11,11,1.0,0
PAY_08872,CUST_0787,2921.32,card,checkout_abandoned,11,76,2,8,4,0.5,0
PAY_08873,CUST_1591,8771.87,upi,card_declined,19,105,1,6,1,0.167,0
PAY_08874,CUST_1852,819.88,upi,checkout_abandoned,10,784,0,10,4,0.4,1
PAY_08875,CUST_1591,15062.33,card,card_declined,15,1596,1,8,3,0.375,0
PAY_08876,CUST_1419,1396.72,upi,insufficient_funds,19,1807,0,10,6,0.6,0
PAY_08877,CUST_1336,705.86,card,checkout_abandoned,21,482,0,3,2,0.667,0
PAY_08878,CUST_1268,1398.75,card,checkout_abandoned,22,699,2,4,2,0.5,1
PAY_08879,CUST_1450,941.86,upi,card_declined,20,24,2,9,7,0.778,0
PAY_08880,CUST_2261,2517.31,upi,network_timeout,10,1955,0,8,4,0.5,0
PAY_08881,CUST_0597,479.92,card,checkout_abandoned,2,346,1,5,5,1.0,0
PAY_08882,CUST_1445,2015.97,upi,checkout_abandoned,0,1112,2,12,11,0.917,0
PAY_08883,CUST_2046,3061.67,card,network_timeout,23,129,2,5,5,1.0,0
PAY_08884,CUST_0592,5894.7,upi,card_declined,21,1811,2,7,1,0.143,0
PAY_08885,CUST_0268,3102.7,card,network_timeout,7,1903,2,4,4,1.0,0
PAY_08886,CUST_2459,5611.43,upi,card_declined,1,1691,0,8,4,0.5,0
PAY_08887,CUST_1954,1108.77,upi,card_declined,14,387,0,8,6,0.75,1
PAY_08888,CUST_0776,2467.34,card,network_timeout,10,1001,2,4,4,1.0,1
PAY_08889,CUST_0159,302.52,upi,checkout_abandoned,11,2055,2,11,9,0.818,0
PAY_08890,CUST_1185,1643.12,netbanking,card_declined,7,1803,0,2,1,0.5,0
PAY_08891,CUST_1767,2452.7,card,checkout_abandoned,0,335,2,11,9,0.818,0
PAY_08892,CUST_0942,2636.82,upi,checkout_abandoned,8,1863,0,0,0,0.75,1
PAY_08893,CUST_1813,510.95,netbanking,checkout_abandoned,9,1043,1,3,3,1.0,1
PAY_08894,CUST_1848,1317.39,card,card_declined,15,2077,2,6,4,0.667,0
PAY_08895,CUST_0712,1472.82,wallet,insufficient_funds,5,911,1,6,3,0.5,1
PAY_08896,CUST_1161,1277.02,card,card_declined,20,164,2,9,5,0.556,1
PAY_08897,CUST_1963,3214.88,upi,card_declined,19,1057,0,14,9,0.643,1
PAY_08898,CUST_0876,1513.35,netbanking,insufficient_funds,17,1747,1,11,6,0.545,0
PAY_08899,CUST_0902,1948.87,wallet,insufficient_funds,9,1795,2,8,5,0.625,0
PAY_08900,CUST_1619,1216.64,upi,card_declined,10,1439,2,1,0,0.0,0
PAY_08901,CUST_0992,4219.2,upi,card_declined,22,1878,1,14,11,0.786,0
PAY_08902,CUST_1231,4477.99,card,checkout_abandoned,18,1513,0,4,4,1.0,0
PAY_08903,CUST_1477,1406.51,card,checkout_abandoned,13,1250,1,9,3,0.333,0
PAY_08904,CUST_0044,17606.32,netbanking,insufficient_funds,15,2002,2,12,11,0.917,0
PAY_08905,CUST_1726,974.92,card,checkout_abandoned,23,584,1,10,8,0.8,0
PAY_08906,CUST_1613,4029.1,netbanking,card_declined,11,85,2,1,1,1.0,0
PAY_08907,CUST_1993,841.13,card,insufficient_funds,8,2023,0,3,3,1.0,1
PAY_08908,CUST_0398,3340.79,card,checkout_abandoned,8,1631,2,14,11,0.786,0
PAY_08909,CUST_0061,3138.64,card,insufficient_funds,20,1676,2,11,6,0.545,0
PAY_08910,CUST_2402,801.23,upi,card_declined,11,811,1,9,7,0.778,0
PAY_08911,CUST_0119,1621.42,card,insufficient_funds,8,1110,0,6,3,0.5,0
PAY_08912,CUST_1861,8020.32,card,network_timeout,18,1303,1,14,7,0.5,0
PAY_08913,CUST_1828,938.33,wallet,network_timeout,20,1395,2,10,9,0.9,1
PAY_08914,CUST_0935,2482.53,netbanking,insufficient_funds,16,509,2,10,6,0.6,0
PAY_08915,CUST_0898,2354.14,netbanking,insufficient_funds,20,835,1,13,6,0.462,0
PAY_08916,CUST_0151,1740.13,card,insufficient_funds,19,629,0,14,8,0.571,0
PAY_08917,CUST_2049,450.63,card,network_timeout,16,965,2,12,6,0.5,0
PAY_08918,CUST_0820,3492.74,upi,card_declined,23,1331,2,9,8,0.889,0
PAY_08919,CUST_2375,1816.81,card,checkout_abandoned,9,544,0,3,0,0.0,0
PAY_08920,CUST_1629,4352.99,card,checkout_abandoned,23,796,0,4,3,0.75,0
PAY_08921,CUST_0056,2166.67,wallet,insufficient_funds,8,783,2,2,1,0.5,0
PAY_08922,CUST_2247,1895.27,card,checkout_abandoned,22,644,0,12,11,0.917,1
PAY_08923,CUST_2258,2424.97,wallet,card_declined,16,1753,2,5,2,0.4,0
PAY_08924,CUST_1870,816.9,card,insufficient_funds,18,78,0,3,3,1.0,1
PAY_08925,CUST_2299,6260.57,card,insufficient_funds,23,1283,1,10,7,0.7,0
PAY_08926,CUST_1926,1333.03,card,network_timeout,23,331,1,8,5,0.625,1
PAY_08927,CUST_1505,1346.81,wallet,checkout_abandoned,21,1058,1,3,2,0.667,0
PAY_08928,CUST_0326,5061.3,upi,checkout_abandoned,11,1315,0,5,4,0.8,0
PAY_08929,CUST_1140,2193.86,netbanking,insufficient_funds,11,1014,0,7,5,0.714,0
PAY_08930,CUST_0574,1489.78,card,insufficient_funds,3,877,1,11,9,0.818,0
PAY_08931,CUST_0934,2506.39,netbanking,network_timeout,9,1292,0,0,0,0.75,1
PAY_08932,CUST_1977,2970.04,upi,insufficient_funds,19,64,2,11,3,0.273,0
PAY_08933,CUST_2123,1637.41,upi,card_declined,14,1960,1,1,1,1.0,0
PAY_08934,CUST_0941,3764.63,netbanking,checkout_abandoned,4,758,0,12,7,0.583,0
PAY_08935,CUST_0484,651.38,netbanking,checkout_abandoned,7,97,2,1,1,1.0,1
PAY_08936,CUST_2146,2219.39,upi,checkout_abandoned,12,789,1,3,3,1.0,1
PAY_08937,CUST_1646,3414.4,card,card_declined,7,766,0,5,5,1.0,1
PAY_08938,CUST_0102,2960.1,netbanking,card_declined,21,496,1,14,6,0.429,1
PAY_08939,CUST_1077,299.68,card,insufficient_funds,19,1321,2,5,5,1.0,0
PAY_08940,CUST_1543,1626.63,wallet,checkout_abandoned,18,360,1,12,8,0.667,1
PAY_08941,CUST_0308,681.51,card,card_declined,19,744,1,3,2,0.667,1
PAY_08942,CUST_1273,5034.95,card,card_declined,7,21,1,5,5,1.0,0
PAY_08943,CUST_1275,1316.86,card,card_declined,3,500,2,7,2,0.286,0
PAY_08944,CUST_2013,4606.87,upi,checkout_abandoned,5,1359,2,1,0,0.0,0
PAY_08945,CUST_0995,679.87,card,checkout_abandoned,3,595,0,0,0,0.75,0
PAY_08946,CUST_0424,2460.34,netbanking,checkout_abandoned,14,1658,1,5,2,0.4,0
PAY_08947,CUST_1023,1811.47,upi,card_declined,5,1085,2,11,4,0.364,0
PAY_08948,CUST_0496,16428.9,card,checkout_abandoned,18,502,1,1,1,1.0,1
PAY_08949,CUST_1959,4618.77,upi,insufficient_funds,19,571,0,12,10,0.833,1
PAY_08950,CUST_1232,4388.09,netbanking,card_declined,18,703,0,9,6,0.667,0
PAY_08951,CUST_1272,9116.02,netbanking,insufficient_funds,7,1167,2,4,3,0.75,1
PAY_08952,CUST_1511,2258.73,card,network_timeout,18,1943,1,1,1,1.0,0
PAY_08953,CUST_2165,1662.27,wallet,insufficient_funds,4,527,2,8,6,0.75,0
PAY_08954,CUST_0407,1517.35,card,checkout_abandoned,0,2087,0,6,1,0.167,0
PAY_08955,CUST_0100,2339.74,upi,network_timeout,16,1411,1,1,1,1.0,1
PAY_08956,CUST_2266,196.26,netbanking,insufficient_funds,16,1224,1,10,6,0.6,0
PAY_08957,CUST_2402,1803.35,card,checkout_abandoned,19,682,1,12,12,1.0,1
PAY_08958,CUST_2108,2158.08,card,checkout_abandoned,15,862,1,6,5,0.833,1
PAY_08959,CUST_0467,1589.0,upi,card_declined,11,1648,0,6,1,0.167,1
PAY_08960,CUST_0315,528.91,card,network_timeout,9,2130,2,13,8,0.615,0
PAY_08961,CUST_0897,1596.67,card,card_declined,16,1086,0,5,3,0.6,0
PAY_08962,CUST_2124,527.73,card,insufficient_funds,23,126,1,3,3,1.0,0
PAY_08963,CUST_2202,7439.42,netbanking,checkout_abandoned,10,1226,2,12,12,1.0,1
PAY_08964,CUST_2287,1465.08,card,network_timeout,10,638,1,7,6,0.857,1
PAY_08965,CUST_0698,345.63,upi,insufficient_funds,5,1661,0,14,10,0.714,0
PAY_08966,CUST_0612,1525.89,wallet,card_declined,1,1135,0,13,10,0.769,0
PAY_08967,CUST_0745,3684.39,netbanking,network_timeout,17,303,1,12,6,0.5,1
PAY_08968,CUST_2162,2072.28,upi,insufficient_funds,1,533,2,5,2,0.4,0
PAY_08969,CUST_0186,866.5,upi,checkout_abandoned,1,1970,1,10,9,0.9,0
PAY_08970,CUST_1408,1046.22,card,network_timeout,10,1994,2,7,4,0.571,0
PAY_08971,CUST_0251,1430.91,card,checkout_abandoned,15,819,2,11,5,0.455,0
PAY_08972,CUST_2006,1266.25,card,insufficient_funds,14,1136,1,13,5,0.385,0
PAY_08973,CUST_0726,657.13,card,checkout_abandoned,23,730,0,10,8,0.8,1
PAY_08974,CUST_1507,1705.24,card,card_declined,23,1922,0,7,4,0.571,0
PAY_08975,CUST_1067,619.28,upi,insufficient_funds,8,1835,0,14,10,0.714,0
PAY_08976,CUST_0746,3845.96,card,card_declined,10,714,1,12,7,0.583,0
PAY_08977,CUST_1940,4240.46,card,card_declined,7,539,1,3,1,0.333,0
PAY_08978,CUST_1731,806.73,netbanking,checkout_abandoned,13,358,0,14,10,0.714,1
PAY_08979,CUST_2027,1014.58,card,checkout_abandoned,14,1665,0,7,5,0.714,1
PAY_08980,CUST_1750,1283.24,upi,network_timeout,20,1978,1,3,2,0.667,1
PAY_08981,CUST_1913,1755.18,card,network_timeout,8,1141,1,4,3,0.75,1
PAY_08982,CUST_1803,2210.6,upi,network_timeout,17,1033,0,11,7,0.636,1
PAY_08983,CUST_0287,2607.07,card,network_timeout,2,796,1,5,4,0.8,0
PAY_08984,CUST_1901,2558.87,card,checkout_abandoned,21,1713,1,9,6,0.667,1
PAY_08985,CUST_0998,6239.37,netbanking,network_timeout,2,104,0,6,4,0.667,1
PAY_08986,CUST_1616,1889.06,upi,checkout_abandoned,15,681,2,14,9,0.643,0
PAY_08987,CUST_0168,634.96,card,insufficient_funds,3,1306,0,2,1,0.5,0
PAY_08988,CUST_1086,496.8,card,checkout_abandoned,22,237,0,8,6,0.75,1
PAY_08989,CUST_0847,6661.98,upi,card_declined,20,760,0,5,3,0.6,1
PAY_08990,CUST_0832,2706.11,card,insufficient_funds,15,1368,1,11,10,0.909,1
PAY_08991,CUST_1068,2123.25,upi,checkout_abandoned,10,747,2,14,7,0.5,0
PAY_08992,CUST_2275,2577.95,upi,card_declined,3,569,0,5,1,0.2,0
PAY_08993,CUST_1749,2046.24,upi,card_declined,23,1561,2,13,7,0.538,0
PAY_08994,CUST_2036,2545.53,netbanking,insufficient_funds,8,1980,0,9,7,0.778,0
PAY_08995,CUST_1453,1336.05,card,insufficient_funds,2,461,0,0,0,0.75,0
PAY_08996,CUST_2089,4186.83,netbanking,checkout_abandoned,11,635,1,11,9,0.818,0
PAY_08997,CUST_1844,1182.81,upi,checkout_abandoned,1,468,2,8,8,1.0,1
PAY_08998,CUST_0229,873.85,upi,network_timeout,19,619,2,14,11,0.786,0
PAY_08999,CUST_1636,465.39,upi,checkout_abandoned,10,1986,1,6,2,0.333,0
PAY_09000,CUST_1017,1488.26,upi,network_timeout,7,1628,2,3,3,1.0,0
PAY_09001,CUST_1231,4961.9,card,checkout_abandoned,6,1749,2,2,1,0.5,0
PAY_09002,CUST_0886,1248.45,wallet,card_declined,11,815,0,1,0,0.0,0
PAY_09003,CUST_0190,597.47,wallet,network_timeout,2,256,1,10,8,0.8,1
PAY_09004,CUST_2190,2260.64,card,card_declined,5,309,0,14,4,0.286,0
PAY_09005,CUST_0571,1069.22,upi,card_declined,7,2012,0,9,9,1.0,0
PAY_09006,CUST_0829,6211.49,netbanking,checkout_abandoned,8,517,1,9,2,0.222,0
PAY_09007,CUST_1578,4252.32,wallet,card_declined,0,229,2,0,0,0.75,1
PAY_09008,CUST_2351,651.21,upi,network_timeout,6,1433,1,0,0,0.75,0
PAY_09009,CUST_0668,1566.23,card,checkout_abandoned,9,696,0,7,5,0.714,1
PAY_09010,CUST_2025,983.7,upi,card_declined,22,267,2,7,7,1.0,0
PAY_09011,CUST_0314,711.33,card,insufficient_funds,21,734,1,6,4,0.667,0
PAY_09012,CUST_2172,1721.23,upi,checkout_abandoned,21,1504,2,14,11,0.786,0
PAY_09013,CUST_0569,3463.82,upi,checkout_abandoned,4,729,1,4,4,1.0,1
PAY_09014,CUST_0267,1686.1,upi,insufficient_funds,17,2047,2,14,8,0.571,0
PAY_09015,CUST_1496,1191.09,card,checkout_abandoned,0,949,1,3,3,1.0,1
PAY_09016,CUST_2440,308.14,upi,checkout_abandoned,2,295,0,4,4,1.0,0
PAY_09017,CUST_2353,1056.68,upi,checkout_abandoned,0,1936,1,4,3,0.75,0
PAY_09018,CUST_0925,2798.91,card,insufficient_funds,22,601,2,11,6,0.545,0
PAY_09019,CUST_0212,615.23,card,checkout_abandoned,7,769,0,4,4,1.0,1
PAY_09020,CUST_0201,5022.04,card,checkout_abandoned,3,736,2,6,5,0.833,0
PAY_09021,CUST_0495,1128.49,netbanking,insufficient_funds,2,1052,2,1,0,0.0,0
PAY_09022,CUST_1559,2101.73,upi,checkout_abandoned,1,1268,0,5,3,0.6,1
PAY_09023,CUST_1128,1307.97,upi,checkout_abandoned,2,1220,1,2,1,0.5,1
PAY_09024,CUST_2162,702.39,upi,network_timeout,1,1399,0,11,8,0.727,1
PAY_09025,CUST_0228,2560.04,netbanking,checkout_abandoned,14,592,1,12,8,0.667,0
PAY_09026,CUST_1821,1115.58,upi,network_timeout,6,2082,2,4,2,0.5,0
PAY_09027,CUST_2369,924.37,card,checkout_abandoned,23,1011,1,14,7,0.5,0
PAY_09028,CUST_1764,268.98,card,checkout_abandoned,3,2124,1,6,5,0.833,1
PAY_09029,CUST_2368,5103.55,card,card_declined,4,153,0,12,5,0.417,0
PAY_09030,CUST_2353,1808.88,netbanking,card_declined,4,691,0,3,2,0.667,1
PAY_09031,CUST_0854,4362.49,upi,insufficient_funds,8,1782,2,12,11,0.917,0
PAY_09032,CUST_2419,2956.31,netbanking,checkout_abandoned,6,447,1,2,2,1.0,1
PAY_09033,CUST_0418,4362.01,upi,insufficient_funds,23,1382,2,5,5,1.0,0
PAY_09034,CUST_2060,1146.22,netbanking,checkout_abandoned,21,539,1,5,5,1.0,0
PAY_09035,CUST_2351,600.39,wallet,network_timeout,2,1774,1,2,2,1.0,0
PAY_09036,CUST_1961,3313.29,upi,insufficient_funds,21,1318,2,14,6,0.429,0
PAY_09037,CUST_1993,1997.6,card,checkout_abandoned,23,1070,0,4,4,1.0,1
PAY_09038,CUST_0877,1239.48,card,network_timeout,21,580,2,6,5,0.833,1
PAY_09039,CUST_1786,3260.75,upi,insufficient_funds,21,1994,0,0,0,0.75,0
PAY_09040,CUST_1157,2303.18,netbanking,card_declined,18,1761,2,10,5,0.5,0
PAY_09041,CUST_0423,3000.98,upi,card_declined,6,994,1,2,2,1.0,1
PAY_09042,CUST_1325,794.43,card,card_declined,15,1000,1,4,3,0.75,0
PAY_09043,CUST_2206,3934.88,upi,insufficient_funds,5,1652,1,13,9,0.692,0
PAY_09044,CUST_1198,1793.34,card,network_timeout,14,24,2,12,11,0.917,1
PAY_09045,CUST_1180,4287.41,card,insufficient_funds,0,1690,0,1,1,1.0,1
PAY_09046,CUST_2018,3905.51,netbanking,card_declined,23,1699,0,9,5,0.556,0
PAY_09047,CUST_2421,3116.86,upi,insufficient_funds,0,1608,2,11,9,0.818,0
PAY_09048,CUST_2484,1646.89,card,insufficient_funds,7,913,1,14,6,0.429,0
PAY_09049,CUST_2224,3175.43,card,checkout_abandoned,2,997,0,3,0,0.0,0
PAY_09050,CUST_0515,4377.23,upi,insufficient_funds,17,2144,2,4,2,0.5,0
PAY_09051,CUST_0599,2924.64,card,card_declined,15,1511,0,3,2,0.667,0
PAY_09052,CUST_1972,2116.71,card,network_timeout,1,1646,2,8,7,0.875,1
PAY_09053,CUST_1978,3181.22,upi,checkout_abandoned,14,994,0,9,4,0.444,1
PAY_09054,CUST_1528,1182.02,upi,checkout_abandoned,2,1209,1,2,2,1.0,0
PAY_09055,CUST_1693,6043.47,card,checkout_abandoned,16,811,0,0,0,0.75,1
PAY_09056,CUST_1817,468.75,upi,checkout_abandoned,14,263,0,2,0,0.0,0
PAY_09057,CUST_0424,1850.23,upi,network_timeout,1,1741,0,3,3,1.0,0
PAY_09058,CUST_1252,1300.85,card,checkout_abandoned,20,1126,0,8,1,0.125,0
PAY_09059,CUST_1501,1077.96,card,card_declined,1,1135,0,3,3,1.0,0
PAY_09060,CUST_1741,2297.78,card,checkout_abandoned,21,1325,2,12,10,0.833,0
PAY_09061,CUST_0535,731.55,card,checkout_abandoned,16,1473,2,9,8,0.889,0
PAY_09062,CUST_1564,10067.7,netbanking,checkout_abandoned,0,1846,0,2,2,1.0,0
PAY_09063,CUST_1049,610.24,upi,network_timeout,8,1594,2,14,8,0.571,0
PAY_09064,CUST_1640,840.95,wallet,checkout_abandoned,6,1752,0,10,6,0.6,0
PAY_09065,CUST_0623,779.77,card,card_declined,21,1533,0,13,13,1.0,0
PAY_09066,CUST_2378,2109.78,upi,network_timeout,20,2022,2,10,7,0.7,1
PAY_09067,CUST_0954,4052.86,upi,insufficient_funds,8,268,1,9,4,0.444,1
PAY_09068,CUST_0115,2741.74,netbanking,network_timeout,13,1532,0,7,3,0.429,0
PAY_09069,CUST_0729,5845.44,netbanking,checkout_abandoned,4,258,2,9,5,0.556,0
PAY_09070,CUST_0741,928.65,upi,insufficient_funds,3,1036,1,11,10,0.909,0
PAY_09071,CUST_0873,3048.85,upi,card_declined,6,96,0,14,10,0.714,1
PAY_09072,CUST_1612,1411.93,wallet,insufficient_funds,10,889,0,8,6,0.75,0
PAY_09073,CUST_0115,2160.3,wallet,checkout_abandoned,0,821,0,11,5,0.455,0
PAY_09074,CUST_0956,4369.86,wallet,checkout_abandoned,18,1029,0,14,12,0.857,0
PAY_09075,CUST_0404,464.86,card,checkout_abandoned,18,1820,2,9,8,0.889,0
PAY_09076,CUST_1125,8851.56,card,card_declined,18,653,0,11,7,0.636,0
PAY_09077,CUST_0839,1602.54,card,checkout_abandoned,17,238,0,2,1,0.5,0
PAY_09078,CUST_1067,497.82,upi,checkout_abandoned,20,304,0,13,12,0.923,1
PAY_09079,CUST_0975,1034.08,card,card_declined,2,1734,2,14,9,0.643,0
PAY_09080,CUST_1946,1953.52,card,insufficient_funds,0,554,1,5,2,0.4,0
PAY_09081,CUST_2233,1033.89,upi,network_timeout,10,811,2,13,13,1.0,1
PAY_09082,CUST_0143,349.75,card,insufficient_funds,7,1497,1,12,10,0.833,0
PAY_09083,CUST_0939,1944.93,upi,card_declined,19,1910,2,3,1,0.333,0
PAY_09084,CUST_1125,1010.44,card,card_declined,7,171,1,14,7,0.5,1
PAY_09085,CUST_0996,3030.41,netbanking,card_declined,10,1661,1,8,6,0.75,0
PAY_09086,CUST_1668,765.73,card,card_declined,6,845,2,2,1,0.5,0
PAY_09087,CUST_1762,10990.27,upi,insufficient_funds,19,1122,1,1,1,1.0,0
PAY_09088,CUST_1024,2714.72,upi,checkout_abandoned,10,381,1,7,5,0.714,1
PAY_09089,CUST_1469,2106.91,card,network_timeout,15,269,2,7,1,0.143,1
PAY_09090,CUST_0163,2963.25,card,insufficient_funds,9,1487,1,12,8,0.667,0
PAY_09091,CUST_0430,419.19,netbanking,checkout_abandoned,17,1349,2,7,4,0.571,0
PAY_09092,CUST_2375,1209.52,upi,network_timeout,9,723,1,5,5,1.0,0
PAY_09093,CUST_1422,7494.75,card,card_declined,21,785,2,4,4,1.0,0
PAY_09094,CUST_0948,1393.31,upi,card_declined,10,1132,1,7,4,0.571,0
PAY_09095,CUST_2441,1711.77,card,card_declined,8,945,2,3,3,1.0,0
PAY_09096,CUST_2351,1239.35,upi,network_timeout,7,1805,0,11,5,0.455,0
PAY_09097,CUST_0145,5808.91,upi,network_timeout,19,470,1,2,2,1.0,1
PAY_09098,CUST_2304,1480.05,upi,insufficient_funds,23,1141,2,12,7,0.583,1
PAY_09099,CUST_0414,661.21,card,network_timeout,13,1410,0,3,2,0.667,1
PAY_09100,CUST_0342,14165.92,card,checkout_abandoned,13,645,1,2,0,0.0,0
PAY_09101,CUST_0257,599.16,card,insufficient_funds,22,430,0,14,12,0.857,0
PAY_09102,CUST_1596,1665.1,card,network_timeout,11,1289,1,5,5,1.0,0
PAY_09103,CUST_1407,917.92,upi,network_timeout,20,856,1,10,6,0.6,1
PAY_09104,CUST_0718,1026.86,upi,checkout_abandoned,5,2105,1,5,0,0.0,0
PAY_09105,CUST_2152,770.99,card,checkout_abandoned,2,451,0,14,14,1.0,1
PAY_09106,CUST_0515,1168.58,card,checkout_abandoned,6,1229,2,2,1,0.5,0
PAY_09107,CUST_0936,3955.13,upi,card_declined,2,910,2,6,1,0.167,0
PAY_09108,CUST_1404,393.06,upi,insufficient_funds,18,745,1,1,0,0.0,0
PAY_09109,CUST_2259,4935.4,netbanking,checkout_abandoned,3,1234,1,8,7,0.875,0
PAY_09110,CUST_1341,4299.53,card,insufficient_funds,9,1663,1,11,8,0.727,0
PAY_09111,CUST_2109,2704.82,card,checkout_abandoned,18,639,0,7,6,0.857,1
PAY_09112,CUST_2212,1991.17,card,insufficient_funds,7,1338,1,12,12,1.0,1
PAY_09113,CUST_1393,2245.88,upi,network_timeout,21,1801,1,11,11,1.0,1
PAY_09114,CUST_1693,5621.04,upi,network_timeout,4,2089,2,14,12,0.857,0
PAY_09115,CUST_1058,445.37,card,insufficient_funds,17,1352,2,14,10,0.714,1
PAY_09116,CUST_1834,3220.76,card,checkout_abandoned,23,341,0,14,5,0.357,1
PAY_09117,CUST_0832,990.89,upi,card_declined,7,1815,1,6,6,1.0,1
PAY_09118,CUST_1978,3484.71,card,network_timeout,8,2134,2,14,12,0.857,1
PAY_09119,CUST_0371,1101.76,upi,network_timeout,17,2050,1,9,4,0.444,0
PAY_09120,CUST_0170,3168.58,card,checkout_abandoned,4,1508,2,1,1,1.0,0
PAY_09121,CUST_0126,521.52,card,network_timeout,15,257,1,1,1,1.0,1
PAY_09122,CUST_0907,464.74,card,checkout_abandoned,17,1326,0,5,2,0.4,0
PAY_09123,CUST_0390,1644.34,wallet,checkout_abandoned,22,393,0,8,7,0.875,1
PAY_09124,CUST_1529,5675.8,card,insufficient_funds,21,1643,0,1,1,1.0,1
PAY_09125,CUST_1423,2764.37,card,checkout_abandoned,5,107,1,8,2,0.25,1
PAY_09126,CUST_1940,2748.56,netbanking,checkout_abandoned,18,327,2,10,10,1.0,0
PAY_09127,CUST_0729,3582.07,card,insufficient_funds,18,1501,1,10,10,1.0,0
PAY_09128,CUST_2015,1310.23,card,network_timeout,8,554,0,14,10,0.714,0
PAY_09129,CUST_2078,2934.06,card,insufficient_funds,21,193,1,5,5,1.0,0
PAY_09130,CUST_2179,1132.07,upi,network_timeout,17,257,0,0,0,0.75,1
PAY_09131,CUST_2040,1400.14,card,card_declined,10,662,1,14,4,0.286,0
PAY_09132,CUST_1688,1546.37,netbanking,checkout_abandoned,7,1064,0,7,1,0.143,1
PAY_09133,CUST_0209,1163.42,upi,insufficient_funds,2,1547,0,9,8,0.889,0
PAY_09134,CUST_0353,1707.36,upi,network_timeout,11,1108,0,7,6,0.857,1
PAY_09135,CUST_2326,1468.35,card,card_declined,2,908,1,7,7,1.0,0
PAY_09136,CUST_0694,1021.89,netbanking,checkout_abandoned,2,1948,1,2,2,1.0,0
PAY_09137,CUST_2391,1608.51,netbanking,network_timeout,16,1679,0,8,8,1.0,1
PAY_09138,CUST_1518,2038.06,netbanking,network_timeout,6,956,2,12,7,0.583,0
PAY_09139,CUST_1439,746.69,card,insufficient_funds,13,2159,0,1,1,1.0,0
PAY_09140,CUST_1579,2513.69,upi,card_declined,12,1553,1,5,3,0.6,0
PAY_09141,CUST_0895,1212.69,upi,insufficient_funds,13,790,0,14,11,0.786,1
PAY_09142,CUST_0015,2109.29,wallet,checkout_abandoned,1,873,0,6,2,0.333,1
PAY_09143,CUST_0601,1057.12,card,card_declined,13,165,0,2,2,1.0,1
PAY_09144,CUST_1240,4171.11,netbanking,checkout_abandoned,17,1723,1,14,10,0.714,0
PAY_09145,CUST_0585,3867.77,upi,card_declined,19,1304,0,2,2,1.0,0
PAY_09146,CUST_2446,777.46,netbanking,checkout_abandoned,9,252,0,3,2,0.667,1
PAY_09147,CUST_1178,2739.53,upi,card_declined,10,325,1,6,6,1.0,0
PAY_09148,CUST_0148,5724.78,netbanking,network_timeout,12,225,1,5,5,1.0,0
PAY_09149,CUST_0999,843.03,card,insufficient_funds,15,345,2,6,4,0.667,0
PAY_09150,CUST_0922,898.19,card,card_declined,11,696,1,11,3,0.273,0
PAY_09151,CUST_1679,3240.85,card,insufficient_funds,15,1636,0,8,8,1.0,0
PAY_09152,CUST_1468,632.58,netbanking,insufficient_funds,17,2150,2,7,7,1.0,0
PAY_09153,CUST_1070,966.36,card,network_timeout,17,911,2,10,3,0.3,1
PAY_09154,CUST_2343,799.36,upi,checkout_abandoned,15,1154,2,9,3,0.333,1
PAY_09155,CUST_1581,3273.22,wallet,network_timeout,23,1163,2,9,9,1.0,1
PAY_09156,CUST_0187,1034.42,netbanking,checkout_abandoned,16,1407,2,7,5,0.714,1
PAY_09157,CUST_0831,1433.48,upi,network_timeout,22,1486,2,8,2,0.25,0
PAY_09158,CUST_2091,989.19,netbanking,card_declined,5,212,1,4,4,1.0,1
PAY_09159,CUST_1747,4511.35,card,card_declined,15,1239,1,6,3,0.5,0
PAY_09160,CUST_0771,905.09,upi,insufficient_funds,15,842,1,2,2,1.0,0
PAY_09161,CUST_0704,583.74,upi,insufficient_funds,8,1746,1,1,1,1.0,0
PAY_09162,CUST_0748,565.72,netbanking,checkout_abandoned,12,2011,1,12,10,0.833,1
PAY_09163,CUST_1436,3135.27,card,checkout_abandoned,9,763,0,12,10,0.833,1
PAY_09164,CUST_0681,3321.71,card,network_timeout,1,1231,2,4,4,1.0,0
PAY_09165,CUST_1087,4887.25,upi,network_timeout,9,549,0,6,4,0.667,1
PAY_09166,CUST_2216,656.4,upi,insufficient_funds,1,124,2,14,8,0.571,0
PAY_09167,CUST_1503,1496.03,netbanking,network_timeout,21,311,2,7,5,0.714,1
PAY_09168,CUST_0415,12548.81,upi,card_declined,13,1836,2,0,0,0.75,0
PAY_09169,CUST_1447,1413.31,netbanking,card_declined,14,695,1,8,8,1.0,0
PAY_09170,CUST_0182,1146.9,upi,insufficient_funds,14,230,1,13,3,0.231,1
PAY_09171,CUST_1335,1770.0,netbanking,card_declined,8,516,1,3,3,1.0,0
PAY_09172,CUST_1991,2750.4,upi,checkout_abandoned,18,1336,2,14,13,0.929,1
PAY_09173,CUST_0929,2713.86,card,card_declined,9,918,1,11,10,0.909,0
PAY_09174,CUST_2182,1101.03,card,card_declined,18,328,1,0,0,0.75,0
PAY_09175,CUST_2253,1127.22,netbanking,checkout_abandoned,11,1020,0,14,12,0.857,1
PAY_09176,CUST_0643,1419.95,card,checkout_abandoned,10,1884,0,9,7,0.778,1
PAY_09177,CUST_0783,1003.72,upi,network_timeout,6,995,0,3,1,0.333,1
PAY_09178,CUST_2433,670.3,card,network_timeout,10,2102,2,11,6,0.545,0
PAY_09179,CUST_0538,7645.73,netbanking,checkout_abandoned,5,797,2,12,6,0.5,0
PAY_09180,CUST_2332,1299.85,card,card_declined,9,559,2,9,5,0.556,0
PAY_09181,CUST_1105,1360.15,upi,insufficient_funds,8,1271,1,14,10,0.714,1
PAY_09182,CUST_0304,1394.47,upi,card_declined,22,1831,2,13,6,0.462,0
PAY_09183,CUST_2348,1687.72,card,insufficient_funds,9,1745,0,4,1,0.25,0
PAY_09184,CUST_0390,2548.73,upi,checkout_abandoned,16,1957,2,1,1,1.0,0
PAY_09185,CUST_1537,1240.65,netbanking,checkout_abandoned,8,117,2,12,3,0.25,0
PAY_09186,CUST_0949,4478.42,upi,checkout_abandoned,8,1640,1,14,4,0.286,0
PAY_09187,CUST_2446,2903.86,wallet,checkout_abandoned,8,71,0,4,1,0.25,0
PAY_09188,CUST_1681,1545.07,netbanking,network_timeout,16,1677,2,8,8,1.0,0
PAY_09189,CUST_2007,1056.33,upi,checkout_abandoned,4,574,0,7,6,0.857,1
PAY_09190,CUST_0019,4287.6,upi,checkout_abandoned,12,1515,1,5,4,0.8,0
PAY_09191,CUST_0902,1581.15,wallet,network_timeout,12,840,0,8,7,0.875,1
PAY_09192,CUST_1531,666.03,upi,insufficient_funds,13,151,1,7,4,0.571,0
PAY_09193,CUST_0913,4074.05,card,network_timeout,2,1494,2,14,5,0.357,0
PAY_09194,CUST_2140,1006.75,netbanking,insufficient_funds,21,768,0,5,0,0.0,0
PAY_09195,CUST_2034,3605.96,wallet,network_timeout,6,334,0,2,1,0.5,1
PAY_09196,CUST_1196,240.84,upi,card_declined,14,664,1,6,4,0.667,0
PAY_09197,CUST_0923,1340.25,card,network_timeout,7,400,2,2,2,1.0,1
PAY_09198,CUST_0201,4552.89,upi,card_declined,21,451,0,2,2,1.0,1
PAY_09199,CUST_2144,1807.4,upi,insufficient_funds,23,947,0,9,4,0.444,0
PAY_09200,CUST_0475,2904.6,card,network_timeout,12,994,2,12,7,0.583,0
PAY_09201,CUST_1952,874.8,upi,card_declined,21,717,2,1,1,1.0,0
PAY_09202,CUST_1539,2377.27,upi,checkout_abandoned,18,563,2,5,5,1.0,1
PAY_09203,CUST_1574,1805.41,card,insufficient_funds,23,1783,2,2,1,0.5,0
PAY_09204,CUST_1542,2186.83,upi,insufficient_funds,12,1136,2,7,2,0.286,1
PAY_09205,CUST_1248,9200.07,card,card_declined,15,500,0,8,8,1.0,1
PAY_09206,CUST_0364,5111.32,netbanking,checkout_abandoned,13,1038,0,13,10,0.769,1
PAY_09207,CUST_2312,3391.87,card,network_timeout,17,2154,1,13,9,0.692,1
PAY_09208,CUST_1563,3426.3,netbanking,insufficient_funds,10,18,1,13,8,0.615,0
PAY_09209,CUST_2347,869.76,card,card_declined,9,1994,0,6,1,0.167,0
PAY_09210,CUST_0769,1234.67,wallet,checkout_abandoned,15,284,1,11,11,1.0,1
PAY_09211,CUST_0634,528.2,netbanking,checkout_abandoned,21,544,2,4,3,0.75,0
PAY_09212,CUST_0258,651.89,card,insufficient_funds,1,1268,2,0,0,0.75,1
PAY_09213,CUST_1248,885.64,wallet,card_declined,22,472,2,13,12,0.923,1
PAY_09214,CUST_1389,1758.55,upi,card_declined,16,2115,0,13,9,0.692,1
PAY_09215,CUST_1502,675.56,upi,card_declined,0,1588,2,2,1,0.5,0
PAY_09216,CUST_1711,1744.47,wallet,checkout_abandoned,12,1244,1,2,1,0.5,0
PAY_09217,CUST_2025,1591.32,wallet,checkout_abandoned,22,846,0,13,8,0.615,1
PAY_09218,CUST_0657,726.44,upi,checkout_abandoned,17,2008,2,6,1,0.167,0
PAY_09219,CUST_0158,6099.8,wallet,checkout_abandoned,13,775,0,11,9,0.818,1
PAY_09220,CUST_1941,623.86,card,card_declined,0,2142,0,13,7,0.538,0
PAY_09221,CUST_1742,4400.18,card,checkout_abandoned,10,2134,2,8,8,1.0,0
PAY_09222,CUST_0161,296.52,card,insufficient_funds,6,1478,2,1,1,1.0,1
PAY_09223,CUST_1580,1606.41,card,insufficient_funds,19,1508,0,9,6,0.667,1
PAY_09224,CUST_0674,690.52,upi,checkout_abandoned,13,1273,2,1,0,0.0,0
PAY_09225,CUST_1977,1066.33,card,card_declined,6,2054,2,10,3,0.3,0
PAY_09226,CUST_1113,7659.22,upi,checkout_abandoned,11,1252,2,8,6,0.75,1
PAY_09227,CUST_0748,1363.71,card,checkout_abandoned,16,2044,1,6,4,0.667,0
PAY_09228,CUST_1208,743.9,card,checkout_abandoned,2,435,2,7,5,0.714,0
PAY_09229,CUST_1115,2658.85,upi,checkout_abandoned,11,928,0,14,7,0.5,1
PAY_09230,CUST_1546,1354.17,card,insufficient_funds,1,359,2,5,5,1.0,0
PAY_09231,CUST_1817,2030.65,upi,card_declined,4,9,2,12,6,0.5,0
PAY_09232,CUST_0783,866.08,netbanking,checkout_abandoned,9,645,1,12,8,0.667,0
PAY_09233,CUST_1072,900.88,upi,network_timeout,14,2022,1,14,10,0.714,1
PAY_09234,CUST_0406,958.53,netbanking,checkout_abandoned,9,714,1,13,11,0.846,0
PAY_09235,CUST_2414,3409.39,wallet,card_declined,22,1772,0,9,7,0.778,0
PAY_09236,CUST_2420,1501.29,card,insufficient_funds,9,600,0,14,9,0.643,0
PAY_09237,CUST_0499,778.16,upi,insufficient_funds,15,1475,1,10,9,0.9,1
PAY_09238,CUST_0290,2048.78,card,checkout_abandoned,22,416,0,1,1,1.0,1
PAY_09239,CUST_0774,1918.17,card,checkout_abandoned,15,1040,1,1,1,1.0,0
PAY_09240,CUST_0015,2848.15,upi,checkout_abandoned,4,1628,1,10,9,0.9,0
PAY_09241,CUST_1204,1224.27,upi,insufficient_funds,0,1910,2,7,4,0.571,0
PAY_09242,CUST_1358,1691.69,netbanking,network_timeout,17,806,0,13,10,0.769,1
PAY_09243,CUST_1287,2522.2,upi,card_declined,4,1254,2,8,4,0.5,0
PAY_09244,CUST_0383,802.76,netbanking,insufficient_funds,4,1257,0,3,1,0.333,0
PAY_09245,CUST_2328,3657.45,upi,insufficient_funds,20,966,1,12,6,0.5,0
PAY_09246,CUST_1653,1823.84,card,network_timeout,1,859,2,7,3,0.429,1
PAY_09247,CUST_2242,746.0,card,network_timeout,7,2013,1,14,12,0.857,1
PAY_09248,CUST_1644,741.6,upi,insufficient_funds,14,949,0,0,0,0.75,0
PAY_09249,CUST_0791,1662.41,upi,network_timeout,21,1592,2,0,0,0.75,1
PAY_09250,CUST_1258,1159.06,card,checkout_abandoned,20,920,0,2,2,1.0,1
PAY_09251,CUST_0089,3291.92,card,card_declined,15,1155,0,14,14,1.0,0
PAY_09252,CUST_0843,1431.02,card,insufficient_funds,7,1243,2,1,1,1.0,0
PAY_09253,CUST_2181,2293.83,upi,checkout_abandoned,5,421,1,10,5,0.5,0
PAY_09254,CUST_1723,912.92,card,checkout_abandoned,13,501,0,10,6,0.6,1
PAY_09255,CUST_0760,1767.19,card,checkout_abandoned,14,1470,2,13,8,0.615,1
PAY_09256,CUST_1481,5156.28,card,card_declined,15,2123,1,9,3,0.333,0
PAY_09257,CUST_0375,1598.85,card,network_timeout,23,1467,0,0,0,0.75,0
PAY_09258,CUST_0697,1156.52,upi,checkout_abandoned,16,1298,0,0,0,0.75,1
PAY_09259,CUST_0874,901.89,wallet,insufficient_funds,3,2155,2,0,0,0.75,0
PAY_09260,CUST_0286,1773.17,card,insufficient_funds,14,1501,2,8,6,0.75,0
PAY_09261,CUST_1301,5558.0,upi,checkout_abandoned,19,1911,2,6,2,0.333,0
PAY_09262,CUST_0331,604.66,upi,card_declined,21,747,1,1,0,0.0,0
PAY_09263,CUST_1389,1729.53,upi,checkout_abandoned,9,1754,2,0,0,0.75,0
PAY_09264,CUST_1429,456.89,card,checkout_abandoned,4,1858,1,3,1,0.333,0
PAY_09265,CUST_0905,1296.22,card,card_declined,9,1775,0,7,3,0.429,0
PAY_09266,CUST_1135,2221.1,wallet,checkout_abandoned,17,793,0,13,8,0.615,0
PAY_09267,CUST_0916,508.39,wallet,network_timeout,4,1603,1,12,12,1.0,0
PAY_09268,CUST_1692,1261.04,card,checkout_abandoned,22,1800,2,6,6,1.0,1
PAY_09269,CUST_1338,2270.96,upi,checkout_abandoned,19,1287,0,4,4,1.0,1
PAY_09270,CUST_0113,1999.1,card,checkout_abandoned,8,490,0,11,11,1.0,1
PAY_09271,CUST_1984,2360.69,card,card_declined,10,401,1,14,4,0.286,1
PAY_09272,CUST_2429,825.4,card,checkout_abandoned,18,1806,1,4,3,0.75,1
PAY_09273,CUST_0970,2270.21,upi,checkout_abandoned,14,393,0,7,4,0.571,1
PAY_09274,CUST_1394,1113.8,card,network_timeout,14,2054,0,1,1,1.0,1
PAY_09275,CUST_1652,3186.78,card,network_timeout,4,1281,2,1,1,1.0,0
PAY_09276,CUST_0531,283.45,card,card_declined,6,439,0,13,10,0.769,1
PAY_09277,CUST_1703,1427.75,card,checkout_abandoned,4,450,0,3,2,0.667,1
PAY_09278,CUST_0509,1948.17,card,card_declined,9,73,0,2,2,1.0,0
PAY_09279,CUST_0247,5298.02,upi,insufficient_funds,14,1284,1,4,2,0.5,0
PAY_09280,CUST_2189,1929.43,upi,checkout_abandoned,21,1779,0,5,3,0.6,0
PAY_09281,CUST_1902,2092.62,upi,checkout_abandoned,23,1595,2,3,0,0.0,0
PAY_09282,CUST_0209,2430.7,upi,checkout_abandoned,11,1261,0,10,6,0.6,1
PAY_09283,CUST_0188,4905.01,netbanking,network_timeout,10,1272,0,8,5,0.625,1
PAY_09284,CUST_0269,1326.14,card,card_declined,7,529,0,8,2,0.25,0
PAY_09285,CUST_2235,585.85,card,network_timeout,20,1773,1,14,9,0.643,1
PAY_09286,CUST_1953,502.66,netbanking,card_declined,23,1157,2,13,7,0.538,0
PAY_09287,CUST_2458,3062.23,upi,checkout_abandoned,9,1800,0,4,3,0.75,1
PAY_09288,CUST_2369,2151.9,upi,network_timeout,7,2125,1,14,12,0.857,1
PAY_09289,CUST_2024,1466.26,card,insufficient_funds,23,1900,1,10,7,0.7,1
PAY_09290,CUST_1103,1126.27,card,card_declined,1,2034,1,2,1,0.5,0
PAY_09291,CUST_2070,2080.18,card,insufficient_funds,11,1621,1,4,3,0.75,1
PAY_09292,CUST_0243,2128.81,netbanking,checkout_abandoned,4,664,0,3,3,1.0,0
PAY_09293,CUST_0385,2642.3,upi,checkout_abandoned,14,620,1,11,11,1.0,1
PAY_09294,CUST_1724,741.45,card,card_declined,23,1488,0,9,6,0.667,0
PAY_09295,CUST_0006,438.82,card,card_declined,1,524,1,11,4,0.364,0
PAY_09296,CUST_0681,866.72,card,insufficient_funds,7,1103,2,2,0,0.0,0
PAY_09297,CUST_0768,610.72,card,card_declined,1,1500,2,7,4,0.571,0
PAY_09298,CUST_2374,585.93,upi,checkout_abandoned,20,619,0,8,3,0.375,1
PAY_09299,CUST_0326,6319.09,card,checkout_abandoned,3,233,0,10,6,0.6,1
PAY_09300,CUST_2254,293.52,netbanking,card_declined,20,309,2,5,4,0.8,0
PAY_09301,CUST_1910,2620.99,upi,checkout_abandoned,8,1509,0,0,0,0.75,0
PAY_09302,CUST_2199,3718.74,wallet,insufficient_funds,0,275,1,13,9,0.692,1
PAY_09303,CUST_1955,3966.0,netbanking,card_declined,11,1702,1,6,5,0.833,1
PAY_09304,CUST_0008,2246.95,wallet,network_timeout,17,53,1,13,12,0.923,1
PAY_09305,CUST_0178,5174.35,wallet,card_declined,5,1657,0,6,5,0.833,1
PAY_09306,CUST_2350,7497.03,card,network_timeout,13,1379,2,3,1,0.333,0
PAY_09307,CUST_0999,1413.41,card,checkout_abandoned,9,568,0,6,5,0.833,1
PAY_09308,CUST_1712,2574.78,card,checkout_abandoned,14,585,2,1,0,0.0,0
PAY_09309,CUST_2314,4994.92,upi,insufficient_funds,4,1137,0,8,8,1.0,0
PAY_09310,CUST_0122,903.23,upi,network_timeout,10,1264,2,14,3,0.214,0
PAY_09311,CUST_0790,1479.73,card,card_declined,21,1814,2,3,1,0.333,1
PAY_09312,CUST_1796,1091.04,netbanking,network_timeout,3,1633,1,2,2,1.0,0
PAY_09313,CUST_1390,2602.75,netbanking,insufficient_funds,6,1122,0,2,1,0.5,0
PAY_09314,CUST_2300,394.28,upi,network_timeout,3,11,0,2,2,1.0,1
PAY_09315,CUST_1221,5680.78,card,card_declined,9,1990,1,5,4,0.8,0
PAY_09316,CUST_0862,2758.88,card,checkout_abandoned,0,958,1,3,0,0.0,0
PAY_09317,CUST_0784,2885.62,upi,checkout_abandoned,0,1834,0,10,7,0.7,1
PAY_09318,CUST_1699,271.75,card,insufficient_funds,6,587,0,5,3,0.6,0
PAY_09319,CUST_0605,783.23,upi,checkout_abandoned,17,793,1,5,4,0.8,1
PAY_09320,CUST_0832,5930.82,card,card_declined,15,1325,1,2,1,0.5,0
PAY_09321,CUST_1040,1561.84,card,checkout_abandoned,13,1576,1,8,8,1.0,1
PAY_09322,CUST_1639,453.18,card,insufficient_funds,6,310,1,4,3,0.75,0
PAY_09323,CUST_0047,2149.18,upi,card_declined,22,1715,2,10,7,0.7,0
PAY_09324,CUST_1318,3099.1,card,checkout_abandoned,9,1232,0,0,0,0.75,1
PAY_09325,CUST_1185,2753.8,wallet,network_timeout,14,1757,2,9,7,0.778,0
PAY_09326,CUST_0324,1595.94,card,network_timeout,14,1266,2,12,11,0.917,0
PAY_09327,CUST_0849,4464.86,wallet,network_timeout,21,1184,2,10,10,1.0,0
PAY_09328,CUST_0019,1026.52,card,card_declined,15,1381,2,3,3,1.0,0
PAY_09329,CUST_2497,2772.8,card,card_declined,10,1093,0,10,8,0.8,0
PAY_09330,CUST_1911,2005.31,wallet,network_timeout,20,219,0,12,10,0.833,1
PAY_09331,CUST_2016,1618.21,upi,network_timeout,15,733,2,7,2,0.286,0
PAY_09332,CUST_0555,1329.22,upi,card_declined,8,2115,0,9,5,0.556,0
PAY_09333,CUST_1088,1367.4,upi,insufficient_funds,0,547,0,12,6,0.5,0
PAY_09334,CUST_1024,1847.05,card,network_timeout,17,943,1,7,5,0.714,1
PAY_09335,CUST_0236,1424.2,netbanking,checkout_abandoned,18,474,1,2,2,1.0,1
PAY_09336,CUST_2235,3235.69,card,checkout_abandoned,8,991,0,14,9,0.643,1
PAY_09337,CUST_0151,1172.34,netbanking,insufficient_funds,14,1683,1,4,4,1.0,0
PAY_09338,CUST_2117,6311.79,wallet,network_timeout,17,1551,0,5,5,1.0,1
PAY_09339,CUST_0408,1131.17,netbanking,network_timeout,18,221,1,9,7,0.778,1
PAY_09340,CUST_1594,3757.87,upi,insufficient_funds,22,1996,2,2,1,0.5,0
PAY_09341,CUST_2498,3889.81,upi,card_declined,14,1371,0,5,5,1.0,0
PAY_09342,CUST_0693,2055.41,upi,card_declined,8,1478,0,8,6,0.75,0
PAY_09343,CUST_0660,1914.0,card,checkout_abandoned,10,1662,1,11,9,0.818,0
PAY_09344,CUST_0312,1004.62,netbanking,card_declined,11,1440,0,2,2,1.0,0
PAY_09345,CUST_2475,1190.21,upi,network_timeout,4,1887,0,12,10,0.833,1
PAY_09346,CUST_0448,2146.02,card,network_timeout,5,1500,1,4,3,0.75,1
PAY_09347,CUST_1943,1736.16,netbanking,insufficient_funds,4,2136,0,13,8,0.615,0
PAY_09348,CUST_2373,4637.86,card,checkout_abandoned,12,1466,0,13,13,1.0,1
PAY_09349,CUST_1809,1251.21,netbanking,checkout_abandoned,10,1807,2,10,10,1.0,0
PAY_09350,CUST_1577,1313.29,netbanking,card_declined,12,1167,2,13,12,0.923,0
PAY_09351,CUST_0250,475.21,card,checkout_abandoned,1,716,1,2,1,0.5,1
PAY_09352,CUST_1034,3012.01,card,network_timeout,19,1113,2,6,3,0.5,0
PAY_09353,CUST_1618,2802.08,upi,insufficient_funds,21,335,2,2,2,1.0,0
PAY_09354,CUST_2362,3933.2,card,checkout_abandoned,18,1029,1,7,5,0.714,1
PAY_09355,CUST_0774,4114.58,wallet,checkout_abandoned,16,1571,0,8,4,0.5,0
PAY_09356,CUST_1333,3383.61,card,insufficient_funds,9,1647,0,8,8,1.0,1
PAY_09357,CUST_0014,3499.71,card,checkout_abandoned,2,847,2,1,0,0.0,0
PAY_09358,CUST_1007,2932.46,card,network_timeout,4,1010,2,1,0,0.0,0
PAY_09359,CUST_1489,3317.0,netbanking,network_timeout,7,1242,2,14,11,0.786,0
PAY_09360,CUST_0315,412.39,upi,card_declined,6,297,2,3,2,0.667,0
PAY_09361,CUST_2205,746.73,netbanking,insufficient_funds,7,1354,0,7,6,0.857,0
PAY_09362,CUST_0212,655.23,wallet,insufficient_funds,12,1056,1,8,5,0.625,0
PAY_09363,CUST_1904,4972.51,upi,network_timeout,10,1611,1,2,2,1.0,0
PAY_09364,CUST_1675,962.15,card,network_timeout,23,1375,1,4,3,0.75,1
PAY_09365,CUST_2147,1093.62,card,checkout_abandoned,2,380,2,9,8,0.889,1
PAY_09366,CUST_0139,1809.61,netbanking,insufficient_funds,16,1220,1,3,1,0.333,0
PAY_09367,CUST_2371,665.54,card,checkout_abandoned,5,733,1,11,7,0.636,1
PAY_09368,CUST_0206,2440.55,netbanking,checkout_abandoned,6,1334,0,9,8,0.889,0
PAY_09369,CUST_2423,327.42,netbanking,checkout_abandoned,10,1357,1,14,7,0.5,0
PAY_09370,CUST_2404,701.73,upi,checkout_abandoned,23,825,1,8,5,0.625,0
PAY_09371,CUST_0447,2110.32,upi,checkout_abandoned,22,1326,0,12,11,0.917,1
PAY_09372,CUST_1483,666.63,wallet,card_declined,20,378,2,4,1,0.25,0
PAY_09373,CUST_1781,5088.98,netbanking,checkout_abandoned,1,821,1,10,9,0.9,0
PAY_09374,CUST_2236,1867.89,upi,checkout_abandoned,10,1557,1,14,6,0.429,0
PAY_09375,CUST_0500,4452.4,card,network_timeout,19,1120,2,12,3,0.25,0
PAY_09376,CUST_0424,2396.77,upi,card_declined,16,82,2,11,5,0.455,0
PAY_09377,CUST_1507,1782.9,card,checkout_abandoned,8,980,0,6,1,0.167,0
PAY_09378,CUST_2376,811.02,wallet,card_declined,2,550,2,8,5,0.625,0
PAY_09379,CUST_1438,3785.22,upi,insufficient_funds,11,1934,0,8,4,0.5,0
PAY_09380,CUST_1768,2562.01,netbanking,card_declined,23,2013,2,3,2,0.667,0
PAY_09381,CUST_2151,9540.11,card,network_timeout,7,148,1,3,2,0.667,1
PAY_09382,CUST_0789,3492.11,netbanking,insufficient_funds,3,795,1,9,4,0.444,0
PAY_09383,CUST_0998,1309.79,card,network_timeout,19,1267,2,9,9,1.0,1
PAY_09384,CUST_2265,2268.97,upi,checkout_abandoned,20,722,0,10,4,0.4,0
PAY_09385,CUST_0551,2523.12,card,network_timeout,19,1573,0,9,5,0.556,1
PAY_09386,CUST_0262,4563.79,netbanking,network_timeout,11,270,2,8,5,0.625,1
PAY_09387,CUST_0138,5182.47,upi,checkout_abandoned,11,1831,0,7,6,0.857,1
PAY_09388,CUST_2237,1581.24,upi,checkout_abandoned,17,542,2,9,2,0.222,0
PAY_09389,CUST_1833,680.7,card,card_declined,1,518,1,5,5,1.0,1
PAY_09390,CUST_1653,408.49,card,card_declined,7,734,0,2,1,0.5,0
PAY_09391,CUST_0822,723.36,card,network_timeout,2,2018,2,10,8,0.8,0
PAY_09392,CUST_1272,1121.16,card,checkout_abandoned,12,604,2,5,2,0.4,0
PAY_09393,CUST_1241,5996.97,upi,network_timeout,22,550,0,11,7,0.636,1
PAY_09394,CUST_2202,6070.2,upi,card_declined,14,538,2,13,10,0.769,0
PAY_09395,CUST_2433,3880.31,card,checkout_abandoned,1,324,1,5,5,1.0,1
PAY_09396,CUST_0035,4816.78,upi,checkout_abandoned,9,2009,2,2,2,1.0,1
PAY_09397,CUST_1525,1022.11,card,network_timeout,14,1420,0,0,0,0.75,1
PAY_09398,CUST_1391,535.55,card,checkout_abandoned,11,1211,0,8,0,0.0,0
PAY_09399,CUST_1579,804.58,netbanking,checkout_abandoned,11,294,2,13,6,0.462,1
PAY_09400,CUST_1270,353.43,card,checkout_abandoned,23,107,1,13,6,0.462,1
PAY_09401,CUST_2415,738.32,upi,checkout_abandoned,4,664,0,13,8,0.615,1
PAY_09402,CUST_0388,1200.85,wallet,checkout_abandoned,10,2011,1,0,0,0.75,0
PAY_09403,CUST_0539,2056.8,netbanking,network_timeout,8,1149,2,0,0,0.75,1
PAY_09404,CUST_0649,2006.02,upi,network_timeout,3,1747,0,14,13,0.929,1
PAY_09405,CUST_1740,1036.74,upi,checkout_abandoned,23,656,2,10,8,0.8,0
PAY_09406,CUST_0461,2837.56,netbanking,network_timeout,11,217,0,13,7,0.538,1
PAY_09407,CUST_0707,1052.78,netbanking,network_timeout,11,492,2,14,6,0.429,1
PAY_09408,CUST_0617,1814.52,card,card_declined,21,508,2,10,3,0.3,0
PAY_09409,CUST_0645,740.67,upi,checkout_abandoned,6,1302,1,6,5,0.833,0
PAY_09410,CUST_1760,4300.45,netbanking,network_timeout,6,416,1,10,5,0.5,1
PAY_09411,CUST_0445,1830.25,netbanking,insufficient_funds,20,2115,0,9,4,0.444,0
PAY_09412,CUST_2413,3098.28,card,insufficient_funds,7,1491,1,13,6,0.462,0
PAY_09413,CUST_0257,680.34,card,card_declined,10,881,1,12,6,0.5,0
PAY_09414,CUST_1625,2069.54,upi,checkout_abandoned,6,1299,1,2,2,1.0,0
PAY_09415,CUST_0058,2845.26,card,checkout_abandoned,6,1543,2,13,9,0.692,0
PAY_09416,CUST_1381,350.88,upi,network_timeout,8,1655,1,10,5,0.5,0
PAY_09417,CUST_0066,4582.59,upi,insufficient_funds,6,41,0,11,6,0.545,1
PAY_09418,CUST_1232,662.49,card,checkout_abandoned,11,1096,1,5,4,0.8,1
PAY_09419,CUST_0545,2130.82,card,network_timeout,19,850,0,7,0,0.0,0
PAY_09420,CUST_0350,7522.88,netbanking,checkout_abandoned,8,653,1,13,4,0.308,0
PAY_09421,CUST_0715,3864.02,netbanking,card_declined,6,1396,2,2,2,1.0,0
PAY_09422,CUST_1876,546.53,netbanking,card_declined,4,524,0,7,4,0.571,0
PAY_09423,CUST_0731,1561.05,wallet,network_timeout,10,551,0,14,12,0.857,0
PAY_09424,CUST_2280,4828.47,wallet,card_declined,8,1434,1,11,11,1.0,0
PAY_09425,CUST_2164,936.47,upi,network_timeout,9,140,1,2,2,1.0,1
PAY_09426,CUST_0934,1349.7,card,checkout_abandoned,9,808,0,2,2,1.0,1
PAY_09427,CUST_1126,1319.8,netbanking,card_declined,13,1631,0,7,3,0.429,1
PAY_09428,CUST_0291,2840.04,upi,insufficient_funds,11,866,2,3,3,1.0,0
PAY_09429,CUST_0009,526.34,card,checkout_abandoned,4,633,1,13,10,0.769,0
PAY_09430,CUST_1746,2970.34,wallet,checkout_abandoned,15,455,1,12,5,0.417,0
PAY_09431,CUST_2057,1093.68,card,network_timeout,13,1060,0,14,14,1.0,1
PAY_09432,CUST_1865,1783.75,wallet,card_declined,17,1699,2,5,2,0.4,0
PAY_09433,CUST_1595,1503.64,upi,network_timeout,19,195,1,4,2,0.5,0
PAY_09434,CUST_0355,2908.39,card,network_timeout,19,1315,1,7,3,0.429,0
PAY_09435,CUST_1639,1769.96,netbanking,checkout_abandoned,17,1694,1,1,1,1.0,1
PAY_09436,CUST_0604,5698.11,netbanking,network_timeout,6,478,0,10,4,0.4,1
PAY_09437,CUST_2233,3972.24,upi,insufficient_funds,2,1480,2,13,11,0.846,0
PAY_09438,CUST_0851,952.68,upi,checkout_abandoned,14,901,0,2,2,1.0,0
PAY_09439,CUST_0117,5365.69,card,network_timeout,4,43,0,2,2,1.0,0
PAY_09440,CUST_0809,2324.05,card,card_declined,4,1524,0,4,2,0.5,0
PAY_09441,CUST_1045,2062.03,card,network_timeout,15,1550,1,12,11,0.917,1
PAY_09442,CUST_0690,3547.89,card,checkout_abandoned,14,1493,1,4,2,0.5,0
PAY_09443,CUST_0301,782.6,card,checkout_abandoned,4,174,0,10,9,0.9,0
PAY_09444,CUST_1466,597.04,upi,insufficient_funds,22,973,2,13,10,0.769,1
PAY_09445,CUST_0721,1836.28,card,checkout_abandoned,2,379,0,6,2,0.333,1
PAY_09446,CUST_2129,1108.21,upi,insufficient_funds,20,1414,0,2,1,0.5,0
PAY_09447,CUST_1159,9457.06,card,network_timeout,19,971,0,13,11,0.846,1
PAY_09448,CUST_1467,976.61,card,network_timeout,14,1344,1,5,1,0.2,0
PAY_09449,CUST_0345,1858.9,wallet,card_declined,8,1897,0,8,8,1.0,1
PAY_09450,CUST_0402,2098.78,wallet,insufficient_funds,6,185,0,14,14,1.0,0
PAY_09451,CUST_1894,4820.15,netbanking,checkout_abandoned,13,519,0,13,11,0.846,1
PAY_09452,CUST_0354,812.32,card,insufficient_funds,3,1260,1,12,10,0.833,0
PAY_09453,CUST_1995,495.66,upi,checkout_abandoned,18,2003,2,5,4,0.8,0
PAY_09454,CUST_2418,5492.23,card,checkout_abandoned,10,107,1,10,7,0.7,0
PAY_09455,CUST_0924,1919.76,upi,network_timeout,12,1807,0,5,1,0.2,0
PAY_09456,CUST_0022,3440.38,netbanking,card_declined,9,1726,0,8,8,1.0,0
PAY_09457,CUST_1644,3572.07,card,card_declined,2,422,0,5,1,0.2,0
PAY_09458,CUST_2337,4103.31,wallet,card_declined,16,1786,0,12,10,0.833,0
PAY_09459,CUST_1265,1330.42,upi,network_timeout,16,1265,1,11,2,0.182,1
PAY_09460,CUST_1164,1071.05,card,checkout_abandoned,2,114,2,14,7,0.5,0
PAY_09461,CUST_1912,364.5,card,checkout_abandoned,8,110,1,3,2,0.667,0
PAY_09462,CUST_0015,812.1,netbanking,card_declined,1,715,1,13,10,0.769,1
PAY_09463,CUST_0841,1891.76,upi,insufficient_funds,8,1153,1,3,1,0.333,0
PAY_09464,CUST_0612,1027.03,card,card_declined,17,1690,1,9,6,0.667,0
PAY_09465,CUST_0010,722.58,card,checkout_abandoned,13,216,2,2,2,1.0,0
PAY_09466,CUST_1541,1874.09,wallet,card_declined,14,1433,2,10,7,0.7,0
PAY_09467,CUST_1242,5270.58,card,card_declined,14,1443,2,11,4,0.364,0
PAY_09468,CUST_0519,1721.12,wallet,network_timeout,8,834,0,11,10,0.909,1
PAY_09469,CUST_0665,727.26,upi,network_timeout,9,576,1,4,2,0.5,0
PAY_09470,CUST_2309,4981.48,card,card_declined,17,565,2,12,11,0.917,0
PAY_09471,CUST_1348,968.98,card,checkout_abandoned,17,973,2,2,2,1.0,0
PAY_09472,CUST_0078,5878.4,netbanking,card_declined,10,638,2,10,7,0.7,0
PAY_09473,CUST_0651,1458.31,card,card_declined,17,1231,1,7,6,0.857,1
PAY_09474,CUST_0847,1954.81,card,card_declined,19,264,1,2,1,0.5,0
PAY_09475,CUST_2081,6274.55,card,insufficient_funds,9,1516,2,14,7,0.5,0
PAY_09476,CUST_0864,610.54,netbanking,checkout_abandoned,20,2155,1,11,6,0.545,0
PAY_09477,CUST_1222,777.01,upi,network_timeout,3,481,1,2,1,0.5,0
PAY_09478,CUST_1755,1386.18,upi,checkout_abandoned,17,1462,1,5,4,0.8,0
PAY_09479,CUST_0161,1609.32,card,insufficient_funds,13,1569,0,11,4,0.364,0
PAY_09480,CUST_2466,14901.21,upi,checkout_abandoned,22,1187,2,2,1,0.5,1
PAY_09481,CUST_0363,884.56,netbanking,checkout_abandoned,4,653,2,7,5,0.714,0
PAY_09482,CUST_2375,634.06,card,insufficient_funds,1,2127,0,1,0,0.0,0
PAY_09483,CUST_1550,851.39,wallet,checkout_abandoned,1,1351,1,0,0,0.75,1
PAY_09484,CUST_1048,2167.32,netbanking,network_timeout,3,801,2,3,3,1.0,1
PAY_09485,CUST_2365,2668.23,card,checkout_abandoned,12,572,0,10,9,0.9,1
PAY_09486,CUST_1593,1022.36,netbanking,insufficient_funds,18,1880,0,7,5,0.714,1
PAY_09487,CUST_1714,1830.55,upi,network_timeout,19,1560,2,4,4,1.0,1
PAY_09488,CUST_2297,8533.06,upi,network_timeout,17,1925,2,3,2,0.667,0
PAY_09489,CUST_0644,1851.36,card,checkout_abandoned,6,1607,2,12,5,0.417,0
PAY_09490,CUST_1876,2327.0,wallet,checkout_abandoned,10,262,2,9,7,0.778,1
PAY_09491,CUST_0545,8157.82,upi,insufficient_funds,1,1686,2,12,7,0.583,0
PAY_09492,CUST_0379,1029.8,netbanking,checkout_abandoned,12,2140,0,14,11,0.786,0
PAY_09493,CUST_1084,977.32,card,checkout_abandoned,18,52,2,9,6,0.667,0
PAY_09494,CUST_2299,1236.2,card,network_timeout,4,1619,1,0,0,0.75,1
PAY_09495,CUST_1634,1179.93,wallet,card_declined,12,1701,1,14,11,0.786,0
PAY_09496,CUST_1124,419.36,upi,card_declined,8,744,1,1,0,0.0,0
PAY_09497,CUST_0452,2010.09,card,card_declined,21,1873,1,10,10,1.0,0
PAY_09498,CUST_1059,2141.14,netbanking,card_declined,1,871,1,3,3,1.0,0
PAY_09499,CUST_1630,1551.31,card,checkout_abandoned,17,920,2,11,10,0.909,1
PAY_09500,CUST_0169,2194.08,netbanking,card_declined,0,154,0,12,9,0.75,0
PAY_09501,CUST_1083,2212.83,wallet,checkout_abandoned,10,810,1,11,5,0.455,1
PAY_09502,CUST_2149,628.05,card,network_timeout,15,1693,1,4,2,0.5,0
PAY_09503,CUST_0085,2267.55,upi,network_timeout,10,1184,1,9,9,1.0,1
PAY_09504,CUST_2287,2813.97,wallet,card_declined,14,659,2,2,2,1.0,0
PAY_09505,CUST_1637,501.63,wallet,network_timeout,15,1570,1,13,6,0.462,0
PAY_09506,CUST_2238,5802.45,upi,network_timeout,16,739,2,2,2,1.0,1
PAY_09507,CUST_1577,669.75,upi,network_timeout,0,834,0,12,9,0.75,0
PAY_09508,CUST_0485,724.12,upi,card_declined,9,1116,2,2,1,0.5,0
PAY_09509,CUST_1963,2115.63,card,checkout_abandoned,12,198,0,4,4,1.0,1
PAY_09510,CUST_0274,2760.87,upi,card_declined,19,1092,1,10,4,0.4,0
PAY_09511,CUST_0155,3353.23,card,network_timeout,14,1558,0,14,13,0.929,1
PAY_09512,CUST_0556,2819.56,card,insufficient_funds,9,446,0,10,4,0.4,0
PAY_09513,CUST_0254,1187.71,card,insufficient_funds,19,1206,1,5,0,0.0,0
PAY_09514,CUST_0630,1963.32,netbanking,checkout_abandoned,7,25,0,4,3,0.75,0
PAY_09515,CUST_0038,1397.17,card,card_declined,19,1779,0,9,6,0.667,0
PAY_09516,CUST_0840,2069.27,card,checkout_abandoned,14,1541,1,6,4,0.667,0
PAY_09517,CUST_2254,1901.33,card,checkout_abandoned,18,1561,0,3,3,1.0,0
PAY_09518,CUST_1277,1201.85,card,insufficient_funds,13,945,1,9,5,0.556,0
PAY_09519,CUST_1854,1363.44,wallet,insufficient_funds,18,1278,1,6,2,0.333,0
PAY_09520,CUST_2467,409.03,card,card_declined,17,1552,2,14,6,0.429,1
PAY_09521,CUST_1235,3496.95,card,checkout_abandoned,12,786,1,0,0,0.75,0
PAY_09522,CUST_0921,2283.78,wallet,network_timeout,10,838,1,11,9,0.818,0
PAY_09523,CUST_1576,284.35,card,card_declined,10,704,2,11,8,0.727,0
PAY_09524,CUST_0559,3395.04,upi,network_timeout,22,804,0,12,8,0.667,1
PAY_09525,CUST_2409,1725.24,netbanking,card_declined,14,1471,1,10,4,0.4,0
PAY_09526,CUST_0516,850.72,netbanking,network_timeout,11,1958,0,14,6,0.429,1
PAY_09527,CUST_2303,792.51,card,network_timeout,7,486,1,4,0,0.0,0
PAY_09528,CUST_1482,1037.91,upi,card_declined,0,580,1,5,3,0.6,0
PAY_09529,CUST_0792,854.33,upi,checkout_abandoned,4,96,1,14,7,0.5,1
PAY_09530,CUST_1723,951.26,upi,insufficient_funds,13,827,0,1,0,0.0,0
PAY_09531,CUST_1763,7016.71,card,network_timeout,1,1714,1,12,7,0.583,1
PAY_09532,CUST_1151,2422.23,netbanking,network_timeout,18,764,0,11,2,0.182,0
PAY_09533,CUST_1253,9176.03,upi,checkout_abandoned,8,12,0,8,6,0.75,1
PAY_09534,CUST_2038,2156.26,upi,network_timeout,11,422,0,1,1,1.0,1
PAY_09535,CUST_1862,2861.08,wallet,checkout_abandoned,13,466,1,9,6,0.667,1
PAY_09536,CUST_0039,889.78,netbanking,insufficient_funds,7,438,1,6,6,1.0,0
PAY_09537,CUST_1831,1573.6,netbanking,checkout_abandoned,14,1782,2,1,0,0.0,0
PAY_09538,CUST_1525,1686.14,card,card_declined,13,2043,1,11,9,0.818,0
PAY_09539,CUST_1081,2956.07,card,checkout_abandoned,7,973,1,12,3,0.25,0
PAY_09540,CUST_1514,1730.14,upi,card_declined,16,208,2,8,3,0.375,1
PAY_09541,CUST_0747,2384.16,card,checkout_abandoned,6,2073,1,2,2,1.0,1
PAY_09542,CUST_2248,2316.85,upi,checkout_abandoned,15,1535,2,5,4,0.8,0
PAY_09543,CUST_1299,1412.7,upi,insufficient_funds,0,1773,1,8,5,0.625,0
PAY_09544,CUST_0512,1301.13,upi,network_timeout,9,246,0,7,6,0.857,1
PAY_09545,CUST_1221,1054.0,card,network_timeout,10,311,1,8,3,0.375,1
PAY_09546,CUST_0933,4278.62,netbanking,insufficient_funds,9,341,2,3,3,1.0,0
PAY_09547,CUST_0448,1413.18,upi,checkout_abandoned,20,2154,0,11,11,1.0,1
PAY_09548,CUST_1235,2341.76,upi,checkout_abandoned,19,1582,1,1,0,0.0,0
PAY_09549,CUST_0673,1588.11,upi,network_timeout,17,1805,1,14,8,0.571,1
PAY_09550,CUST_1310,4211.76,card,card_declined,6,1360,2,6,2,0.333,0
PAY_09551,CUST_0278,366.89,upi,checkout_abandoned,9,762,2,12,9,0.75,0
PAY_09552,CUST_0707,2293.69,card,card_declined,9,764,1,0,0,0.75,0
PAY_09553,CUST_0731,659.59,upi,network_timeout,17,209,0,10,8,0.8,1
PAY_09554,CUST_1275,2460.46,card,card_declined,15,529,0,14,6,0.429,1
PAY_09555,CUST_0059,1600.87,card,card_declined,3,1397,1,14,12,0.857,0
PAY_09556,CUST_0407,551.62,card,card_declined,9,903,0,6,2,0.333,1
PAY_09557,CUST_1406,2358.2,card,insufficient_funds,14,1174,2,5,1,0.2,0
PAY_09558,CUST_0928,2153.58,netbanking,network_timeout,9,1885,2,13,12,0.923,0
PAY_09559,CUST_0117,1496.02,netbanking,network_timeout,1,273,0,9,6,0.667,0
PAY_09560,CUST_2361,1655.55,card,checkout_abandoned,2,1567,2,14,5,0.357,0
PAY_09561,CUST_2093,2048.27,card,checkout_abandoned,23,2105,0,3,1,0.333,0
PAY_09562,CUST_0463,4619.85,netbanking,card_declined,12,1938,1,6,2,0.333,0
PAY_09563,CUST_0533,1399.79,card,card_declined,3,426,1,4,3,0.75,0
PAY_09564,CUST_0343,4047.96,upi,network_timeout,23,622,1,6,1,0.167,1
PAY_09565,CUST_2074,1746.87,card,checkout_abandoned,22,1333,1,13,7,0.538,0
PAY_09566,CUST_0076,5075.24,upi,network_timeout,20,1005,1,13,10,0.769,0
PAY_09567,CUST_2462,1491.34,wallet,card_declined,13,1395,0,8,6,0.75,0
PAY_09568,CUST_1831,1056.25,card,checkout_abandoned,18,1441,2,0,0,0.75,0
PAY_09569,CUST_0014,748.0,wallet,card_declined,23,334,2,6,3,0.5,0
PAY_09570,CUST_1549,1751.96,netbanking,network_timeout,11,1881,1,7,4,0.571,0
PAY_09571,CUST_1871,954.32,wallet,card_declined,23,244,2,10,3,0.3,0
PAY_09572,CUST_0505,5536.58,netbanking,checkout_abandoned,19,1316,0,4,3,0.75,0
PAY_09573,CUST_0248,896.57,netbanking,insufficient_funds,15,1997,2,8,6,0.75,0
PAY_09574,CUST_1010,1036.42,upi,checkout_abandoned,21,106,0,11,9,0.818,1
PAY_09575,CUST_0498,2865.24,netbanking,card_declined,9,924,2,8,4,0.5,1
PAY_09576,CUST_0480,4647.92,card,network_timeout,5,964,1,12,5,0.417,1
PAY_09577,CUST_1708,3230.45,upi,card_declined,22,898,0,3,2,0.667,1
PAY_09578,CUST_1747,4198.53,upi,checkout_abandoned,11,1858,1,9,5,0.556,1
PAY_09579,CUST_2220,1688.12,card,card_declined,16,150,1,6,5,0.833,1
PAY_09580,CUST_0345,1707.25,card,card_declined,20,1703,2,6,5,0.833,0
PAY_09581,CUST_0144,8999.72,card,checkout_abandoned,3,33,0,6,6,1.0,1
PAY_09582,CUST_1889,6958.76,card,card_declined,19,2065,2,8,7,0.875,0
PAY_09583,CUST_1668,3187.22,card,card_declined,16,2114,0,7,5,0.714,0
PAY_09584,CUST_0850,4362.62,card,checkout_abandoned,21,1614,0,8,7,0.875,1
PAY_09585,CUST_1135,3577.32,card,checkout_abandoned,5,1814,0,14,12,0.857,0
PAY_09586,CUST_1189,685.92,upi,checkout_abandoned,22,349,2,9,3,0.333,1
PAY_09587,CUST_1812,1743.8,card,insufficient_funds,3,326,1,8,5,0.625,0
PAY_09588,CUST_2018,5960.81,card,network_timeout,6,436,2,13,10,0.769,0
PAY_09589,CUST_1943,3202.9,card,checkout_abandoned,12,749,2,3,3,1.0,1
PAY_09590,CUST_1330,1710.72,card,card_declined,14,747,1,3,3,1.0,0
PAY_09591,CUST_1035,6018.23,card,checkout_abandoned,20,356,0,1,1,1.0,0
PAY_09592,CUST_0966,2418.7,wallet,card_declined,3,249,0,3,3,1.0,1
PAY_09593,CUST_2257,3294.49,card,checkout_abandoned,22,1766,1,1,0,0.0,0
PAY_09594,CUST_0958,2428.84,card,network_timeout,12,1497,1,2,1,0.5,0
PAY_09595,CUST_1296,2775.18,upi,network_timeout,16,1771,1,9,7,0.778,0
PAY_09596,CUST_1308,2938.57,netbanking,network_timeout,1,774,2,10,10,1.0,1
PAY_09597,CUST_2028,5091.26,upi,card_declined,4,1842,0,9,4,0.444,0
PAY_09598,CUST_0411,5650.54,card,insufficient_funds,10,424,1,13,9,0.692,1
PAY_09599,CUST_0099,1254.72,upi,checkout_abandoned,13,1647,0,12,6,0.5,0
PAY_09600,CUST_0694,2392.16,upi,network_timeout,12,510,1,4,4,1.0,1
PAY_09601,CUST_0029,4975.84,card,network_timeout,3,1118,2,2,2,1.0,1
PAY_09602,CUST_1393,1620.18,wallet,card_declined,16,2032,0,6,6,1.0,0
PAY_09603,CUST_2431,631.71,wallet,checkout_abandoned,5,190,1,13,5,0.385,0
PAY_09604,CUST_0509,870.11,upi,insufficient_funds,5,1662,0,14,8,0.571,0
PAY_09605,CUST_0283,919.54,card,card_declined,2,1206,1,3,1,0.333,0
PAY_09606,CUST_1534,1247.63,upi,checkout_abandoned,21,694,1,2,1,0.5,1
PAY_09607,CUST_2410,990.85,wallet,network_timeout,16,2103,1,11,3,0.273,0
PAY_09608,CUST_0644,4100.35,wallet,network_timeout,0,1690,1,13,10,0.769,1
PAY_09609,CUST_0206,1442.43,card,checkout_abandoned,3,1797,0,14,8,0.571,1
PAY_09610,CUST_1592,4936.56,card,insufficient_funds,14,1987,2,14,10,0.714,0
PAY_09611,CUST_2431,728.73,card,checkout_abandoned,15,1849,2,4,3,0.75,1
PAY_09612,CUST_0309,1356.8,netbanking,checkout_abandoned,21,1662,1,11,9,0.818,0
PAY_09613,CUST_1406,1956.6,upi,network_timeout,22,375,2,10,8,0.8,1
PAY_09614,CUST_1256,3442.91,card,card_declined,20,843,0,5,5,1.0,0
PAY_09615,CUST_0650,4493.75,card,card_declined,20,845,0,0,0,0.75,0
PAY_09616,CUST_1876,1170.15,card,insufficient_funds,12,384,0,9,7,0.778,0
PAY_09617,CUST_0756,3984.94,netbanking,card_declined,22,635,2,5,3,0.6,0
PAY_09618,CUST_0789,468.73,card,card_declined,3,1702,0,4,3,0.75,0
PAY_09619,CUST_0964,3614.13,card,network_timeout,14,1266,0,0,0,0.75,1
PAY_09620,CUST_1909,615.66,upi,checkout_abandoned,2,120,0,1,1,1.0,1
PAY_09621,CUST_0124,2573.08,upi,card_declined,18,1461,1,2,2,1.0,0
PAY_09622,CUST_0826,4442.14,upi,checkout_abandoned,17,621,0,1,0,0.0,1
PAY_09623,CUST_1888,3660.39,netbanking,checkout_abandoned,23,120,2,14,9,0.643,1
PAY_09624,CUST_1932,485.02,card,checkout_abandoned,2,168,2,0,0,0.75,1
PAY_09625,CUST_1896,1258.6,card,checkout_abandoned,17,188,2,5,2,0.4,0
PAY_09626,CUST_2168,3194.19,card,checkout_abandoned,1,533,1,14,14,1.0,0
PAY_09627,CUST_0467,3121.84,upi,card_declined,2,1401,1,1,1,1.0,1
PAY_09628,CUST_0120,2244.61,wallet,insufficient_funds,10,680,2,9,7,0.778,0
PAY_09629,CUST_0351,309.28,card,checkout_abandoned,22,1903,2,3,1,0.333,0
PAY_09630,CUST_0662,4693.72,netbanking,checkout_abandoned,4,787,2,4,3,0.75,0
PAY_09631,CUST_0948,5412.95,upi,checkout_abandoned,7,119,2,6,6,1.0,0
PAY_09632,CUST_2418,2051.93,wallet,checkout_abandoned,19,308,0,8,4,0.5,1
PAY_09633,CUST_2314,2161.17,upi,card_declined,23,508,0,11,4,0.364,0
PAY_09634,CUST_0234,2691.87,card,insufficient_funds,13,1325,2,9,4,0.444,0
PAY_09635,CUST_0379,5790.05,netbanking,network_timeout,8,1156,0,0,0,0.75,1
PAY_09636,CUST_0325,2199.5,netbanking,card_declined,20,2078,0,2,2,1.0,1
PAY_09637,CUST_2168,1544.73,upi,network_timeout,12,300,0,9,6,0.667,1
PAY_09638,CUST_0039,2442.45,netbanking,checkout_abandoned,9,249,0,4,4,1.0,1
PAY_09639,CUST_1047,1784.07,card,network_timeout,5,1156,1,0,0,0.75,0
PAY_09640,CUST_0666,1800.36,upi,insufficient_funds,22,1536,0,8,6,0.75,1
PAY_09641,CUST_2163,438.28,card,checkout_abandoned,10,879,2,4,4,1.0,0
PAY_09642,CUST_1475,2734.78,card,card_declined,23,390,0,12,8,0.667,1
PAY_09643,CUST_1609,4594.92,card,checkout_abandoned,4,929,1,13,10,0.769,1
PAY_09644,CUST_0639,4071.8,card,card_declined,13,1389,1,1,0,0.0,0
PAY_09645,CUST_1915,3851.95,card,checkout_abandoned,10,1022,1,11,10,0.909,1
PAY_09646,CUST_2422,1725.27,upi,network_timeout,4,355,2,12,9,0.75,1
PAY_09647,CUST_2041,2022.49,netbanking,insufficient_funds,23,126,2,9,5,0.556,0
PAY_09648,CUST_1152,4668.83,card,network_timeout,1,1917,1,9,7,0.778,0
PAY_09649,CUST_0039,3602.65,card,card_declined,0,727,1,6,3,0.5,0
PAY_09650,CUST_1531,5911.33,card,network_timeout,22,52,1,7,6,0.857,1
PAY_09651,CUST_1475,1050.86,card,checkout_abandoned,6,906,2,1,1,1.0,1
PAY_09652,CUST_0573,1045.63,card,checkout_abandoned,12,471,2,2,1,0.5,1
PAY_09653,CUST_0098,1379.52,upi,card_declined,2,448,0,10,9,0.9,0
PAY_09654,CUST_1577,846.5,wallet,checkout_abandoned,4,1414,2,8,8,1.0,1
PAY_09655,CUST_1989,625.39,upi,checkout_abandoned,20,1443,0,2,0,0.0,0
PAY_09656,CUST_0681,2618.75,upi,checkout_abandoned,8,1456,2,5,1,0.2,0
PAY_09657,CUST_1470,2479.92,upi,insufficient_funds,20,1905,0,9,7,0.778,1
PAY_09658,CUST_2350,2191.9,card,card_declined,22,989,2,2,1,0.5,0
PAY_09659,CUST_1523,2388.78,card,checkout_abandoned,23,1595,2,3,3,1.0,1
PAY_09660,CUST_2053,558.12,card,insufficient_funds,23,530,1,13,6,0.462,0
PAY_09661,CUST_1889,1225.99,card,insufficient_funds,10,1408,2,6,3,0.5,0
PAY_09662,CUST_0030,1423.35,netbanking,checkout_abandoned,4,1343,1,6,6,1.0,1
PAY_09663,CUST_1667,1871.22,upi,insufficient_funds,18,787,1,1,0,0.0,0
PAY_09664,CUST_1029,559.89,upi,checkout_abandoned,12,2141,1,1,1,1.0,0
PAY_09665,CUST_0362,856.89,card,card_declined,3,2011,0,9,2,0.222,0
PAY_09666,CUST_1038,1269.48,card,checkout_abandoned,19,1381,0,4,2,0.5,1
PAY_09667,CUST_0474,4197.19,wallet,checkout_abandoned,20,412,2,4,4,1.0,0
PAY_09668,CUST_1363,2219.5,card,checkout_abandoned,17,385,2,2,2,1.0,1
PAY_09669,CUST_0920,4075.69,upi,checkout_abandoned,11,1394,2,11,5,0.455,0
PAY_09670,CUST_2010,1632.06,card,checkout_abandoned,15,1979,2,14,11,0.786,0
PAY_09671,CUST_2044,1801.42,card,insufficient_funds,3,353,1,3,2,0.667,0
PAY_09672,CUST_2176,2683.3,card,checkout_abandoned,19,1542,2,3,1,0.333,0
PAY_09673,CUST_1700,1562.08,wallet,checkout_abandoned,21,1241,2,11,9,0.818,1
PAY_09674,CUST_1447,1091.99,card,network_timeout,19,1295,0,7,4,0.571,1
PAY_09675,CUST_1623,546.6,upi,insufficient_funds,10,314,1,11,10,0.909,1
PAY_09676,CUST_1743,1115.67,card,card_declined,14,383,0,11,7,0.636,0
PAY_09677,CUST_1268,3513.93,upi,network_timeout,0,951,2,11,7,0.636,1
PAY_09678,CUST_0713,4934.87,upi,checkout_abandoned,11,642,0,2,2,1.0,0
PAY_09679,CUST_2071,969.73,upi,insufficient_funds,14,1373,2,8,4,0.5,0
PAY_09680,CUST_0217,449.69,card,insufficient_funds,19,1032,2,6,2,0.333,0
PAY_09681,CUST_0546,3777.55,card,network_timeout,21,1368,1,13,2,0.154,0
PAY_09682,CUST_0017,1902.61,netbanking,card_declined,18,1287,1,9,6,0.667,0
PAY_09683,CUST_0793,612.72,upi,checkout_abandoned,3,2077,2,11,11,1.0,0
PAY_09684,CUST_0058,149.44,card,insufficient_funds,4,760,2,13,9,0.692,0
PAY_09685,CUST_0641,832.82,card,card_declined,21,804,1,10,6,0.6,0
PAY_09686,CUST_1821,1242.88,card,card_declined,12,1400,2,9,5,0.556,0
PAY_09687,CUST_0820,716.39,upi,checkout_abandoned,19,1218,0,7,3,0.429,0
PAY_09688,CUST_0519,3130.87,card,checkout_abandoned,14,356,0,1,1,1.0,1
PAY_09689,CUST_0806,939.63,card,card_declined,1,549,0,10,5,0.5,1
PAY_09690,CUST_1771,1817.95,card,card_declined,23,1772,1,4,4,1.0,0
PAY_09691,CUST_0112,12020.07,upi,insufficient_funds,21,190,2,1,0,0.0,1
PAY_09692,CUST_0231,1977.35,wallet,card_declined,11,370,2,5,5,1.0,0
PAY_09693,CUST_2201,1641.11,upi,checkout_abandoned,6,1556,0,5,1,0.2,0
PAY_09694,CUST_2030,1671.04,upi,card_declined,6,2065,0,5,3,0.6,1
PAY_09695,CUST_2324,3074.06,netbanking,network_timeout,19,1842,2,4,4,1.0,1
PAY_09696,CUST_1564,2783.91,card,insufficient_funds,4,1565,1,14,8,0.571,0
PAY_09697,CUST_2412,806.5,upi,network_timeout,14,606,0,13,9,0.692,0
PAY_09698,CUST_0948,1295.46,card,insufficient_funds,22,1663,1,0,0,0.75,0
PAY_09699,CUST_0694,1055.4,card,card_declined,12,819,1,7,7,1.0,0
PAY_09700,CUST_2058,1435.73,upi,card_declined,13,709,1,4,4,1.0,1
PAY_09701,CUST_2452,7760.78,card,card_declined,10,604,2,12,9,0.75,0
PAY_09702,CUST_1738,2949.82,upi,card_declined,6,673,2,7,3,0.429,0
PAY_09703,CUST_2473,1688.73,upi,checkout_abandoned,6,1370,2,9,4,0.444,0
PAY_09704,CUST_2087,4871.55,card,insufficient_funds,10,1759,0,1,1,1.0,0
PAY_09705,CUST_0576,2092.93,card,insufficient_funds,11,1432,1,10,9,0.9,0
PAY_09706,CUST_1775,485.46,upi,card_declined,0,1802,1,7,4,0.571,0
PAY_09707,CUST_0774,6813.86,upi,checkout_abandoned,20,580,1,13,11,0.846,0
PAY_09708,CUST_0125,1588.31,netbanking,checkout_abandoned,0,1265,2,1,0,0.0,0
PAY_09709,CUST_0894,296.11,card,checkout_abandoned,5,1470,1,4,4,1.0,1
PAY_09710,CUST_1422,500.62,netbanking,network_timeout,8,831,1,12,5,0.417,1
PAY_09711,CUST_0271,4436.81,card,checkout_abandoned,22,1706,2,3,3,1.0,1
PAY_09712,CUST_1359,507.16,card,insufficient_funds,16,1208,2,4,4,1.0,0
PAY_09713,CUST_0987,5297.14,upi,checkout_abandoned,3,583,1,4,2,0.5,1
PAY_09714,CUST_2055,1920.58,card,checkout_abandoned,17,1520,2,7,4,0.571,0
PAY_09715,CUST_2435,3186.43,card,card_declined,11,117,0,0,0,0.75,0
PAY_09716,CUST_0448,1465.71,card,network_timeout,0,1703,0,9,8,0.889,1
PAY_09717,CUST_2041,2735.95,netbanking,insufficient_funds,9,420,0,12,7,0.583,1
PAY_09718,CUST_0564,2318.78,wallet,card_declined,16,973,0,4,1,0.25,0
PAY_09719,CUST_1089,1745.36,wallet,checkout_abandoned,11,1623,2,2,1,0.5,0
PAY_09720,CUST_0239,767.54,card,card_declined,18,1715,0,5,5,1.0,0
PAY_09721,CUST_1280,2397.94,upi,checkout_abandoned,23,771,2,9,3,0.333,0
PAY_09722,CUST_1129,420.7,netbanking,checkout_abandoned,5,1388,0,7,7,1.0,1
PAY_09723,CUST_1101,3792.36,card,network_timeout,13,184,0,9,7,0.778,0
PAY_09724,CUST_0013,2107.25,card,insufficient_funds,3,1822,1,12,9,0.75,0
PAY_09725,CUST_1136,2609.46,card,network_timeout,9,528,0,14,8,0.571,1
PAY_09726,CUST_1549,221.85,upi,checkout_abandoned,16,1732,0,6,4,0.667,1
PAY_09727,CUST_0135,731.4,upi,card_declined,11,1099,2,11,10,0.909,1
PAY_09728,CUST_0380,1201.02,card,insufficient_funds,13,890,1,7,5,0.714,1
PAY_09729,CUST_0766,3085.55,card,network_timeout,11,730,1,2,2,1.0,1
PAY_09730,CUST_0379,846.65,upi,checkout_abandoned,9,1661,2,8,5,0.625,0
PAY_09731,CUST_2000,13821.01,upi,insufficient_funds,17,653,2,14,9,0.643,0
PAY_09732,CUST_0248,1458.1,card,insufficient_funds,13,1306,0,6,6,1.0,0
PAY_09733,CUST_0778,798.51,card,checkout_abandoned,6,47,1,8,3,0.375,0
PAY_09734,CUST_1144,1550.08,wallet,card_declined,19,1433,1,10,8,0.8,1
PAY_09735,CUST_0001,841.16,upi,card_declined,17,278,0,12,11,0.917,1
PAY_09736,CUST_0539,697.9,upi,network_timeout,2,492,0,0,0,0.75,1
PAY_09737,CUST_0099,4041.32,upi,card_declined,15,1565,2,0,0,0.75,1
PAY_09738,CUST_0090,2713.88,wallet,card_declined,12,1671,2,7,6,0.857,0
PAY_09739,CUST_1337,2720.19,card,network_timeout,15,230,2,1,1,1.0,1
PAY_09740,CUST_0553,4998.76,card,checkout_abandoned,6,250,0,13,10,0.769,1
PAY_09741,CUST_0987,2656.8,card,network_timeout,1,259,1,10,10,1.0,1
PAY_09742,CUST_1815,766.33,netbanking,insufficient_funds,6,421,0,9,5,0.556,1
PAY_09743,CUST_2402,3173.08,card,network_timeout,12,543,0,8,7,0.875,1
PAY_09744,CUST_0014,730.88,card,network_timeout,18,757,2,7,5,0.714,0
PAY_09745,CUST_1751,1227.96,card,checkout_abandoned,7,1122,0,0,0,0.75,0
PAY_09746,CUST_0631,1735.36,upi,checkout_abandoned,15,1644,2,11,7,0.636,0
PAY_09747,CUST_0442,1600.06,upi,checkout_abandoned,16,178,0,7,4,0.571,1
PAY_09748,CUST_0568,429.49,card,checkout_abandoned,21,897,1,5,5,1.0,0
PAY_09749,CUST_0200,830.03,card,checkout_abandoned,18,76,1,6,5,0.833,1
PAY_09750,CUST_0648,1767.88,netbanking,card_declined,8,1335,2,7,7,1.0,0
PAY_09751,CUST_2447,1104.33,card,checkout_abandoned,10,1950,2,14,11,0.786,0
PAY_09752,CUST_0552,4431.74,upi,checkout_abandoned,12,1981,1,2,0,0.0,0
PAY_09753,CUST_0736,5082.36,card,insufficient_funds,7,149,2,2,1,0.5,0
PAY_09754,CUST_0883,734.53,wallet,card_declined,3,1538,0,1,0,0.0,0
PAY_09755,CUST_1587,1888.14,card,network_timeout,13,1716,2,9,4,0.444,0
PAY_09756,CUST_1920,6385.06,upi,insufficient_funds,20,1796,1,0,0,0.75,0
PAY_09757,CUST_1269,1616.74,card,checkout_abandoned,11,104,2,11,3,0.273,0
PAY_09758,CUST_1595,1299.79,card,network_timeout,14,288,2,10,5,0.5,1
PAY_09759,CUST_0934,3582.15,upi,card_declined,15,805,1,10,9,0.9,0
PAY_09760,CUST_0822,1445.46,upi,card_declined,21,132,2,7,7,1.0,0
PAY_09761,CUST_0772,4975.29,netbanking,checkout_abandoned,13,743,2,6,3,0.5,0
PAY_09762,CUST_1791,1118.5,upi,card_declined,15,523,1,14,11,0.786,0
PAY_09763,CUST_0223,1231.36,upi,checkout_abandoned,21,1854,0,12,11,0.917,1
PAY_09764,CUST_0834,3386.89,netbanking,insufficient_funds,3,1938,1,2,1,0.5,0
PAY_09765,CUST_1192,1950.77,card,network_timeout,3,627,0,3,3,1.0,0
PAY_09766,CUST_1184,1963.07,netbanking,network_timeout,13,1576,2,3,2,0.667,1
PAY_09767,CUST_1754,390.75,card,insufficient_funds,20,49,1,7,6,0.857,0
PAY_09768,CUST_1501,1356.7,card,checkout_abandoned,22,823,2,9,4,0.444,0
PAY_09769,CUST_0137,3593.1,netbanking,checkout_abandoned,9,1970,1,3,1,0.333,0
PAY_09770,CUST_1393,961.58,card,card_declined,4,1967,0,0,0,0.75,0
PAY_09771,CUST_1552,3152.9,card,insufficient_funds,16,833,2,5,2,0.4,0
PAY_09772,CUST_0943,2230.39,card,checkout_abandoned,7,1415,1,7,7,1.0,0
PAY_09773,CUST_0004,1534.21,upi,checkout_abandoned,4,110,2,10,3,0.3,0
PAY_09774,CUST_0660,5333.41,upi,network_timeout,15,1728,0,1,1,1.0,0
PAY_09775,CUST_0010,1371.51,card,checkout_abandoned,19,527,1,10,9,0.9,1
PAY_09776,CUST_1640,1450.15,card,card_declined,13,190,1,2,0,0.0,0
PAY_09777,CUST_1003,1520.25,card,card_declined,8,1157,2,4,2,0.5,0
PAY_09778,CUST_0992,1919.77,card,checkout_abandoned,4,1796,2,7,4,0.571,0
PAY_09779,CUST_1640,3324.61,card,checkout_abandoned,22,1349,2,1,1,1.0,1
PAY_09780,CUST_1451,554.18,card,checkout_abandoned,3,1058,0,8,7,0.875,0
PAY_09781,CUST_1964,3604.64,netbanking,card_declined,15,586,1,0,0,0.75,0
PAY_09782,CUST_1032,1900.78,upi,network_timeout,3,183,1,3,3,1.0,1
PAY_09783,CUST_1734,2803.91,card,checkout_abandoned,11,71,0,8,7,0.875,1
PAY_09784,CUST_1980,12197.94,card,card_declined,12,84,0,4,2,0.5,0
PAY_09785,CUST_0672,1195.37,card,network_timeout,19,742,2,6,6,1.0,0
PAY_09786,CUST_2349,675.74,card,network_timeout,21,1223,0,4,4,1.0,1
PAY_09787,CUST_1733,2101.87,card,card_declined,21,18,1,7,7,1.0,0
PAY_09788,CUST_2360,2385.77,wallet,insufficient_funds,12,1268,2,2,2,1.0,0
PAY_09789,CUST_0270,3614.94,upi,card_declined,12,1579,2,2,1,0.5,0
PAY_09790,CUST_0091,1170.1,upi,checkout_abandoned,9,392,1,14,5,0.357,0
PAY_09791,CUST_1056,926.54,card,card_declined,5,955,2,4,3,0.75,0
PAY_09792,CUST_1185,528.04,upi,card_declined,5,663,2,10,10,1.0,1
PAY_09793,CUST_2492,602.78,wallet,card_declined,3,1686,0,0,0,0.75,0
PAY_09794,CUST_0911,1290.48,card,card_declined,21,852,2,1,0,0.0,0
PAY_09795,CUST_1720,1639.71,netbanking,card_declined,17,1707,2,11,10,0.909,0
PAY_09796,CUST_0227,9392.34,card,network_timeout,23,24,2,5,2,0.4,0
PAY_09797,CUST_2093,464.74,upi,card_declined,7,1951,1,4,2,0.5,1
PAY_09798,CUST_2097,2353.98,card,insufficient_funds,17,2095,0,2,2,1.0,0
PAY_09799,CUST_1156,1007.06,upi,card_declined,0,1475,0,3,3,1.0,1
PAY_09800,CUST_1670,2151.32,card,insufficient_funds,12,1792,1,3,3,1.0,0
PAY_09801,CUST_1505,1156.27,upi,card_declined,9,1549,0,11,9,0.818,1
PAY_09802,CUST_1424,4120.99,upi,network_timeout,21,541,1,14,13,0.929,0
PAY_09803,CUST_2390,4100.62,upi,checkout_abandoned,10,312,1,0,0,0.75,0
PAY_09804,CUST_2301,1644.29,upi,checkout_abandoned,12,1824,2,2,2,1.0,0
PAY_09805,CUST_0533,5692.08,card,card_declined,20,1,1,9,6,0.667,1
PAY_09806,CUST_1608,3306.45,upi,checkout_abandoned,8,1316,1,13,7,0.538,0
PAY_09807,CUST_1574,5483.99,card,checkout_abandoned,21,52,1,4,3,0.75,0
PAY_09808,CUST_2301,1738.94,upi,card_declined,4,387,0,12,7,0.583,0
PAY_09809,CUST_0483,3854.44,card,insufficient_funds,20,705,2,0,0,0.75,0
PAY_09810,CUST_1676,973.53,upi,checkout_abandoned,3,1706,1,11,7,0.636,1
PAY_09811,CUST_1403,897.68,card,insufficient_funds,13,212,0,14,5,0.357,1
PAY_09812,CUST_0196,10294.89,wallet,insufficient_funds,10,208,2,7,7,1.0,0
PAY_09813,CUST_0430,755.1,upi,network_timeout,2,515,0,8,6,0.75,0
PAY_09814,CUST_0045,1269.85,card,card_declined,9,916,0,3,3,1.0,0
PAY_09815,CUST_0712,394.31,upi,checkout_abandoned,2,645,0,11,9,0.818,0
PAY_09816,CUST_2190,914.93,card,card_declined,4,1629,1,12,6,0.5,0
PAY_09817,CUST_0618,812.53,card,card_declined,17,1050,2,12,9,0.75,0
PAY_09818,CUST_1339,1052.91,card,card_declined,12,1938,2,12,7,0.583,0
PAY_09819,CUST_1131,2288.04,netbanking,insufficient_funds,16,1914,0,1,0,0.0,0
PAY_09820,CUST_0829,2774.9,wallet,checkout_abandoned,17,620,0,7,7,1.0,1
PAY_09821,CUST_0835,804.4,wallet,checkout_abandoned,16,1607,2,7,2,0.286,0
PAY_09822,CUST_1502,957.01,card,checkout_abandoned,14,1303,1,0,0,0.75,1
PAY_09823,CUST_1904,4282.75,card,network_timeout,12,1380,1,12,6,0.5,0
PAY_09824,CUST_1093,7042.91,netbanking,insufficient_funds,18,1819,2,2,2,1.0,0
PAY_09825,CUST_0036,4916.12,card,insufficient_funds,21,406,0,6,0,0.0,0
PAY_09826,CUST_0739,482.26,upi,card_declined,19,1869,0,0,0,0.75,1
PAY_09827,CUST_0592,4661.38,wallet,checkout_abandoned,10,1233,1,11,7,0.636,0
PAY_09828,CUST_0877,7930.67,card,network_timeout,3,8,0,2,2,1.0,1
PAY_09829,CUST_1763,463.49,card,network_timeout,7,861,0,7,6,0.857,1
PAY_09830,CUST_1560,4279.97,netbanking,network_timeout,23,205,1,7,5,0.714,0
PAY_09831,CUST_2371,2155.36,upi,checkout_abandoned,16,714,0,1,1,1.0,1
PAY_09832,CUST_1597,1385.52,wallet,card_declined,3,409,1,12,10,0.833,1
PAY_09833,CUST_0741,1959.59,upi,checkout_abandoned,8,1415,1,0,0,0.75,0
PAY_09834,CUST_2333,2566.12,card,checkout_abandoned,17,28,2,9,9,1.0,1
PAY_09835,CUST_2482,4544.21,netbanking,checkout_abandoned,22,186,2,2,0,0.0,0
PAY_09836,CUST_1991,4360.55,netbanking,card_declined,13,1931,1,9,5,0.556,0
PAY_09837,CUST_0251,539.15,wallet,card_declined,21,875,0,3,2,0.667,0
PAY_09838,CUST_1869,1071.27,upi,network_timeout,12,144,1,11,4,0.364,1
PAY_09839,CUST_1414,1939.91,upi,checkout_abandoned,19,1691,1,8,7,0.875,0
PAY_09840,CUST_1983,6331.65,card,checkout_abandoned,21,1976,1,9,8,0.889,0
PAY_09841,CUST_1221,203.07,card,network_timeout,14,700,1,14,13,0.929,0
PAY_09842,CUST_0043,1104.2,wallet,card_declined,18,661,0,6,6,1.0,1
PAY_09843,CUST_2447,530.19,wallet,card_declined,4,1223,0,11,11,1.0,1
PAY_09844,CUST_2452,601.87,upi,network_timeout,1,161,1,12,5,0.417,0
PAY_09845,CUST_1710,3960.52,wallet,card_declined,11,2139,0,4,4,1.0,0
PAY_09846,CUST_2394,1176.19,card,network_timeout,15,816,0,4,4,1.0,1
PAY_09847,CUST_0576,278.27,netbanking,checkout_abandoned,7,549,1,10,10,1.0,0
PAY_09848,CUST_0580,1585.72,upi,insufficient_funds,11,1573,2,13,7,0.538,0
PAY_09849,CUST_1686,9174.93,upi,insufficient_funds,10,846,0,0,0,0.75,0
PAY_09850,CUST_2104,424.19,upi,card_declined,9,292,0,1,0,0.0,0
PAY_09851,CUST_0080,2756.98,upi,insufficient_funds,18,1018,1,2,2,1.0,0
PAY_09852,CUST_0949,6308.83,netbanking,checkout_abandoned,0,2060,0,9,3,0.333,0
PAY_09853,CUST_1582,1730.22,card,insufficient_funds,4,1065,2,6,3,0.5,0
PAY_09854,CUST_1791,8416.44,netbanking,card_declined,21,382,2,7,3,0.429,0
PAY_09855,CUST_0925,1061.77,card,card_declined,21,478,0,4,3,0.75,1
PAY_09856,CUST_0662,5723.26,card,card_declined,7,1941,0,6,4,0.667,1
PAY_09857,CUST_1076,4738.57,upi,checkout_abandoned,11,1661,1,11,8,0.727,1
PAY_09858,CUST_2354,1753.76,netbanking,network_timeout,23,31,1,6,2,0.333,1
PAY_09859,CUST_1563,547.73,wallet,network_timeout,10,468,2,5,5,1.0,1
PAY_09860,CUST_2241,807.67,card,network_timeout,19,1590,2,0,0,0.75,1
PAY_09861,CUST_0820,275.94,card,card_declined,2,648,1,5,4,0.8,1
PAY_09862,CUST_2041,2895.35,upi,network_timeout,19,1050,2,11,6,0.545,0
PAY_09863,CUST_1034,2630.64,netbanking,card_declined,12,1893,0,2,2,1.0,0
PAY_09864,CUST_0147,1917.77,wallet,checkout_abandoned,14,1658,0,5,3,0.6,0
PAY_09865,CUST_2353,1631.69,netbanking,card_declined,7,1453,2,4,3,0.75,0
PAY_09866,CUST_0173,5332.71,upi,insufficient_funds,19,1419,0,7,3,0.429,0
PAY_09867,CUST_0924,2284.22,netbanking,card_declined,7,533,0,12,10,0.833,0
PAY_09868,CUST_1321,1154.97,card,checkout_abandoned,6,422,1,12,7,0.583,0
PAY_09869,CUST_2175,2025.0,wallet,card_declined,9,1767,1,5,3,0.6,1
PAY_09870,CUST_2199,9260.8,upi,checkout_abandoned,14,107,1,8,6,0.75,1
PAY_09871,CUST_0813,2960.98,card,card_declined,0,1400,0,12,12,1.0,0
PAY_09872,CUST_0550,1317.65,upi,checkout_abandoned,14,873,0,12,8,0.667,1
PAY_09873,CUST_1253,1737.09,netbanking,checkout_abandoned,6,59,2,9,3,0.333,0
PAY_09874,CUST_0326,2607.75,card,card_declined,10,1251,0,2,1,0.5,0
PAY_09875,CUST_0378,1285.2,card,card_declined,5,286,0,5,5,1.0,1
PAY_09876,CUST_1146,1197.4,upi,insufficient_funds,13,1835,2,4,4,1.0,0
PAY_09877,CUST_1020,1783.77,wallet,checkout_abandoned,1,537,1,10,0,0.0,0
PAY_09878,CUST_2335,6068.18,upi,checkout_abandoned,18,510,1,3,3,1.0,1
PAY_09879,CUST_0801,3389.11,card,card_declined,5,1463,2,0,0,0.75,0
PAY_09880,CUST_2363,1297.14,upi,insufficient_funds,4,651,2,13,7,0.538,0
PAY_09881,CUST_1926,3607.44,card,card_declined,0,792,2,1,1,1.0,0
PAY_09882,CUST_2328,1812.39,card,card_declined,23,734,0,11,4,0.364,0
PAY_09883,CUST_0164,2371.35,card,network_timeout,17,1093,0,14,11,0.786,1
PAY_09884,CUST_1274,2204.91,upi,insufficient_funds,11,1564,1,12,8,0.667,1
PAY_09885,CUST_1066,332.73,card,card_declined,7,1682,2,7,7,1.0,0
PAY_09886,CUST_2344,157.21,card,checkout_abandoned,16,272,1,8,5,0.625,1
PAY_09887,CUST_2469,2157.79,card,checkout_abandoned,11,1013,2,10,10,1.0,0
PAY_09888,CUST_2455,909.83,upi,checkout_abandoned,21,1127,0,3,3,1.0,1
PAY_09889,CUST_1776,484.99,card,card_declined,17,2055,1,6,5,0.833,0
PAY_09890,CUST_2275,932.56,card,checkout_abandoned,23,1275,1,5,2,0.4,0
PAY_09891,CUST_1497,3771.61,upi,network_timeout,20,1790,1,4,4,1.0,0
PAY_09892,CUST_1094,2396.59,netbanking,network_timeout,14,1127,0,8,8,1.0,1
PAY_09893,CUST_2180,3337.41,netbanking,card_declined,0,1112,1,6,6,1.0,0
PAY_09894,CUST_0627,2586.39,upi,checkout_abandoned,23,1176,2,0,0,0.75,0
PAY_09895,CUST_0278,863.05,upi,network_timeout,5,211,1,1,1,1.0,1
PAY_09896,CUST_1880,3350.21,netbanking,checkout_abandoned,13,937,2,9,7,0.778,1
PAY_09897,CUST_1767,2875.94,upi,checkout_abandoned,18,2046,2,8,7,0.875,1
PAY_09898,CUST_0657,1638.53,upi,checkout_abandoned,6,2130,0,12,6,0.5,0
PAY_09899,CUST_0526,1886.76,card,checkout_abandoned,18,375,0,1,0,0.0,0
PAY_09900,CUST_0884,3393.15,card,checkout_abandoned,13,973,1,4,2,0.5,0
PAY_09901,CUST_2008,988.3,card,card_declined,22,1761,1,5,1,0.2,0
PAY_09902,CUST_1343,4297.76,card,card_declined,2,1807,2,10,3,0.3,0
PAY_09903,CUST_1704,2828.83,wallet,checkout_abandoned,6,1386,0,6,4,0.667,1
PAY_09904,CUST_2155,1803.25,card,network_timeout,17,1197,1,7,6,0.857,1
PAY_09905,CUST_0114,6127.43,upi,network_timeout,21,1893,0,13,9,0.692,0
PAY_09906,CUST_1201,639.11,wallet,checkout_abandoned,5,1320,1,0,0,0.75,0
PAY_09907,CUST_1971,1245.63,upi,network_timeout,17,1713,1,13,8,0.615,1
PAY_09908,CUST_0197,1042.88,card,checkout_abandoned,9,1755,2,4,2,0.5,0
PAY_09909,CUST_1271,2397.1,wallet,insufficient_funds,20,578,2,0,0,0.75,0
PAY_09910,CUST_1450,4635.38,card,checkout_abandoned,9,2120,0,7,6,0.857,0
PAY_09911,CUST_1483,819.85,card,card_declined,22,804,2,3,0,0.0,0
PAY_09912,CUST_0195,25334.96,card,network_timeout,5,306,2,10,8,0.8,0
PAY_09913,CUST_0412,1059.27,card,checkout_abandoned,23,516,0,11,9,0.818,1
PAY_09914,CUST_0594,2402.08,netbanking,insufficient_funds,17,1255,0,6,6,1.0,1
PAY_09915,CUST_1146,1803.87,card,insufficient_funds,5,1983,2,11,7,0.636,0
PAY_09916,CUST_0278,1867.71,netbanking,insufficient_funds,7,394,2,2,1,0.5,0
PAY_09917,CUST_1989,954.91,card,network_timeout,1,1461,0,5,3,0.6,0
PAY_09918,CUST_1450,4228.4,wallet,insufficient_funds,22,104,1,0,0,0.75,0
PAY_09919,CUST_2144,909.05,card,card_declined,3,1095,2,9,8,0.889,1
PAY_09920,CUST_0616,437.2,wallet,checkout_abandoned,0,1940,0,10,10,1.0,0
PAY_09921,CUST_1942,733.59,card,card_declined,14,1402,1,11,9,0.818,0
PAY_09922,CUST_1539,5720.4,netbanking,network_timeout,10,2146,2,5,1,0.2,0
PAY_09923,CUST_1903,4894.75,netbanking,network_timeout,16,2063,0,12,10,0.833,0
PAY_09924,CUST_1655,361.32,upi,card_declined,11,1491,1,9,4,0.444,0
PAY_09925,CUST_0318,3451.37,card,card_declined,5,40,1,8,5,0.625,1
PAY_09926,CUST_1189,368.7,upi,checkout_abandoned,14,876,0,3,1,0.333,0
PAY_09927,CUST_0625,1761.22,upi,checkout_abandoned,20,255,1,12,10,0.833,1
PAY_09928,CUST_0005,684.95,upi,card_declined,2,1633,2,11,7,0.636,0
PAY_09929,CUST_0090,3670.81,upi,checkout_abandoned,6,357,0,13,11,0.846,1
PAY_09930,CUST_0077,2805.31,wallet,network_timeout,20,2132,1,5,4,0.8,0
PAY_09931,CUST_0556,3941.06,wallet,card_declined,22,1362,1,8,8,1.0,0
PAY_09932,CUST_1205,1421.33,upi,checkout_abandoned,5,1975,0,0,0,0.75,0
PAY_09933,CUST_1771,1544.54,card,network_timeout,19,1747,0,8,5,0.625,1
PAY_09934,CUST_0526,542.48,card,card_declined,9,1863,1,7,5,0.714,0
PAY_09935,CUST_1423,789.31,upi,checkout_abandoned,17,103,1,12,9,0.75,0
PAY_09936,CUST_1206,3844.38,wallet,insufficient_funds,13,1111,2,10,7,0.7,0
PAY_09937,CUST_1642,2414.76,card,insufficient_funds,9,1947,2,14,9,0.643,0
PAY_09938,CUST_1442,1956.69,card,insufficient_funds,0,466,0,13,8,0.615,0
PAY_09939,CUST_0368,4940.55,card,checkout_abandoned,8,796,2,2,1,0.5,0
PAY_09940,CUST_1166,636.15,card,checkout_abandoned,14,289,2,14,13,0.929,0
PAY_09941,CUST_1256,3202.41,wallet,checkout_abandoned,18,1108,1,0,0,0.75,0
PAY_09942,CUST_1345,700.8,upi,card_declined,4,155,1,6,3,0.5,1
PAY_09943,CUST_1019,5871.36,card,checkout_abandoned,4,198,0,13,11,0.846,1
PAY_09944,CUST_2416,2782.55,card,network_timeout,18,737,0,9,2,0.222,1
PAY_09945,CUST_2203,3893.81,card,insufficient_funds,5,1712,0,14,11,0.786,0
PAY_09946,CUST_1581,1026.82,upi,card_declined,6,87,2,8,7,0.875,0
PAY_09947,CUST_0049,10313.62,upi,checkout_abandoned,9,1809,1,10,9,0.9,1
PAY_09948,CUST_0492,8905.18,card,card_declined,14,1460,1,8,5,0.625,0
PAY_09949,CUST_0596,2539.81,card,network_timeout,7,2051,1,13,11,0.846,1
PAY_09950,CUST_0406,4608.93,wallet,network_timeout,11,1782,2,1,0,0.0,0
PAY_09951,CUST_0657,1413.79,netbanking,card_declined,23,1618,2,5,2,0.4,0
PAY_09952,CUST_2378,652.46,upi,checkout_abandoned,21,1721,1,10,7,0.7,0
PAY_09953,CUST_1463,3402.19,upi,checkout_abandoned,11,1545,1,7,3,0.429,0
PAY_09954,CUST_2452,862.72,wallet,network_timeout,8,184,0,14,11,0.786,1
PAY_09955,CUST_1142,5134.4,upi,checkout_abandoned,9,1405,1,8,6,0.75,0
PAY_09956,CUST_1146,4162.32,wallet,network_timeout,12,432,0,1,1,1.0,1
PAY_09957,CUST_1552,2172.69,card,checkout_abandoned,9,370,2,9,8,0.889,0
PAY_09958,CUST_2154,2077.62,card,card_declined,12,2091,1,4,4,1.0,0
PAY_09959,CUST_0013,3971.79,card,insufficient_funds,13,1954,0,7,2,0.286,0
PAY_09960,CUST_1594,2242.16,netbanking,insufficient_funds,2,2154,1,1,0,0.0,0
PAY_09961,CUST_1993,1302.41,upi,network_timeout,14,20,1,13,12,0.923,1
PAY_09962,CUST_0111,535.89,card,network_timeout,13,2099,2,6,3,0.5,0
PAY_09963,CUST_0816,3876.4,wallet,card_declined,22,9,0,12,6,0.5,0
PAY_09964,CUST_1933,2413.16,wallet,checkout_abandoned,11,1994,2,7,3,0.429,0
PAY_09965,CUST_0974,16318.75,card,card_declined,10,284,0,14,6,0.429,0
PAY_09966,CUST_0924,1667.05,upi,card_declined,4,314,2,5,5,1.0,0
PAY_09967,CUST_0254,2291.98,upi,insufficient_funds,3,94,1,1,0,0.0,0
PAY_09968,CUST_1444,2335.41,card,network_timeout,14,1705,1,7,6,0.857,1
PAY_09969,CUST_1651,3029.48,upi,card_declined,9,1734,2,0,0,0.75,0
PAY_09970,CUST_2226,830.51,card,network_timeout,12,459,0,12,9,0.75,1
PAY_09971,CUST_1107,1692.17,wallet,checkout_abandoned,6,1732,2,13,11,0.846,0
PAY_09972,CUST_1317,3490.04,netbanking,card_declined,3,556,2,3,1,0.333,0
PAY_09973,CUST_1294,1379.3,wallet,checkout_abandoned,23,1872,0,0,0,0.75,1
PAY_09974,CUST_1465,3386.98,netbanking,insufficient_funds,15,1061,0,11,2,0.182,1
PAY_09975,CUST_0264,1944.8,card,network_timeout,13,1236,2,10,7,0.7,0
PAY_09976,CUST_2020,2482.54,card,card_declined,11,1734,0,11,3,0.273,0
PAY_09977,CUST_0173,4520.83,upi,checkout_abandoned,0,1025,1,8,2,0.25,0
PAY_09978,CUST_2016,1500.66,card,checkout_abandoned,21,957,0,8,2,0.25,0
PAY_09979,CUST_1498,563.44,upi,card_declined,14,1257,2,4,1,0.25,0
PAY_09980,CUST_1573,1454.58,card,card_declined,12,487,2,4,2,0.5,0
PAY_09981,CUST_1083,929.92,card,insufficient_funds,23,981,2,9,9,1.0,0
PAY_09982,CUST_0095,328.64,upi,card_declined,5,1964,2,14,6,0.429,0
PAY_09983,CUST_0289,1652.75,upi,checkout_abandoned,4,1385,1,4,3,0.75,0
PAY_09984,CUST_2186,2110.68,upi,network_timeout,17,618,0,5,2,0.4,1
PAY_09985,CUST_0954,4073.06,upi,network_timeout,21,1986,2,8,4,0.5,0
PAY_09986,CUST_1561,723.49,card,checkout_abandoned,10,1669,2,0,0,0.75,0
PAY_09987,CUST_1001,1932.1,netbanking,checkout_abandoned,3,2105,0,9,4,0.444,0
PAY_09988,CUST_1363,4438.25,upi,checkout_abandoned,20,1653,2,2,2,1.0,1
PAY_09989,CUST_1124,1136.63,upi,insufficient_funds,3,38,0,10,4,0.4,0
PAY_09990,CUST_2122,2764.24,card,insufficient_funds,10,196,1,13,10,0.769,0
PAY_09991,CUST_2383,6462.14,upi,insufficient_funds,9,4,0,13,13,1.0,0
PAY_09992,CUST_0942,405.7,card,insufficient_funds,5,962,0,2,0,0.0,1
PAY_09993,CUST_1617,2238.73,upi,insufficient_funds,22,994,0,8,8,1.0,1
PAY_09994,CUST_0247,4563.54,card,card_declined,11,285,0,6,3,0.5,1
PAY_09995,CUST_2478,1359.64,netbanking,insufficient_funds,14,211,1,7,1,0.143,0
PAY_09996,CUST_0642,5458.61,netbanking,insufficient_funds,2,1563,0,10,10,1.0,0
PAY_09997,CUST_0115,2989.67,upi,insufficient_funds,19,1547,1,14,8,0.571,0
PAY_09998,CUST_2282,7413.28,netbanking,card_declined,9,1603,1,8,7,0.875,1
PAY_09999,CUST_0250,2868.41,upi,insufficient_funds,2,1319,1,8,7,0.875,1
PAY_10000,CUST_1976,7923.38,card,network_timeout,13,652,1,9,2,0.222,1
